[2025-11-17 13:25:23] local.ERROR: Please provide a valid cache path. {"exception":"[object] (InvalidArgumentException(code: 0): Please provide a valid cache path. at C:\\Users\\Marin\\Downloads\\saau-final-corrigido\\saau-final\\vendor\\laravel\\framework\\src\\Illuminate\\View\\Compilers\\Compiler.php:67)
[stacktrace]
#0 C:\\Users\\Marin\\Downloads\\saau-final-corrigido\\saau-final\\vendor\\laravel\\framework\\src\\Illuminate\\View\\ViewServiceProvider.php(97): Illuminate\\View\\Compilers\\Compiler->__construct(Object(Illuminate\\Filesystem\\Filesystem), false, '', true, 'php')
#1 C:\\Users\\Marin\\Downloads\\saau-final-corrigido\\saau-final\\vendor\\laravel\\framework\\src\\Illuminate\\Container\\Container.php(908): Illuminate\\View\\ViewServiceProvider->Illuminate\\View\\{closure}(Object(Illuminate\\Foundation\\Application), Array)
#2 C:\\Users\\Marin\\Downloads\\saau-final-corrigido\\saau-final\\vendor\\laravel\\framework\\src\\Illuminate\\Container\\Container.php(795): Illuminate\\Container\\Container->build(Object(Closure))
#3 C:\\Users\\Marin\\Downloads\\saau-final-corrigido\\saau-final\\vendor\\laravel\\framework\\src\\Illuminate\\Foundation\\Application.php(986): Illuminate\\Container\\Container->resolve('blade.compiler', Array, true)
#4 C:\\Users\\Marin\\Downloads\\saau-final-corrigido\\saau-final\\vendor\\laravel\\framework\\src\\Illuminate\\Container\\Container.php(731): Illuminate\\Foundation\\Application->resolve('blade.compiler', Array)
#5 C:\\Users\\Marin\\Downloads\\saau-final-corrigido\\saau-final\\vendor\\laravel\\framework\\src\\Illuminate\\Foundation\\Application.php(971): Illuminate\\Container\\Container->make('blade.compiler', Array)
#6 C:\\Users\\Marin\\Downloads\\saau-final-corrigido\\saau-final\\vendor\\laravel\\framework\\src\\Illuminate\\View\\ViewServiceProvider.php(168): Illuminate\\Foundation\\Application->make('blade.compiler')
#7 [internal function]: Illuminate\\View\\ViewServiceProvider->Illuminate\\View\\{closure}()
#8 C:\\Users\\Marin\\Downloads\\saau-final-corrigido\\saau-final\\vendor\\laravel\\framework\\src\\Illuminate\\View\\Engines\\EngineResolver.php(55): call_user_func(Object(Closure))
#9 C:\\Users\\Marin\\Downloads\\saau-final-corrigido\\saau-final\\vendor\\laravel\\framework\\src\\Illuminate\\View\\Factory.php(310): Illuminate\\View\\Engines\\EngineResolver->resolve('blade')
#10 C:\\Users\\Marin\\Downloads\\saau-final-corrigido\\saau-final\\vendor\\laravel\\framework\\src\\Illuminate\\View\\Factory.php(274): Illuminate\\View\\Factory->getEngineFromPath('C:\\\\Users\\\\Marin\\\\...')
#11 C:\\Users\\Marin\\Downloads\\saau-final-corrigido\\saau-final\\vendor\\laravel\\framework\\src\\Illuminate\\View\\Factory.php(146): Illuminate\\View\\Factory->viewInstance('public.home', 'C:\\\\Users\\\\Marin\\\\...', Array)
#12 C:\\Users\\Marin\\Downloads\\saau-final-corrigido\\saau-final\\vendor\\laravel\\framework\\src\\Illuminate\\Foundation\\helpers.php(1020): Illuminate\\View\\Factory->make('public.home', Array, Array)
#13 C:\\Users\\Marin\\Downloads\\saau-final-corrigido\\saau-final\\app\\Http\\Controllers\\PublicController.php(27): view('public.home', Array)
#14 C:\\Users\\Marin\\Downloads\\saau-final-corrigido\\saau-final\\vendor\\laravel\\framework\\src\\Illuminate\\Routing\\Controller.php(54): App\\Http\\Controllers\\PublicController->home()
#15 C:\\Users\\Marin\\Downloads\\saau-final-corrigido\\saau-final\\vendor\\laravel\\framework\\src\\Illuminate\\Routing\\ControllerDispatcher.php(43): Illuminate\\Routing\\Controller->callAction('home', Array)
#16 C:\\Users\\Marin\\Downloads\\saau-final-corrigido\\saau-final\\vendor\\laravel\\framework\\src\\Illuminate\\Routing\\Route.php(259): Illuminate\\Routing\\ControllerDispatcher->dispatch(Object(Illuminate\\Routing\\Route), Object(App\\Http\\Controllers\\PublicController), 'home')
#17 C:\\Users\\Marin\\Downloads\\saau-final-corrigido\\saau-final\\vendor\\laravel\\framework\\src\\Illuminate\\Routing\\Route.php(205): Illuminate\\Routing\\Route->runController()
#18 C:\\Users\\Marin\\Downloads\\saau-final-corrigido\\saau-final\\vendor\\laravel\\framework\\src\\Illuminate\\Routing\\Router.php(806): Illuminate\\Routing\\Route->run()
#19 C:\\Users\\Marin\\Downloads\\saau-final-corrigido\\saau-final\\vendor\\laravel\\framework\\src\\Illuminate\\Pipeline\\Pipeline.php(144): Illuminate\\Routing\\Router->Illuminate\\Routing\\{closure}(Object(Illuminate\\Http\\Request))
#20 C:\\Users\\Marin\\Downloads\\saau-final-corrigido\\saau-final\\vendor\\laravel\\framework\\src\\Illuminate\\Routing\\Middleware\\SubstituteBindings.php(50): Illuminate\\Pipeline\\Pipeline->Illuminate\\Pipeline\\{closure}(Object(Illuminate\\Http\\Request))
#21 C:\\Users\\Marin\\Downloads\\saau-final-corrigido\\saau-final\\vendor\\laravel\\framework\\src\\Illuminate\\Pipeline\\Pipeline.php(183): Illuminate\\Routing\\Middleware\\SubstituteBindings->handle(Object(Illuminate\\Http\\Request), Object(Closure))
#22 C:\\Users\\Marin\\Downloads\\saau-final-corrigido\\saau-final\\vendor\\laravel\\framework\\src\\Illuminate\\Foundation\\Http\\Middleware\\VerifyCsrfToken.php(78): Illuminate\\Pipeline\\Pipeline->Illuminate\\Pipeline\\{closure}(Object(Illuminate\\Http\\Request))
#23 C:\\Users\\Marin\\Downloads\\saau-final-corrigido\\saau-final\\vendor\\laravel\\framework\\src\\Illuminate\\Pipeline\\Pipeline.php(183): Illuminate\\Foundation\\Http\\Middleware\\VerifyCsrfToken->handle(Object(Illuminate\\Http\\Request), Object(Closure))
#24 C:\\Users\\Marin\\Downloads\\saau-final-corrigido\\saau-final\\vendor\\laravel\\framework\\src\\Illuminate\\View\\Middleware\\ShareErrorsFromSession.php(49): Illuminate\\Pipeline\\Pipeline->Illuminate\\Pipeline\\{closure}(Object(Illuminate\\Http\\Request))
#25 C:\\Users\\Marin\\Downloads\\saau-final-corrigido\\saau-final\\vendor\\laravel\\framework\\src\\Illuminate\\Pipeline\\Pipeline.php(183): Illuminate\\View\\Middleware\\ShareErrorsFromSession->handle(Object(Illuminate\\Http\\Request), Object(Closure))
#26 C:\\Users\\Marin\\Downloads\\saau-final-corrigido\\saau-final\\vendor\\laravel\\framework\\src\\Illuminate\\Session\\Middleware\\StartSession.php(121): Illuminate\\Pipeline\\Pipeline->Illuminate\\Pipeline\\{closure}(Object(Illuminate\\Http\\Request))
#27 C:\\Users\\Marin\\Downloads\\saau-final-corrigido\\saau-final\\vendor\\laravel\\framework\\src\\Illuminate\\Session\\Middleware\\StartSession.php(64): Illuminate\\Session\\Middleware\\StartSession->handleStatefulRequest(Object(Illuminate\\Http\\Request), Object(Illuminate\\Session\\Store), Object(Closure))
#28 C:\\Users\\Marin\\Downloads\\saau-final-corrigido\\saau-final\\vendor\\laravel\\framework\\src\\Illuminate\\Pipeline\\Pipeline.php(183): Illuminate\\Session\\Middleware\\StartSession->handle(Object(Illuminate\\Http\\Request), Object(Closure))
#29 C:\\Users\\Marin\\Downloads\\saau-final-corrigido\\saau-final\\vendor\\laravel\\framework\\src\\Illuminate\\Cookie\\Middleware\\AddQueuedCookiesToResponse.php(37): Illuminate\\Pipeline\\Pipeline->Illuminate\\Pipeline\\{closure}(Object(Illuminate\\Http\\Request))
#30 C:\\Users\\Marin\\Downloads\\saau-final-corrigido\\saau-final\\vendor\\laravel\\framework\\src\\Illuminate\\Pipeline\\Pipeline.php(183): Illuminate\\Cookie\\Middleware\\AddQueuedCookiesToResponse->handle(Object(Illuminate\\Http\\Request), Object(Closure))
#31 C:\\Users\\Marin\\Downloads\\saau-final-corrigido\\saau-final\\vendor\\laravel\\framework\\src\\Illuminate\\Cookie\\Middleware\\EncryptCookies.php(67): Illuminate\\Pipeline\\Pipeline->Illuminate\\Pipeline\\{closure}(Object(Illuminate\\Http\\Request))
#32 C:\\Users\\Marin\\Downloads\\saau-final-corrigido\\saau-final\\vendor\\laravel\\framework\\src\\Illuminate\\Pipeline\\Pipeline.php(183): Illuminate\\Cookie\\Middleware\\EncryptCookies->handle(Object(Illuminate\\Http\\Request), Object(Closure))
#33 C:\\Users\\Marin\\Downloads\\saau-final-corrigido\\saau-final\\vendor\\laravel\\framework\\src\\Illuminate\\Pipeline\\Pipeline.php(119): Illuminate\\Pipeline\\Pipeline->Illuminate\\Pipeline\\{closure}(Object(Illuminate\\Http\\Request))
#34 C:\\Users\\Marin\\Downloads\\saau-final-corrigido\\saau-final\\vendor\\laravel\\framework\\src\\Illuminate\\Routing\\Router.php(805): Illuminate\\Pipeline\\Pipeline->then(Object(Closure))
#35 C:\\Users\\Marin\\Downloads\\saau-final-corrigido\\saau-final\\vendor\\laravel\\framework\\src\\Illuminate\\Routing\\Router.php(784): Illuminate\\Routing\\Router->runRouteWithinStack(Object(Illuminate\\Routing\\Route), Object(Illuminate\\Http\\Request))
#36 C:\\Users\\Marin\\Downloads\\saau-final-corrigido\\saau-final\\vendor\\laravel\\framework\\src\\Illuminate\\Routing\\Router.php(748): Illuminate\\Routing\\Router->runRoute(Object(Illuminate\\Http\\Request), Object(Illuminate\\Routing\\Route))
#37 C:\\Users\\Marin\\Downloads\\saau-final-corrigido\\saau-final\\vendor\\laravel\\framework\\src\\Illuminate\\Routing\\Router.php(737): Illuminate\\Routing\\Router->dispatchToRoute(Object(Illuminate\\Http\\Request))
#38 C:\\Users\\Marin\\Downloads\\saau-final-corrigido\\saau-final\\vendor\\laravel\\framework\\src\\Illuminate\\Foundation\\Http\\Kernel.php(200): Illuminate\\Routing\\Router->dispatch(Object(Illuminate\\Http\\Request))
#39 C:\\Users\\Marin\\Downloads\\saau-final-corrigido\\saau-final\\vendor\\laravel\\framework\\src\\Illuminate\\Pipeline\\Pipeline.php(144): Illuminate\\Foundation\\Http\\Kernel->Illuminate\\Foundation\\Http\\{closure}(Object(Illuminate\\Http\\Request))
#40 C:\\Users\\Marin\\Downloads\\saau-final-corrigido\\saau-final\\vendor\\laravel\\framework\\src\\Illuminate\\Foundation\\Http\\Middleware\\TransformsRequest.php(21): Illuminate\\Pipeline\\Pipeline->Illuminate\\Pipeline\\{closure}(Object(Illuminate\\Http\\Request))
#41 C:\\Users\\Marin\\Downloads\\saau-final-corrigido\\saau-final\\vendor\\laravel\\framework\\src\\Illuminate\\Foundation\\Http\\Middleware\\ConvertEmptyStringsToNull.php(31): Illuminate\\Foundation\\Http\\Middleware\\TransformsRequest->handle(Object(Illuminate\\Http\\Request), Object(Closure))
#42 C:\\Users\\Marin\\Downloads\\saau-final-corrigido\\saau-final\\vendor\\laravel\\framework\\src\\Illuminate\\Pipeline\\Pipeline.php(183): Illuminate\\Foundation\\Http\\Middleware\\ConvertEmptyStringsToNull->handle(Object(Illuminate\\Http\\Request), Object(Closure))
#43 C:\\Users\\Marin\\Downloads\\saau-final-corrigido\\saau-final\\vendor\\laravel\\framework\\src\\Illuminate\\Foundation\\Http\\Middleware\\TransformsRequest.php(21): Illuminate\\Pipeline\\Pipeline->Illuminate\\Pipeline\\{closure}(Object(Illuminate\\Http\\Request))
#44 C:\\Users\\Marin\\Downloads\\saau-final-corrigido\\saau-final\\vendor\\laravel\\framework\\src\\Illuminate\\Foundation\\Http\\Middleware\\TrimStrings.php(40): Illuminate\\Foundation\\Http\\Middleware\\TransformsRequest->handle(Object(Illuminate\\Http\\Request), Object(Closure))
#45 C:\\Users\\Marin\\Downloads\\saau-final-corrigido\\saau-final\\vendor\\laravel\\framework\\src\\Illuminate\\Pipeline\\Pipeline.php(183): Illuminate\\Foundation\\Http\\Middleware\\TrimStrings->handle(Object(Illuminate\\Http\\Request), Object(Closure))
#46 C:\\Users\\Marin\\Downloads\\saau-final-corrigido\\saau-final\\vendor\\laravel\\framework\\src\\Illuminate\\Foundation\\Http\\Middleware\\ValidatePostSize.php(27): Illuminate\\Pipeline\\Pipeline->Illuminate\\Pipeline\\{closure}(Object(Illuminate\\Http\\Request))
#47 C:\\Users\\Marin\\Downloads\\saau-final-corrigido\\saau-final\\vendor\\laravel\\framework\\src\\Illuminate\\Pipeline\\Pipeline.php(183): Illuminate\\Foundation\\Http\\Middleware\\ValidatePostSize->handle(Object(Illuminate\\Http\\Request), Object(Closure))
#48 C:\\Users\\Marin\\Downloads\\saau-final-corrigido\\saau-final\\vendor\\laravel\\framework\\src\\Illuminate\\Foundation\\Http\\Middleware\\PreventRequestsDuringMaintenance.php(99): Illuminate\\Pipeline\\Pipeline->Illuminate\\Pipeline\\{closure}(Object(Illuminate\\Http\\Request))
#49 C:\\Users\\Marin\\Downloads\\saau-final-corrigido\\saau-final\\vendor\\laravel\\framework\\src\\Illuminate\\Pipeline\\Pipeline.php(183): Illuminate\\Foundation\\Http\\Middleware\\PreventRequestsDuringMaintenance->handle(Object(Illuminate\\Http\\Request), Object(Closure))
#50 C:\\Users\\Marin\\Downloads\\saau-final-corrigido\\saau-final\\vendor\\laravel\\framework\\src\\Illuminate\\Http\\Middleware\\HandleCors.php(49): Illuminate\\Pipeline\\Pipeline->Illuminate\\Pipeline\\{closure}(Object(Illuminate\\Http\\Request))
#51 C:\\Users\\Marin\\Downloads\\saau-final-corrigido\\saau-final\\vendor\\laravel\\framework\\src\\Illuminate\\Pipeline\\Pipeline.php(183): Illuminate\\Http\\Middleware\\HandleCors->handle(Object(Illuminate\\Http\\Request), Object(Closure))
#52 C:\\Users\\Marin\\Downloads\\saau-final-corrigido\\saau-final\\vendor\\laravel\\framework\\src\\Illuminate\\Http\\Middleware\\TrustProxies.php(39): Illuminate\\Pipeline\\Pipeline->Illuminate\\Pipeline\\{closure}(Object(Illuminate\\Http\\Request))
#53 C:\\Users\\Marin\\Downloads\\saau-final-corrigido\\saau-final\\vendor\\laravel\\framework\\src\\Illuminate\\Pipeline\\Pipeline.php(183): Illuminate\\Http\\Middleware\\TrustProxies->handle(Object(Illuminate\\Http\\Request), Object(Closure))
#54 C:\\Users\\Marin\\Downloads\\saau-final-corrigido\\saau-final\\vendor\\laravel\\framework\\src\\Illuminate\\Pipeline\\Pipeline.php(119): Illuminate\\Pipeline\\Pipeline->Illuminate\\Pipeline\\{closure}(Object(Illuminate\\Http\\Request))
#55 C:\\Users\\Marin\\Downloads\\saau-final-corrigido\\saau-final\\vendor\\laravel\\framework\\src\\Illuminate\\Foundation\\Http\\Kernel.php(175): Illuminate\\Pipeline\\Pipeline->then(Object(Closure))
#56 C:\\Users\\Marin\\Downloads\\saau-final-corrigido\\saau-final\\vendor\\laravel\\framework\\src\\Illuminate\\Foundation\\Http\\Kernel.php(144): Illuminate\\Foundation\\Http\\Kernel->sendRequestThroughRouter(Object(Illuminate\\Http\\Request))
#57 C:\\Users\\Marin\\Downloads\\saau-final-corrigido\\saau-final\\public\\index.php(51): Illuminate\\Foundation\\Http\\Kernel->handle(Object(Illuminate\\Http\\Request))
#58 C:\\Users\\Marin\\Downloads\\saau-final-corrigido\\saau-final\\vendor\\laravel\\framework\\src\\Illuminate\\Foundation\\resources\\server.php(16): require_once('C:\\\\Users\\\\Marin\\\\...')
#59 {main}
"} 
[2025-11-17 13:25:23] local.ERROR: file_put_contents(C:\Users\Marin\Downloads\saau-final-corrigido\saau-final\storage\framework/sessions/KBrAOW6s5To0KdahhO6aelDbIMWnDPQyF3RJClPx): Failed to open stream: No such file or directory {"exception":"[object] (ErrorException(code: 0): file_put_contents(C:\\Users\\Marin\\Downloads\\saau-final-corrigido\\saau-final\\storage\\framework/sessions/KBrAOW6s5To0KdahhO6aelDbIMWnDPQyF3RJClPx): Failed to open stream: No such file or directory at C:\\Users\\Marin\\Downloads\\saau-final-corrigido\\saau-final\\vendor\\laravel\\framework\\src\\Illuminate\\Filesystem\\Filesystem.php:204)
[stacktrace]
#0 C:\\Users\\Marin\\Downloads\\saau-final-corrigido\\saau-final\\vendor\\laravel\\framework\\src\\Illuminate\\Foundation\\Bootstrap\\HandleExceptions.php(255): Illuminate\\Foundation\\Bootstrap\\HandleExceptions->handleError(2, 'file_put_conten...', 'C:\\\\Users\\\\Marin\\\\...', 204)
#1 [internal function]: Illuminate\\Foundation\\Bootstrap\\HandleExceptions->Illuminate\\Foundation\\Bootstrap\\{closure}(2, 'file_put_conten...', 'C:\\\\Users\\\\Marin\\\\...', 204)
#2 C:\\Users\\Marin\\Downloads\\saau-final-corrigido\\saau-final\\vendor\\laravel\\framework\\src\\Illuminate\\Filesystem\\Filesystem.php(204): file_put_contents('C:\\\\Users\\\\Marin\\\\...', 'a:3:{s:6:\"_toke...', 2)
#3 C:\\Users\\Marin\\Downloads\\saau-final-corrigido\\saau-final\\vendor\\laravel\\framework\\src\\Illuminate\\Session\\FileSessionHandler.php(90): Illuminate\\Filesystem\\Filesystem->put('C:\\\\Users\\\\Marin\\\\...', 'a:3:{s:6:\"_toke...', true)
#4 C:\\Users\\Marin\\Downloads\\saau-final-corrigido\\saau-final\\vendor\\laravel\\framework\\src\\Illuminate\\Session\\Store.php(172): Illuminate\\Session\\FileSessionHandler->write('KBrAOW6s5To0Kda...', 'a:3:{s:6:\"_toke...')
#5 C:\\Users\\Marin\\Downloads\\saau-final-corrigido\\saau-final\\vendor\\laravel\\framework\\src\\Illuminate\\Session\\Middleware\\StartSession.php(245): Illuminate\\Session\\Store->save()
#6 C:\\Users\\Marin\\Downloads\\saau-final-corrigido\\saau-final\\vendor\\laravel\\framework\\src\\Illuminate\\Session\\Middleware\\StartSession.php(130): Illuminate\\Session\\Middleware\\StartSession->saveSession(Object(Illuminate\\Http\\Request))
#7 C:\\Users\\Marin\\Downloads\\saau-final-corrigido\\saau-final\\vendor\\laravel\\framework\\src\\Illuminate\\Session\\Middleware\\StartSession.php(64): Illuminate\\Session\\Middleware\\StartSession->handleStatefulRequest(Object(Illuminate\\Http\\Request), Object(Illuminate\\Session\\Store), Object(Closure))
#8 C:\\Users\\Marin\\Downloads\\saau-final-corrigido\\saau-final\\vendor\\laravel\\framework\\src\\Illuminate\\Pipeline\\Pipeline.php(183): Illuminate\\Session\\Middleware\\StartSession->handle(Object(Illuminate\\Http\\Request), Object(Closure))
#9 C:\\Users\\Marin\\Downloads\\saau-final-corrigido\\saau-final\\vendor\\laravel\\framework\\src\\Illuminate\\Cookie\\Middleware\\AddQueuedCookiesToResponse.php(37): Illuminate\\Pipeline\\Pipeline->Illuminate\\Pipeline\\{closure}(Object(Illuminate\\Http\\Request))
#10 C:\\Users\\Marin\\Downloads\\saau-final-corrigido\\saau-final\\vendor\\laravel\\framework\\src\\Illuminate\\Pipeline\\Pipeline.php(183): Illuminate\\Cookie\\Middleware\\AddQueuedCookiesToResponse->handle(Object(Illuminate\\Http\\Request), Object(Closure))
#11 C:\\Users\\Marin\\Downloads\\saau-final-corrigido\\saau-final\\vendor\\laravel\\framework\\src\\Illuminate\\Cookie\\Middleware\\EncryptCookies.php(67): Illuminate\\Pipeline\\Pipeline->Illuminate\\Pipeline\\{closure}(Object(Illuminate\\Http\\Request))
#12 C:\\Users\\Marin\\Downloads\\saau-final-corrigido\\saau-final\\vendor\\laravel\\framework\\src\\Illuminate\\Pipeline\\Pipeline.php(183): Illuminate\\Cookie\\Middleware\\EncryptCookies->handle(Object(Illuminate\\Http\\Request), Object(Closure))
#13 C:\\Users\\Marin\\Downloads\\saau-final-corrigido\\saau-final\\vendor\\laravel\\framework\\src\\Illuminate\\Pipeline\\Pipeline.php(119): Illuminate\\Pipeline\\Pipeline->Illuminate\\Pipeline\\{closure}(Object(Illuminate\\Http\\Request))
#14 C:\\Users\\Marin\\Downloads\\saau-final-corrigido\\saau-final\\vendor\\laravel\\framework\\src\\Illuminate\\Routing\\Router.php(805): Illuminate\\Pipeline\\Pipeline->then(Object(Closure))
#15 C:\\Users\\Marin\\Downloads\\saau-final-corrigido\\saau-final\\vendor\\laravel\\framework\\src\\Illuminate\\Routing\\Router.php(784): Illuminate\\Routing\\Router->runRouteWithinStack(Object(Illuminate\\Routing\\Route), Object(Illuminate\\Http\\Request))
#16 C:\\Users\\Marin\\Downloads\\saau-final-corrigido\\saau-final\\vendor\\laravel\\framework\\src\\Illuminate\\Routing\\Router.php(748): Illuminate\\Routing\\Router->runRoute(Object(Illuminate\\Http\\Request), Object(Illuminate\\Routing\\Route))
#17 C:\\Users\\Marin\\Downloads\\saau-final-corrigido\\saau-final\\vendor\\laravel\\framework\\src\\Illuminate\\Routing\\Router.php(737): Illuminate\\Routing\\Router->dispatchToRoute(Object(Illuminate\\Http\\Request))
#18 C:\\Users\\Marin\\Downloads\\saau-final-corrigido\\saau-final\\vendor\\laravel\\framework\\src\\Illuminate\\Foundation\\Http\\Kernel.php(200): Illuminate\\Routing\\Router->dispatch(Object(Illuminate\\Http\\Request))
#19 C:\\Users\\Marin\\Downloads\\saau-final-corrigido\\saau-final\\vendor\\laravel\\framework\\src\\Illuminate\\Pipeline\\Pipeline.php(144): Illuminate\\Foundation\\Http\\Kernel->Illuminate\\Foundation\\Http\\{closure}(Object(Illuminate\\Http\\Request))
#20 C:\\Users\\Marin\\Downloads\\saau-final-corrigido\\saau-final\\vendor\\laravel\\framework\\src\\Illuminate\\Foundation\\Http\\Middleware\\TransformsRequest.php(21): Illuminate\\Pipeline\\Pipeline->Illuminate\\Pipeline\\{closure}(Object(Illuminate\\Http\\Request))
#21 C:\\Users\\Marin\\Downloads\\saau-final-corrigido\\saau-final\\vendor\\laravel\\framework\\src\\Illuminate\\Foundation\\Http\\Middleware\\ConvertEmptyStringsToNull.php(31): Illuminate\\Foundation\\Http\\Middleware\\TransformsRequest->handle(Object(Illuminate\\Http\\Request), Object(Closure))
#22 C:\\Users\\Marin\\Downloads\\saau-final-corrigido\\saau-final\\vendor\\laravel\\framework\\src\\Illuminate\\Pipeline\\Pipeline.php(183): Illuminate\\Foundation\\Http\\Middleware\\ConvertEmptyStringsToNull->handle(Object(Illuminate\\Http\\Request), Object(Closure))
#23 C:\\Users\\Marin\\Downloads\\saau-final-corrigido\\saau-final\\vendor\\laravel\\framework\\src\\Illuminate\\Foundation\\Http\\Middleware\\TransformsRequest.php(21): Illuminate\\Pipeline\\Pipeline->Illuminate\\Pipeline\\{closure}(Object(Illuminate\\Http\\Request))
#24 C:\\Users\\Marin\\Downloads\\saau-final-corrigido\\saau-final\\vendor\\laravel\\framework\\src\\Illuminate\\Foundation\\Http\\Middleware\\TrimStrings.php(40): Illuminate\\Foundation\\Http\\Middleware\\TransformsRequest->handle(Object(Illuminate\\Http\\Request), Object(Closure))
#25 C:\\Users\\Marin\\Downloads\\saau-final-corrigido\\saau-final\\vendor\\laravel\\framework\\src\\Illuminate\\Pipeline\\Pipeline.php(183): Illuminate\\Foundation\\Http\\Middleware\\TrimStrings->handle(Object(Illuminate\\Http\\Request), Object(Closure))
#26 C:\\Users\\Marin\\Downloads\\saau-final-corrigido\\saau-final\\vendor\\laravel\\framework\\src\\Illuminate\\Foundation\\Http\\Middleware\\ValidatePostSize.php(27): Illuminate\\Pipeline\\Pipeline->Illuminate\\Pipeline\\{closure}(Object(Illuminate\\Http\\Request))
#27 C:\\Users\\Marin\\Downloads\\saau-final-corrigido\\saau-final\\vendor\\laravel\\framework\\src\\Illuminate\\Pipeline\\Pipeline.php(183): Illuminate\\Foundation\\Http\\Middleware\\ValidatePostSize->handle(Object(Illuminate\\Http\\Request), Object(Closure))
#28 C:\\Users\\Marin\\Downloads\\saau-final-corrigido\\saau-final\\vendor\\laravel\\framework\\src\\Illuminate\\Foundation\\Http\\Middleware\\PreventRequestsDuringMaintenance.php(99): Illuminate\\Pipeline\\Pipeline->Illuminate\\Pipeline\\{closure}(Object(Illuminate\\Http\\Request))
#29 C:\\Users\\Marin\\Downloads\\saau-final-corrigido\\saau-final\\vendor\\laravel\\framework\\src\\Illuminate\\Pipeline\\Pipeline.php(183): Illuminate\\Foundation\\Http\\Middleware\\PreventRequestsDuringMaintenance->handle(Object(Illuminate\\Http\\Request), Object(Closure))
#30 C:\\Users\\Marin\\Downloads\\saau-final-corrigido\\saau-final\\vendor\\laravel\\framework\\src\\Illuminate\\Http\\Middleware\\HandleCors.php(49): Illuminate\\Pipeline\\Pipeline->Illuminate\\Pipeline\\{closure}(Object(Illuminate\\Http\\Request))
#31 C:\\Users\\Marin\\Downloads\\saau-final-corrigido\\saau-final\\vendor\\laravel\\framework\\src\\Illuminate\\Pipeline\\Pipeline.php(183): Illuminate\\Http\\Middleware\\HandleCors->handle(Object(Illuminate\\Http\\Request), Object(Closure))
#32 C:\\Users\\Marin\\Downloads\\saau-final-corrigido\\saau-final\\vendor\\laravel\\framework\\src\\Illuminate\\Http\\Middleware\\TrustProxies.php(39): Illuminate\\Pipeline\\Pipeline->Illuminate\\Pipeline\\{closure}(Object(Illuminate\\Http\\Request))
#33 C:\\Users\\Marin\\Downloads\\saau-final-corrigido\\saau-final\\vendor\\laravel\\framework\\src\\Illuminate\\Pipeline\\Pipeline.php(183): Illuminate\\Http\\Middleware\\TrustProxies->handle(Object(Illuminate\\Http\\Request), Object(Closure))
#34 C:\\Users\\Marin\\Downloads\\saau-final-corrigido\\saau-final\\vendor\\laravel\\framework\\src\\Illuminate\\Pipeline\\Pipeline.php(119): Illuminate\\Pipeline\\Pipeline->Illuminate\\Pipeline\\{closure}(Object(Illuminate\\Http\\Request))
#35 C:\\Users\\Marin\\Downloads\\saau-final-corrigido\\saau-final\\vendor\\laravel\\framework\\src\\Illuminate\\Foundation\\Http\\Kernel.php(175): Illuminate\\Pipeline\\Pipeline->then(Object(Closure))
#36 C:\\Users\\Marin\\Downloads\\saau-final-corrigido\\saau-final\\vendor\\laravel\\framework\\src\\Illuminate\\Foundation\\Http\\Kernel.php(144): Illuminate\\Foundation\\Http\\Kernel->sendRequestThroughRouter(Object(Illuminate\\Http\\Request))
#37 C:\\Users\\Marin\\Downloads\\saau-final-corrigido\\saau-final\\public\\index.php(51): Illuminate\\Foundation\\Http\\Kernel->handle(Object(Illuminate\\Http\\Request))
#38 C:\\Users\\Marin\\Downloads\\saau-final-corrigido\\saau-final\\vendor\\laravel\\framework\\src\\Illuminate\\Foundation\\resources\\server.php(16): require_once('C:\\\\Users\\\\Marin\\\\...')
#39 {main}
"} 
[2025-11-17 13:25:25] local.ERROR: Please provide a valid cache path. {"exception":"[object] (InvalidArgumentException(code: 0): Please provide a valid cache path. at C:\\Users\\Marin\\Downloads\\saau-final-corrigido\\saau-final\\vendor\\laravel\\framework\\src\\Illuminate\\View\\Compilers\\Compiler.php:67)
[stacktrace]
#0 C:\\Users\\Marin\\Downloads\\saau-final-corrigido\\saau-final\\vendor\\laravel\\framework\\src\\Illuminate\\View\\ViewServiceProvider.php(97): Illuminate\\View\\Compilers\\Compiler->__construct(Object(Illuminate\\Filesystem\\Filesystem), false, '', true, 'php')
#1 C:\\Users\\Marin\\Downloads\\saau-final-corrigido\\saau-final\\vendor\\laravel\\framework\\src\\Illuminate\\Container\\Container.php(908): Illuminate\\View\\ViewServiceProvider->Illuminate\\View\\{closure}(Object(Illuminate\\Foundation\\Application), Array)
#2 C:\\Users\\Marin\\Downloads\\saau-final-corrigido\\saau-final\\vendor\\laravel\\framework\\src\\Illuminate\\Container\\Container.php(795): Illuminate\\Container\\Container->build(Object(Closure))
#3 C:\\Users\\Marin\\Downloads\\saau-final-corrigido\\saau-final\\vendor\\laravel\\framework\\src\\Illuminate\\Foundation\\Application.php(986): Illuminate\\Container\\Container->resolve('blade.compiler', Array, true)
#4 C:\\Users\\Marin\\Downloads\\saau-final-corrigido\\saau-final\\vendor\\laravel\\framework\\src\\Illuminate\\Container\\Container.php(731): Illuminate\\Foundation\\Application->resolve('blade.compiler', Array)
#5 C:\\Users\\Marin\\Downloads\\saau-final-corrigido\\saau-final\\vendor\\laravel\\framework\\src\\Illuminate\\Foundation\\Application.php(971): Illuminate\\Container\\Container->make('blade.compiler', Array)
#6 C:\\Users\\Marin\\Downloads\\saau-final-corrigido\\saau-final\\vendor\\laravel\\framework\\src\\Illuminate\\View\\ViewServiceProvider.php(168): Illuminate\\Foundation\\Application->make('blade.compiler')
#7 [internal function]: Illuminate\\View\\ViewServiceProvider->Illuminate\\View\\{closure}()
#8 C:\\Users\\Marin\\Downloads\\saau-final-corrigido\\saau-final\\vendor\\laravel\\framework\\src\\Illuminate\\View\\Engines\\EngineResolver.php(55): call_user_func(Object(Closure))
#9 C:\\Users\\Marin\\Downloads\\saau-final-corrigido\\saau-final\\vendor\\laravel\\framework\\src\\Illuminate\\View\\Factory.php(310): Illuminate\\View\\Engines\\EngineResolver->resolve('blade')
#10 C:\\Users\\Marin\\Downloads\\saau-final-corrigido\\saau-final\\vendor\\laravel\\framework\\src\\Illuminate\\View\\Factory.php(274): Illuminate\\View\\Factory->getEngineFromPath('C:\\\\Users\\\\Marin\\\\...')
#11 C:\\Users\\Marin\\Downloads\\saau-final-corrigido\\saau-final\\vendor\\laravel\\framework\\src\\Illuminate\\View\\Factory.php(146): Illuminate\\View\\Factory->viewInstance('public.home', 'C:\\\\Users\\\\Marin\\\\...', Array)
#12 C:\\Users\\Marin\\Downloads\\saau-final-corrigido\\saau-final\\vendor\\laravel\\framework\\src\\Illuminate\\Foundation\\helpers.php(1020): Illuminate\\View\\Factory->make('public.home', Array, Array)
#13 C:\\Users\\Marin\\Downloads\\saau-final-corrigido\\saau-final\\app\\Http\\Controllers\\PublicController.php(27): view('public.home', Array)
#14 C:\\Users\\Marin\\Downloads\\saau-final-corrigido\\saau-final\\vendor\\laravel\\framework\\src\\Illuminate\\Routing\\Controller.php(54): App\\Http\\Controllers\\PublicController->home()
#15 C:\\Users\\Marin\\Downloads\\saau-final-corrigido\\saau-final\\vendor\\laravel\\framework\\src\\Illuminate\\Routing\\ControllerDispatcher.php(43): Illuminate\\Routing\\Controller->callAction('home', Array)
#16 C:\\Users\\Marin\\Downloads\\saau-final-corrigido\\saau-final\\vendor\\laravel\\framework\\src\\Illuminate\\Routing\\Route.php(259): Illuminate\\Routing\\ControllerDispatcher->dispatch(Object(Illuminate\\Routing\\Route), Object(App\\Http\\Controllers\\PublicController), 'home')
#17 C:\\Users\\Marin\\Downloads\\saau-final-corrigido\\saau-final\\vendor\\laravel\\framework\\src\\Illuminate\\Routing\\Route.php(205): Illuminate\\Routing\\Route->runController()
#18 C:\\Users\\Marin\\Downloads\\saau-final-corrigido\\saau-final\\vendor\\laravel\\framework\\src\\Illuminate\\Routing\\Router.php(806): Illuminate\\Routing\\Route->run()
#19 C:\\Users\\Marin\\Downloads\\saau-final-corrigido\\saau-final\\vendor\\laravel\\framework\\src\\Illuminate\\Pipeline\\Pipeline.php(144): Illuminate\\Routing\\Router->Illuminate\\Routing\\{closure}(Object(Illuminate\\Http\\Request))
#20 C:\\Users\\Marin\\Downloads\\saau-final-corrigido\\saau-final\\vendor\\laravel\\framework\\src\\Illuminate\\Routing\\Middleware\\SubstituteBindings.php(50): Illuminate\\Pipeline\\Pipeline->Illuminate\\Pipeline\\{closure}(Object(Illuminate\\Http\\Request))
#21 C:\\Users\\Marin\\Downloads\\saau-final-corrigido\\saau-final\\vendor\\laravel\\framework\\src\\Illuminate\\Pipeline\\Pipeline.php(183): Illuminate\\Routing\\Middleware\\SubstituteBindings->handle(Object(Illuminate\\Http\\Request), Object(Closure))
#22 C:\\Users\\Marin\\Downloads\\saau-final-corrigido\\saau-final\\vendor\\laravel\\framework\\src\\Illuminate\\Foundation\\Http\\Middleware\\VerifyCsrfToken.php(78): Illuminate\\Pipeline\\Pipeline->Illuminate\\Pipeline\\{closure}(Object(Illuminate\\Http\\Request))
#23 C:\\Users\\Marin\\Downloads\\saau-final-corrigido\\saau-final\\vendor\\laravel\\framework\\src\\Illuminate\\Pipeline\\Pipeline.php(183): Illuminate\\Foundation\\Http\\Middleware\\VerifyCsrfToken->handle(Object(Illuminate\\Http\\Request), Object(Closure))
#24 C:\\Users\\Marin\\Downloads\\saau-final-corrigido\\saau-final\\vendor\\laravel\\framework\\src\\Illuminate\\View\\Middleware\\ShareErrorsFromSession.php(49): Illuminate\\Pipeline\\Pipeline->Illuminate\\Pipeline\\{closure}(Object(Illuminate\\Http\\Request))
#25 C:\\Users\\Marin\\Downloads\\saau-final-corrigido\\saau-final\\vendor\\laravel\\framework\\src\\Illuminate\\Pipeline\\Pipeline.php(183): Illuminate\\View\\Middleware\\ShareErrorsFromSession->handle(Object(Illuminate\\Http\\Request), Object(Closure))
#26 C:\\Users\\Marin\\Downloads\\saau-final-corrigido\\saau-final\\vendor\\laravel\\framework\\src\\Illuminate\\Session\\Middleware\\StartSession.php(121): Illuminate\\Pipeline\\Pipeline->Illuminate\\Pipeline\\{closure}(Object(Illuminate\\Http\\Request))
#27 C:\\Users\\Marin\\Downloads\\saau-final-corrigido\\saau-final\\vendor\\laravel\\framework\\src\\Illuminate\\Session\\Middleware\\StartSession.php(64): Illuminate\\Session\\Middleware\\StartSession->handleStatefulRequest(Object(Illuminate\\Http\\Request), Object(Illuminate\\Session\\Store), Object(Closure))
#28 C:\\Users\\Marin\\Downloads\\saau-final-corrigido\\saau-final\\vendor\\laravel\\framework\\src\\Illuminate\\Pipeline\\Pipeline.php(183): Illuminate\\Session\\Middleware\\StartSession->handle(Object(Illuminate\\Http\\Request), Object(Closure))
#29 C:\\Users\\Marin\\Downloads\\saau-final-corrigido\\saau-final\\vendor\\laravel\\framework\\src\\Illuminate\\Cookie\\Middleware\\AddQueuedCookiesToResponse.php(37): Illuminate\\Pipeline\\Pipeline->Illuminate\\Pipeline\\{closure}(Object(Illuminate\\Http\\Request))
#30 C:\\Users\\Marin\\Downloads\\saau-final-corrigido\\saau-final\\vendor\\laravel\\framework\\src\\Illuminate\\Pipeline\\Pipeline.php(183): Illuminate\\Cookie\\Middleware\\AddQueuedCookiesToResponse->handle(Object(Illuminate\\Http\\Request), Object(Closure))
#31 C:\\Users\\Marin\\Downloads\\saau-final-corrigido\\saau-final\\vendor\\laravel\\framework\\src\\Illuminate\\Cookie\\Middleware\\EncryptCookies.php(67): Illuminate\\Pipeline\\Pipeline->Illuminate\\Pipeline\\{closure}(Object(Illuminate\\Http\\Request))
#32 C:\\Users\\Marin\\Downloads\\saau-final-corrigido\\saau-final\\vendor\\laravel\\framework\\src\\Illuminate\\Pipeline\\Pipeline.php(183): Illuminate\\Cookie\\Middleware\\EncryptCookies->handle(Object(Illuminate\\Http\\Request), Object(Closure))
#33 C:\\Users\\Marin\\Downloads\\saau-final-corrigido\\saau-final\\vendor\\laravel\\framework\\src\\Illuminate\\Pipeline\\Pipeline.php(119): Illuminate\\Pipeline\\Pipeline->Illuminate\\Pipeline\\{closure}(Object(Illuminate\\Http\\Request))
#34 C:\\Users\\Marin\\Downloads\\saau-final-corrigido\\saau-final\\vendor\\laravel\\framework\\src\\Illuminate\\Routing\\Router.php(805): Illuminate\\Pipeline\\Pipeline->then(Object(Closure))
#35 C:\\Users\\Marin\\Downloads\\saau-final-corrigido\\saau-final\\vendor\\laravel\\framework\\src\\Illuminate\\Routing\\Router.php(784): Illuminate\\Routing\\Router->runRouteWithinStack(Object(Illuminate\\Routing\\Route), Object(Illuminate\\Http\\Request))
#36 C:\\Users\\Marin\\Downloads\\saau-final-corrigido\\saau-final\\vendor\\laravel\\framework\\src\\Illuminate\\Routing\\Router.php(748): Illuminate\\Routing\\Router->runRoute(Object(Illuminate\\Http\\Request), Object(Illuminate\\Routing\\Route))
#37 C:\\Users\\Marin\\Downloads\\saau-final-corrigido\\saau-final\\vendor\\laravel\\framework\\src\\Illuminate\\Routing\\Router.php(737): Illuminate\\Routing\\Router->dispatchToRoute(Object(Illuminate\\Http\\Request))
#38 C:\\Users\\Marin\\Downloads\\saau-final-corrigido\\saau-final\\vendor\\laravel\\framework\\src\\Illuminate\\Foundation\\Http\\Kernel.php(200): Illuminate\\Routing\\Router->dispatch(Object(Illuminate\\Http\\Request))
#39 C:\\Users\\Marin\\Downloads\\saau-final-corrigido\\saau-final\\vendor\\laravel\\framework\\src\\Illuminate\\Pipeline\\Pipeline.php(144): Illuminate\\Foundation\\Http\\Kernel->Illuminate\\Foundation\\Http\\{closure}(Object(Illuminate\\Http\\Request))
#40 C:\\Users\\Marin\\Downloads\\saau-final-corrigido\\saau-final\\vendor\\laravel\\framework\\src\\Illuminate\\Foundation\\Http\\Middleware\\TransformsRequest.php(21): Illuminate\\Pipeline\\Pipeline->Illuminate\\Pipeline\\{closure}(Object(Illuminate\\Http\\Request))
#41 C:\\Users\\Marin\\Downloads\\saau-final-corrigido\\saau-final\\vendor\\laravel\\framework\\src\\Illuminate\\Foundation\\Http\\Middleware\\ConvertEmptyStringsToNull.php(31): Illuminate\\Foundation\\Http\\Middleware\\TransformsRequest->handle(Object(Illuminate\\Http\\Request), Object(Closure))
#42 C:\\Users\\Marin\\Downloads\\saau-final-corrigido\\saau-final\\vendor\\laravel\\framework\\src\\Illuminate\\Pipeline\\Pipeline.php(183): Illuminate\\Foundation\\Http\\Middleware\\ConvertEmptyStringsToNull->handle(Object(Illuminate\\Http\\Request), Object(Closure))
#43 C:\\Users\\Marin\\Downloads\\saau-final-corrigido\\saau-final\\vendor\\laravel\\framework\\src\\Illuminate\\Foundation\\Http\\Middleware\\TransformsRequest.php(21): Illuminate\\Pipeline\\Pipeline->Illuminate\\Pipeline\\{closure}(Object(Illuminate\\Http\\Request))
#44 C:\\Users\\Marin\\Downloads\\saau-final-corrigido\\saau-final\\vendor\\laravel\\framework\\src\\Illuminate\\Foundation\\Http\\Middleware\\TrimStrings.php(40): Illuminate\\Foundation\\Http\\Middleware\\TransformsRequest->handle(Object(Illuminate\\Http\\Request), Object(Closure))
#45 C:\\Users\\Marin\\Downloads\\saau-final-corrigido\\saau-final\\vendor\\laravel\\framework\\src\\Illuminate\\Pipeline\\Pipeline.php(183): Illuminate\\Foundation\\Http\\Middleware\\TrimStrings->handle(Object(Illuminate\\Http\\Request), Object(Closure))
#46 C:\\Users\\Marin\\Downloads\\saau-final-corrigido\\saau-final\\vendor\\laravel\\framework\\src\\Illuminate\\Foundation\\Http\\Middleware\\ValidatePostSize.php(27): Illuminate\\Pipeline\\Pipeline->Illuminate\\Pipeline\\{closure}(Object(Illuminate\\Http\\Request))
#47 C:\\Users\\Marin\\Downloads\\saau-final-corrigido\\saau-final\\vendor\\laravel\\framework\\src\\Illuminate\\Pipeline\\Pipeline.php(183): Illuminate\\Foundation\\Http\\Middleware\\ValidatePostSize->handle(Object(Illuminate\\Http\\Request), Object(Closure))
#48 C:\\Users\\Marin\\Downloads\\saau-final-corrigido\\saau-final\\vendor\\laravel\\framework\\src\\Illuminate\\Foundation\\Http\\Middleware\\PreventRequestsDuringMaintenance.php(99): Illuminate\\Pipeline\\Pipeline->Illuminate\\Pipeline\\{closure}(Object(Illuminate\\Http\\Request))
#49 C:\\Users\\Marin\\Downloads\\saau-final-corrigido\\saau-final\\vendor\\laravel\\framework\\src\\Illuminate\\Pipeline\\Pipeline.php(183): Illuminate\\Foundation\\Http\\Middleware\\PreventRequestsDuringMaintenance->handle(Object(Illuminate\\Http\\Request), Object(Closure))
#50 C:\\Users\\Marin\\Downloads\\saau-final-corrigido\\saau-final\\vendor\\laravel\\framework\\src\\Illuminate\\Http\\Middleware\\HandleCors.php(49): Illuminate\\Pipeline\\Pipeline->Illuminate\\Pipeline\\{closure}(Object(Illuminate\\Http\\Request))
#51 C:\\Users\\Marin\\Downloads\\saau-final-corrigido\\saau-final\\vendor\\laravel\\framework\\src\\Illuminate\\Pipeline\\Pipeline.php(183): Illuminate\\Http\\Middleware\\HandleCors->handle(Object(Illuminate\\Http\\Request), Object(Closure))
#52 C:\\Users\\Marin\\Downloads\\saau-final-corrigido\\saau-final\\vendor\\laravel\\framework\\src\\Illuminate\\Http\\Middleware\\TrustProxies.php(39): Illuminate\\Pipeline\\Pipeline->Illuminate\\Pipeline\\{closure}(Object(Illuminate\\Http\\Request))
#53 C:\\Users\\Marin\\Downloads\\saau-final-corrigido\\saau-final\\vendor\\laravel\\framework\\src\\Illuminate\\Pipeline\\Pipeline.php(183): Illuminate\\Http\\Middleware\\TrustProxies->handle(Object(Illuminate\\Http\\Request), Object(Closure))
#54 C:\\Users\\Marin\\Downloads\\saau-final-corrigido\\saau-final\\vendor\\laravel\\framework\\src\\Illuminate\\Pipeline\\Pipeline.php(119): Illuminate\\Pipeline\\Pipeline->Illuminate\\Pipeline\\{closure}(Object(Illuminate\\Http\\Request))
#55 C:\\Users\\Marin\\Downloads\\saau-final-corrigido\\saau-final\\vendor\\laravel\\framework\\src\\Illuminate\\Foundation\\Http\\Kernel.php(175): Illuminate\\Pipeline\\Pipeline->then(Object(Closure))
#56 C:\\Users\\Marin\\Downloads\\saau-final-corrigido\\saau-final\\vendor\\laravel\\framework\\src\\Illuminate\\Foundation\\Http\\Kernel.php(144): Illuminate\\Foundation\\Http\\Kernel->sendRequestThroughRouter(Object(Illuminate\\Http\\Request))
#57 C:\\Users\\Marin\\Downloads\\saau-final-corrigido\\saau-final\\public\\index.php(51): Illuminate\\Foundation\\Http\\Kernel->handle(Object(Illuminate\\Http\\Request))
#58 C:\\Users\\Marin\\Downloads\\saau-final-corrigido\\saau-final\\vendor\\laravel\\framework\\src\\Illuminate\\Foundation\\resources\\server.php(16): require_once('C:\\\\Users\\\\Marin\\\\...')
#59 {main}
"} 
[2025-11-17 13:25:26] local.ERROR: file_put_contents(C:\Users\Marin\Downloads\saau-final-corrigido\saau-final\storage\framework/sessions/LLPtkjNfysJB97xjfLPEihVwF0wshw4wfyoWhKA2): Failed to open stream: No such file or directory {"exception":"[object] (ErrorException(code: 0): file_put_contents(C:\\Users\\Marin\\Downloads\\saau-final-corrigido\\saau-final\\storage\\framework/sessions/LLPtkjNfysJB97xjfLPEihVwF0wshw4wfyoWhKA2): Failed to open stream: No such file or directory at C:\\Users\\Marin\\Downloads\\saau-final-corrigido\\saau-final\\vendor\\laravel\\framework\\src\\Illuminate\\Filesystem\\Filesystem.php:204)
[stacktrace]
#0 C:\\Users\\Marin\\Downloads\\saau-final-corrigido\\saau-final\\vendor\\laravel\\framework\\src\\Illuminate\\Foundation\\Bootstrap\\HandleExceptions.php(255): Illuminate\\Foundation\\Bootstrap\\HandleExceptions->handleError(2, 'file_put_conten...', 'C:\\\\Users\\\\Marin\\\\...', 204)
#1 [internal function]: Illuminate\\Foundation\\Bootstrap\\HandleExceptions->Illuminate\\Foundation\\Bootstrap\\{closure}(2, 'file_put_conten...', 'C:\\\\Users\\\\Marin\\\\...', 204)
#2 C:\\Users\\Marin\\Downloads\\saau-final-corrigido\\saau-final\\vendor\\laravel\\framework\\src\\Illuminate\\Filesystem\\Filesystem.php(204): file_put_contents('C:\\\\Users\\\\Marin\\\\...', 'a:3:{s:6:\"_toke...', 2)
#3 C:\\Users\\Marin\\Downloads\\saau-final-corrigido\\saau-final\\vendor\\laravel\\framework\\src\\Illuminate\\Session\\FileSessionHandler.php(90): Illuminate\\Filesystem\\Filesystem->put('C:\\\\Users\\\\Marin\\\\...', 'a:3:{s:6:\"_toke...', true)
#4 C:\\Users\\Marin\\Downloads\\saau-final-corrigido\\saau-final\\vendor\\laravel\\framework\\src\\Illuminate\\Session\\Store.php(172): Illuminate\\Session\\FileSessionHandler->write('LLPtkjNfysJB97x...', 'a:3:{s:6:\"_toke...')
#5 C:\\Users\\Marin\\Downloads\\saau-final-corrigido\\saau-final\\vendor\\laravel\\framework\\src\\Illuminate\\Session\\Middleware\\StartSession.php(245): Illuminate\\Session\\Store->save()
#6 C:\\Users\\Marin\\Downloads\\saau-final-corrigido\\saau-final\\vendor\\laravel\\framework\\src\\Illuminate\\Session\\Middleware\\StartSession.php(130): Illuminate\\Session\\Middleware\\StartSession->saveSession(Object(Illuminate\\Http\\Request))
#7 C:\\Users\\Marin\\Downloads\\saau-final-corrigido\\saau-final\\vendor\\laravel\\framework\\src\\Illuminate\\Session\\Middleware\\StartSession.php(64): Illuminate\\Session\\Middleware\\StartSession->handleStatefulRequest(Object(Illuminate\\Http\\Request), Object(Illuminate\\Session\\Store), Object(Closure))
#8 C:\\Users\\Marin\\Downloads\\saau-final-corrigido\\saau-final\\vendor\\laravel\\framework\\src\\Illuminate\\Pipeline\\Pipeline.php(183): Illuminate\\Session\\Middleware\\StartSession->handle(Object(Illuminate\\Http\\Request), Object(Closure))
#9 C:\\Users\\Marin\\Downloads\\saau-final-corrigido\\saau-final\\vendor\\laravel\\framework\\src\\Illuminate\\Cookie\\Middleware\\AddQueuedCookiesToResponse.php(37): Illuminate\\Pipeline\\Pipeline->Illuminate\\Pipeline\\{closure}(Object(Illuminate\\Http\\Request))
#10 C:\\Users\\Marin\\Downloads\\saau-final-corrigido\\saau-final\\vendor\\laravel\\framework\\src\\Illuminate\\Pipeline\\Pipeline.php(183): Illuminate\\Cookie\\Middleware\\AddQueuedCookiesToResponse->handle(Object(Illuminate\\Http\\Request), Object(Closure))
#11 C:\\Users\\Marin\\Downloads\\saau-final-corrigido\\saau-final\\vendor\\laravel\\framework\\src\\Illuminate\\Cookie\\Middleware\\EncryptCookies.php(67): Illuminate\\Pipeline\\Pipeline->Illuminate\\Pipeline\\{closure}(Object(Illuminate\\Http\\Request))
#12 C:\\Users\\Marin\\Downloads\\saau-final-corrigido\\saau-final\\vendor\\laravel\\framework\\src\\Illuminate\\Pipeline\\Pipeline.php(183): Illuminate\\Cookie\\Middleware\\EncryptCookies->handle(Object(Illuminate\\Http\\Request), Object(Closure))
#13 C:\\Users\\Marin\\Downloads\\saau-final-corrigido\\saau-final\\vendor\\laravel\\framework\\src\\Illuminate\\Pipeline\\Pipeline.php(119): Illuminate\\Pipeline\\Pipeline->Illuminate\\Pipeline\\{closure}(Object(Illuminate\\Http\\Request))
#14 C:\\Users\\Marin\\Downloads\\saau-final-corrigido\\saau-final\\vendor\\laravel\\framework\\src\\Illuminate\\Routing\\Router.php(805): Illuminate\\Pipeline\\Pipeline->then(Object(Closure))
#15 C:\\Users\\Marin\\Downloads\\saau-final-corrigido\\saau-final\\vendor\\laravel\\framework\\src\\Illuminate\\Routing\\Router.php(784): Illuminate\\Routing\\Router->runRouteWithinStack(Object(Illuminate\\Routing\\Route), Object(Illuminate\\Http\\Request))
#16 C:\\Users\\Marin\\Downloads\\saau-final-corrigido\\saau-final\\vendor\\laravel\\framework\\src\\Illuminate\\Routing\\Router.php(748): Illuminate\\Routing\\Router->runRoute(Object(Illuminate\\Http\\Request), Object(Illuminate\\Routing\\Route))
#17 C:\\Users\\Marin\\Downloads\\saau-final-corrigido\\saau-final\\vendor\\laravel\\framework\\src\\Illuminate\\Routing\\Router.php(737): Illuminate\\Routing\\Router->dispatchToRoute(Object(Illuminate\\Http\\Request))
#18 C:\\Users\\Marin\\Downloads\\saau-final-corrigido\\saau-final\\vendor\\laravel\\framework\\src\\Illuminate\\Foundation\\Http\\Kernel.php(200): Illuminate\\Routing\\Router->dispatch(Object(Illuminate\\Http\\Request))
#19 C:\\Users\\Marin\\Downloads\\saau-final-corrigido\\saau-final\\vendor\\laravel\\framework\\src\\Illuminate\\Pipeline\\Pipeline.php(144): Illuminate\\Foundation\\Http\\Kernel->Illuminate\\Foundation\\Http\\{closure}(Object(Illuminate\\Http\\Request))
#20 C:\\Users\\Marin\\Downloads\\saau-final-corrigido\\saau-final\\vendor\\laravel\\framework\\src\\Illuminate\\Foundation\\Http\\Middleware\\TransformsRequest.php(21): Illuminate\\Pipeline\\Pipeline->Illuminate\\Pipeline\\{closure}(Object(Illuminate\\Http\\Request))
#21 C:\\Users\\Marin\\Downloads\\saau-final-corrigido\\saau-final\\vendor\\laravel\\framework\\src\\Illuminate\\Foundation\\Http\\Middleware\\ConvertEmptyStringsToNull.php(31): Illuminate\\Foundation\\Http\\Middleware\\TransformsRequest->handle(Object(Illuminate\\Http\\Request), Object(Closure))
#22 C:\\Users\\Marin\\Downloads\\saau-final-corrigido\\saau-final\\vendor\\laravel\\framework\\src\\Illuminate\\Pipeline\\Pipeline.php(183): Illuminate\\Foundation\\Http\\Middleware\\ConvertEmptyStringsToNull->handle(Object(Illuminate\\Http\\Request), Object(Closure))
#23 C:\\Users\\Marin\\Downloads\\saau-final-corrigido\\saau-final\\vendor\\laravel\\framework\\src\\Illuminate\\Foundation\\Http\\Middleware\\TransformsRequest.php(21): Illuminate\\Pipeline\\Pipeline->Illuminate\\Pipeline\\{closure}(Object(Illuminate\\Http\\Request))
#24 C:\\Users\\Marin\\Downloads\\saau-final-corrigido\\saau-final\\vendor\\laravel\\framework\\src\\Illuminate\\Foundation\\Http\\Middleware\\TrimStrings.php(40): Illuminate\\Foundation\\Http\\Middleware\\TransformsRequest->handle(Object(Illuminate\\Http\\Request), Object(Closure))
#25 C:\\Users\\Marin\\Downloads\\saau-final-corrigido\\saau-final\\vendor\\laravel\\framework\\src\\Illuminate\\Pipeline\\Pipeline.php(183): Illuminate\\Foundation\\Http\\Middleware\\TrimStrings->handle(Object(Illuminate\\Http\\Request), Object(Closure))
#26 C:\\Users\\Marin\\Downloads\\saau-final-corrigido\\saau-final\\vendor\\laravel\\framework\\src\\Illuminate\\Foundation\\Http\\Middleware\\ValidatePostSize.php(27): Illuminate\\Pipeline\\Pipeline->Illuminate\\Pipeline\\{closure}(Object(Illuminate\\Http\\Request))
#27 C:\\Users\\Marin\\Downloads\\saau-final-corrigido\\saau-final\\vendor\\laravel\\framework\\src\\Illuminate\\Pipeline\\Pipeline.php(183): Illuminate\\Foundation\\Http\\Middleware\\ValidatePostSize->handle(Object(Illuminate\\Http\\Request), Object(Closure))
#28 C:\\Users\\Marin\\Downloads\\saau-final-corrigido\\saau-final\\vendor\\laravel\\framework\\src\\Illuminate\\Foundation\\Http\\Middleware\\PreventRequestsDuringMaintenance.php(99): Illuminate\\Pipeline\\Pipeline->Illuminate\\Pipeline\\{closure}(Object(Illuminate\\Http\\Request))
#29 C:\\Users\\Marin\\Downloads\\saau-final-corrigido\\saau-final\\vendor\\laravel\\framework\\src\\Illuminate\\Pipeline\\Pipeline.php(183): Illuminate\\Foundation\\Http\\Middleware\\PreventRequestsDuringMaintenance->handle(Object(Illuminate\\Http\\Request), Object(Closure))
#30 C:\\Users\\Marin\\Downloads\\saau-final-corrigido\\saau-final\\vendor\\laravel\\framework\\src\\Illuminate\\Http\\Middleware\\HandleCors.php(49): Illuminate\\Pipeline\\Pipeline->Illuminate\\Pipeline\\{closure}(Object(Illuminate\\Http\\Request))
#31 C:\\Users\\Marin\\Downloads\\saau-final-corrigido\\saau-final\\vendor\\laravel\\framework\\src\\Illuminate\\Pipeline\\Pipeline.php(183): Illuminate\\Http\\Middleware\\HandleCors->handle(Object(Illuminate\\Http\\Request), Object(Closure))
#32 C:\\Users\\Marin\\Downloads\\saau-final-corrigido\\saau-final\\vendor\\laravel\\framework\\src\\Illuminate\\Http\\Middleware\\TrustProxies.php(39): Illuminate\\Pipeline\\Pipeline->Illuminate\\Pipeline\\{closure}(Object(Illuminate\\Http\\Request))
#33 C:\\Users\\Marin\\Downloads\\saau-final-corrigido\\saau-final\\vendor\\laravel\\framework\\src\\Illuminate\\Pipeline\\Pipeline.php(183): Illuminate\\Http\\Middleware\\TrustProxies->handle(Object(Illuminate\\Http\\Request), Object(Closure))
#34 C:\\Users\\Marin\\Downloads\\saau-final-corrigido\\saau-final\\vendor\\laravel\\framework\\src\\Illuminate\\Pipeline\\Pipeline.php(119): Illuminate\\Pipeline\\Pipeline->Illuminate\\Pipeline\\{closure}(Object(Illuminate\\Http\\Request))
#35 C:\\Users\\Marin\\Downloads\\saau-final-corrigido\\saau-final\\vendor\\laravel\\framework\\src\\Illuminate\\Foundation\\Http\\Kernel.php(175): Illuminate\\Pipeline\\Pipeline->then(Object(Closure))
#36 C:\\Users\\Marin\\Downloads\\saau-final-corrigido\\saau-final\\vendor\\laravel\\framework\\src\\Illuminate\\Foundation\\Http\\Kernel.php(144): Illuminate\\Foundation\\Http\\Kernel->sendRequestThroughRouter(Object(Illuminate\\Http\\Request))
#37 C:\\Users\\Marin\\Downloads\\saau-final-corrigido\\saau-final\\public\\index.php(51): Illuminate\\Foundation\\Http\\Kernel->handle(Object(Illuminate\\Http\\Request))
#38 C:\\Users\\Marin\\Downloads\\saau-final-corrigido\\saau-final\\vendor\\laravel\\framework\\src\\Illuminate\\Foundation\\resources\\server.php(16): require_once('C:\\\\Users\\\\Marin\\\\...')
#39 {main}
"} 
[2025-11-17 13:25:27] local.ERROR: file_put_contents(C:\Users\Marin\Downloads\saau-final-corrigido\saau-final\storage\framework/sessions/WeHHYtfPfflXZrPFO78SLHro1fyizMnV3dFM7ClJ): Failed to open stream: No such file or directory {"exception":"[object] (ErrorException(code: 0): file_put_contents(C:\\Users\\Marin\\Downloads\\saau-final-corrigido\\saau-final\\storage\\framework/sessions/WeHHYtfPfflXZrPFO78SLHro1fyizMnV3dFM7ClJ): Failed to open stream: No such file or directory at C:\\Users\\Marin\\Downloads\\saau-final-corrigido\\saau-final\\vendor\\laravel\\framework\\src\\Illuminate\\Filesystem\\Filesystem.php:204)
[stacktrace]
#0 C:\\Users\\Marin\\Downloads\\saau-final-corrigido\\saau-final\\vendor\\laravel\\framework\\src\\Illuminate\\Foundation\\Bootstrap\\HandleExceptions.php(255): Illuminate\\Foundation\\Bootstrap\\HandleExceptions->handleError(2, 'file_put_conten...', 'C:\\\\Users\\\\Marin\\\\...', 204)
#1 [internal function]: Illuminate\\Foundation\\Bootstrap\\HandleExceptions->Illuminate\\Foundation\\Bootstrap\\{closure}(2, 'file_put_conten...', 'C:\\\\Users\\\\Marin\\\\...', 204)
#2 C:\\Users\\Marin\\Downloads\\saau-final-corrigido\\saau-final\\vendor\\laravel\\framework\\src\\Illuminate\\Filesystem\\Filesystem.php(204): file_put_contents('C:\\\\Users\\\\Marin\\\\...', 'a:3:{s:6:\"_toke...', 2)
#3 C:\\Users\\Marin\\Downloads\\saau-final-corrigido\\saau-final\\vendor\\laravel\\framework\\src\\Illuminate\\Session\\FileSessionHandler.php(90): Illuminate\\Filesystem\\Filesystem->put('C:\\\\Users\\\\Marin\\\\...', 'a:3:{s:6:\"_toke...', true)
#4 C:\\Users\\Marin\\Downloads\\saau-final-corrigido\\saau-final\\vendor\\laravel\\framework\\src\\Illuminate\\Session\\Store.php(172): Illuminate\\Session\\FileSessionHandler->write('WeHHYtfPfflXZrP...', 'a:3:{s:6:\"_toke...')
#5 C:\\Users\\Marin\\Downloads\\saau-final-corrigido\\saau-final\\vendor\\laravel\\framework\\src\\Illuminate\\Session\\Middleware\\StartSession.php(245): Illuminate\\Session\\Store->save()
#6 C:\\Users\\Marin\\Downloads\\saau-final-corrigido\\saau-final\\vendor\\laravel\\framework\\src\\Illuminate\\Session\\Middleware\\StartSession.php(130): Illuminate\\Session\\Middleware\\StartSession->saveSession(Object(Illuminate\\Http\\Request))
#7 C:\\Users\\Marin\\Downloads\\saau-final-corrigido\\saau-final\\vendor\\laravel\\framework\\src\\Illuminate\\Session\\Middleware\\StartSession.php(64): Illuminate\\Session\\Middleware\\StartSession->handleStatefulRequest(Object(Illuminate\\Http\\Request), Object(Illuminate\\Session\\Store), Object(Closure))
#8 C:\\Users\\Marin\\Downloads\\saau-final-corrigido\\saau-final\\vendor\\laravel\\framework\\src\\Illuminate\\Pipeline\\Pipeline.php(183): Illuminate\\Session\\Middleware\\StartSession->handle(Object(Illuminate\\Http\\Request), Object(Closure))
#9 C:\\Users\\Marin\\Downloads\\saau-final-corrigido\\saau-final\\vendor\\laravel\\framework\\src\\Illuminate\\Cookie\\Middleware\\AddQueuedCookiesToResponse.php(37): Illuminate\\Pipeline\\Pipeline->Illuminate\\Pipeline\\{closure}(Object(Illuminate\\Http\\Request))
#10 C:\\Users\\Marin\\Downloads\\saau-final-corrigido\\saau-final\\vendor\\laravel\\framework\\src\\Illuminate\\Pipeline\\Pipeline.php(183): Illuminate\\Cookie\\Middleware\\AddQueuedCookiesToResponse->handle(Object(Illuminate\\Http\\Request), Object(Closure))
#11 C:\\Users\\Marin\\Downloads\\saau-final-corrigido\\saau-final\\vendor\\laravel\\framework\\src\\Illuminate\\Cookie\\Middleware\\EncryptCookies.php(67): Illuminate\\Pipeline\\Pipeline->Illuminate\\Pipeline\\{closure}(Object(Illuminate\\Http\\Request))
#12 C:\\Users\\Marin\\Downloads\\saau-final-corrigido\\saau-final\\vendor\\laravel\\framework\\src\\Illuminate\\Pipeline\\Pipeline.php(183): Illuminate\\Cookie\\Middleware\\EncryptCookies->handle(Object(Illuminate\\Http\\Request), Object(Closure))
#13 C:\\Users\\Marin\\Downloads\\saau-final-corrigido\\saau-final\\vendor\\laravel\\framework\\src\\Illuminate\\Pipeline\\Pipeline.php(119): Illuminate\\Pipeline\\Pipeline->Illuminate\\Pipeline\\{closure}(Object(Illuminate\\Http\\Request))
#14 C:\\Users\\Marin\\Downloads\\saau-final-corrigido\\saau-final\\vendor\\laravel\\framework\\src\\Illuminate\\Routing\\Router.php(805): Illuminate\\Pipeline\\Pipeline->then(Object(Closure))
#15 C:\\Users\\Marin\\Downloads\\saau-final-corrigido\\saau-final\\vendor\\laravel\\framework\\src\\Illuminate\\Routing\\Router.php(784): Illuminate\\Routing\\Router->runRouteWithinStack(Object(Illuminate\\Routing\\Route), Object(Illuminate\\Http\\Request))
#16 C:\\Users\\Marin\\Downloads\\saau-final-corrigido\\saau-final\\vendor\\laravel\\framework\\src\\Illuminate\\Routing\\Router.php(748): Illuminate\\Routing\\Router->runRoute(Object(Illuminate\\Http\\Request), Object(Illuminate\\Routing\\Route))
#17 C:\\Users\\Marin\\Downloads\\saau-final-corrigido\\saau-final\\vendor\\laravel\\framework\\src\\Illuminate\\Routing\\Router.php(737): Illuminate\\Routing\\Router->dispatchToRoute(Object(Illuminate\\Http\\Request))
#18 C:\\Users\\Marin\\Downloads\\saau-final-corrigido\\saau-final\\vendor\\laravel\\framework\\src\\Illuminate\\Foundation\\Http\\Kernel.php(200): Illuminate\\Routing\\Router->dispatch(Object(Illuminate\\Http\\Request))
#19 C:\\Users\\Marin\\Downloads\\saau-final-corrigido\\saau-final\\vendor\\laravel\\framework\\src\\Illuminate\\Pipeline\\Pipeline.php(144): Illuminate\\Foundation\\Http\\Kernel->Illuminate\\Foundation\\Http\\{closure}(Object(Illuminate\\Http\\Request))
#20 C:\\Users\\Marin\\Downloads\\saau-final-corrigido\\saau-final\\vendor\\laravel\\framework\\src\\Illuminate\\Foundation\\Http\\Middleware\\TransformsRequest.php(21): Illuminate\\Pipeline\\Pipeline->Illuminate\\Pipeline\\{closure}(Object(Illuminate\\Http\\Request))
#21 C:\\Users\\Marin\\Downloads\\saau-final-corrigido\\saau-final\\vendor\\laravel\\framework\\src\\Illuminate\\Foundation\\Http\\Middleware\\ConvertEmptyStringsToNull.php(31): Illuminate\\Foundation\\Http\\Middleware\\TransformsRequest->handle(Object(Illuminate\\Http\\Request), Object(Closure))
#22 C:\\Users\\Marin\\Downloads\\saau-final-corrigido\\saau-final\\vendor\\laravel\\framework\\src\\Illuminate\\Pipeline\\Pipeline.php(183): Illuminate\\Foundation\\Http\\Middleware\\ConvertEmptyStringsToNull->handle(Object(Illuminate\\Http\\Request), Object(Closure))
#23 C:\\Users\\Marin\\Downloads\\saau-final-corrigido\\saau-final\\vendor\\laravel\\framework\\src\\Illuminate\\Foundation\\Http\\Middleware\\TransformsRequest.php(21): Illuminate\\Pipeline\\Pipeline->Illuminate\\Pipeline\\{closure}(Object(Illuminate\\Http\\Request))
#24 C:\\Users\\Marin\\Downloads\\saau-final-corrigido\\saau-final\\vendor\\laravel\\framework\\src\\Illuminate\\Foundation\\Http\\Middleware\\TrimStrings.php(40): Illuminate\\Foundation\\Http\\Middleware\\TransformsRequest->handle(Object(Illuminate\\Http\\Request), Object(Closure))
#25 C:\\Users\\Marin\\Downloads\\saau-final-corrigido\\saau-final\\vendor\\laravel\\framework\\src\\Illuminate\\Pipeline\\Pipeline.php(183): Illuminate\\Foundation\\Http\\Middleware\\TrimStrings->handle(Object(Illuminate\\Http\\Request), Object(Closure))
#26 C:\\Users\\Marin\\Downloads\\saau-final-corrigido\\saau-final\\vendor\\laravel\\framework\\src\\Illuminate\\Foundation\\Http\\Middleware\\ValidatePostSize.php(27): Illuminate\\Pipeline\\Pipeline->Illuminate\\Pipeline\\{closure}(Object(Illuminate\\Http\\Request))
#27 C:\\Users\\Marin\\Downloads\\saau-final-corrigido\\saau-final\\vendor\\laravel\\framework\\src\\Illuminate\\Pipeline\\Pipeline.php(183): Illuminate\\Foundation\\Http\\Middleware\\ValidatePostSize->handle(Object(Illuminate\\Http\\Request), Object(Closure))
#28 C:\\Users\\Marin\\Downloads\\saau-final-corrigido\\saau-final\\vendor\\laravel\\framework\\src\\Illuminate\\Foundation\\Http\\Middleware\\PreventRequestsDuringMaintenance.php(99): Illuminate\\Pipeline\\Pipeline->Illuminate\\Pipeline\\{closure}(Object(Illuminate\\Http\\Request))
#29 C:\\Users\\Marin\\Downloads\\saau-final-corrigido\\saau-final\\vendor\\laravel\\framework\\src\\Illuminate\\Pipeline\\Pipeline.php(183): Illuminate\\Foundation\\Http\\Middleware\\PreventRequestsDuringMaintenance->handle(Object(Illuminate\\Http\\Request), Object(Closure))
#30 C:\\Users\\Marin\\Downloads\\saau-final-corrigido\\saau-final\\vendor\\laravel\\framework\\src\\Illuminate\\Http\\Middleware\\HandleCors.php(49): Illuminate\\Pipeline\\Pipeline->Illuminate\\Pipeline\\{closure}(Object(Illuminate\\Http\\Request))
#31 C:\\Users\\Marin\\Downloads\\saau-final-corrigido\\saau-final\\vendor\\laravel\\framework\\src\\Illuminate\\Pipeline\\Pipeline.php(183): Illuminate\\Http\\Middleware\\HandleCors->handle(Object(Illuminate\\Http\\Request), Object(Closure))
#32 C:\\Users\\Marin\\Downloads\\saau-final-corrigido\\saau-final\\vendor\\laravel\\framework\\src\\Illuminate\\Http\\Middleware\\TrustProxies.php(39): Illuminate\\Pipeline\\Pipeline->Illuminate\\Pipeline\\{closure}(Object(Illuminate\\Http\\Request))
#33 C:\\Users\\Marin\\Downloads\\saau-final-corrigido\\saau-final\\vendor\\laravel\\framework\\src\\Illuminate\\Pipeline\\Pipeline.php(183): Illuminate\\Http\\Middleware\\TrustProxies->handle(Object(Illuminate\\Http\\Request), Object(Closure))
#34 C:\\Users\\Marin\\Downloads\\saau-final-corrigido\\saau-final\\vendor\\laravel\\framework\\src\\Illuminate\\Pipeline\\Pipeline.php(119): Illuminate\\Pipeline\\Pipeline->Illuminate\\Pipeline\\{closure}(Object(Illuminate\\Http\\Request))
#35 C:\\Users\\Marin\\Downloads\\saau-final-corrigido\\saau-final\\vendor\\laravel\\framework\\src\\Illuminate\\Foundation\\Http\\Kernel.php(175): Illuminate\\Pipeline\\Pipeline->then(Object(Closure))
#36 C:\\Users\\Marin\\Downloads\\saau-final-corrigido\\saau-final\\vendor\\laravel\\framework\\src\\Illuminate\\Foundation\\Http\\Kernel.php(144): Illuminate\\Foundation\\Http\\Kernel->sendRequestThroughRouter(Object(Illuminate\\Http\\Request))
#37 C:\\Users\\Marin\\Downloads\\saau-final-corrigido\\saau-final\\public\\index.php(51): Illuminate\\Foundation\\Http\\Kernel->handle(Object(Illuminate\\Http\\Request))
#38 C:\\Users\\Marin\\Downloads\\saau-final-corrigido\\saau-final\\vendor\\laravel\\framework\\src\\Illuminate\\Foundation\\resources\\server.php(16): require_once('C:\\\\Users\\\\Marin\\\\...')
#39 {main}
"} 
[2025-11-17 13:26:11] local.ERROR: Please provide a valid cache path. {"exception":"[object] (InvalidArgumentException(code: 0): Please provide a valid cache path. at C:\\Users\\Marin\\Downloads\\saau-final-corrigido\\saau-final\\vendor\\laravel\\framework\\src\\Illuminate\\View\\Compilers\\Compiler.php:67)
[stacktrace]
#0 C:\\Users\\Marin\\Downloads\\saau-final-corrigido\\saau-final\\vendor\\laravel\\framework\\src\\Illuminate\\View\\ViewServiceProvider.php(97): Illuminate\\View\\Compilers\\Compiler->__construct(Object(Illuminate\\Filesystem\\Filesystem), false, '', true, 'php')
#1 C:\\Users\\Marin\\Downloads\\saau-final-corrigido\\saau-final\\vendor\\laravel\\framework\\src\\Illuminate\\Container\\Container.php(908): Illuminate\\View\\ViewServiceProvider->Illuminate\\View\\{closure}(Object(Illuminate\\Foundation\\Application), Array)
#2 C:\\Users\\Marin\\Downloads\\saau-final-corrigido\\saau-final\\vendor\\laravel\\framework\\src\\Illuminate\\Container\\Container.php(795): Illuminate\\Container\\Container->build(Object(Closure))
#3 C:\\Users\\Marin\\Downloads\\saau-final-corrigido\\saau-final\\vendor\\laravel\\framework\\src\\Illuminate\\Foundation\\Application.php(986): Illuminate\\Container\\Container->resolve('blade.compiler', Array, true)
#4 C:\\Users\\Marin\\Downloads\\saau-final-corrigido\\saau-final\\vendor\\laravel\\framework\\src\\Illuminate\\Container\\Container.php(731): Illuminate\\Foundation\\Application->resolve('blade.compiler', Array)
#5 C:\\Users\\Marin\\Downloads\\saau-final-corrigido\\saau-final\\vendor\\laravel\\framework\\src\\Illuminate\\Foundation\\Application.php(971): Illuminate\\Container\\Container->make('blade.compiler', Array)
#6 C:\\Users\\Marin\\Downloads\\saau-final-corrigido\\saau-final\\vendor\\laravel\\framework\\src\\Illuminate\\View\\ViewServiceProvider.php(168): Illuminate\\Foundation\\Application->make('blade.compiler')
#7 [internal function]: Illuminate\\View\\ViewServiceProvider->Illuminate\\View\\{closure}()
#8 C:\\Users\\Marin\\Downloads\\saau-final-corrigido\\saau-final\\vendor\\laravel\\framework\\src\\Illuminate\\View\\Engines\\EngineResolver.php(55): call_user_func(Object(Closure))
#9 C:\\Users\\Marin\\Downloads\\saau-final-corrigido\\saau-final\\vendor\\laravel\\framework\\src\\Illuminate\\View\\Factory.php(310): Illuminate\\View\\Engines\\EngineResolver->resolve('blade')
#10 C:\\Users\\Marin\\Downloads\\saau-final-corrigido\\saau-final\\vendor\\laravel\\framework\\src\\Illuminate\\View\\Factory.php(274): Illuminate\\View\\Factory->getEngineFromPath('C:\\\\Users\\\\Marin\\\\...')
#11 C:\\Users\\Marin\\Downloads\\saau-final-corrigido\\saau-final\\vendor\\laravel\\framework\\src\\Illuminate\\View\\Factory.php(146): Illuminate\\View\\Factory->viewInstance('admin.login', 'C:\\\\Users\\\\Marin\\\\...', Array)
#12 C:\\Users\\Marin\\Downloads\\saau-final-corrigido\\saau-final\\vendor\\laravel\\framework\\src\\Illuminate\\Foundation\\helpers.php(1020): Illuminate\\View\\Factory->make('admin.login', Array, Array)
#13 C:\\Users\\Marin\\Downloads\\saau-final-corrigido\\saau-final\\app\\Http\\Controllers\\Admin\\AdminAuthController.php(13): view('admin.login')
#14 C:\\Users\\Marin\\Downloads\\saau-final-corrigido\\saau-final\\vendor\\laravel\\framework\\src\\Illuminate\\Routing\\Controller.php(54): App\\Http\\Controllers\\Admin\\AdminAuthController->showLoginForm()
#15 C:\\Users\\Marin\\Downloads\\saau-final-corrigido\\saau-final\\vendor\\laravel\\framework\\src\\Illuminate\\Routing\\ControllerDispatcher.php(43): Illuminate\\Routing\\Controller->callAction('showLoginForm', Array)
#16 C:\\Users\\Marin\\Downloads\\saau-final-corrigido\\saau-final\\vendor\\laravel\\framework\\src\\Illuminate\\Routing\\Route.php(259): Illuminate\\Routing\\ControllerDispatcher->dispatch(Object(Illuminate\\Routing\\Route), Object(App\\Http\\Controllers\\Admin\\AdminAuthController), 'showLoginForm')
#17 C:\\Users\\Marin\\Downloads\\saau-final-corrigido\\saau-final\\vendor\\laravel\\framework\\src\\Illuminate\\Routing\\Route.php(205): Illuminate\\Routing\\Route->runController()
#18 C:\\Users\\Marin\\Downloads\\saau-final-corrigido\\saau-final\\vendor\\laravel\\framework\\src\\Illuminate\\Routing\\Router.php(806): Illuminate\\Routing\\Route->run()
#19 C:\\Users\\Marin\\Downloads\\saau-final-corrigido\\saau-final\\vendor\\laravel\\framework\\src\\Illuminate\\Pipeline\\Pipeline.php(144): Illuminate\\Routing\\Router->Illuminate\\Routing\\{closure}(Object(Illuminate\\Http\\Request))
#20 C:\\Users\\Marin\\Downloads\\saau-final-corrigido\\saau-final\\vendor\\laravel\\framework\\src\\Illuminate\\Routing\\Middleware\\SubstituteBindings.php(50): Illuminate\\Pipeline\\Pipeline->Illuminate\\Pipeline\\{closure}(Object(Illuminate\\Http\\Request))
#21 C:\\Users\\Marin\\Downloads\\saau-final-corrigido\\saau-final\\vendor\\laravel\\framework\\src\\Illuminate\\Pipeline\\Pipeline.php(183): Illuminate\\Routing\\Middleware\\SubstituteBindings->handle(Object(Illuminate\\Http\\Request), Object(Closure))
#22 C:\\Users\\Marin\\Downloads\\saau-final-corrigido\\saau-final\\vendor\\laravel\\framework\\src\\Illuminate\\Foundation\\Http\\Middleware\\VerifyCsrfToken.php(78): Illuminate\\Pipeline\\Pipeline->Illuminate\\Pipeline\\{closure}(Object(Illuminate\\Http\\Request))
#23 C:\\Users\\Marin\\Downloads\\saau-final-corrigido\\saau-final\\vendor\\laravel\\framework\\src\\Illuminate\\Pipeline\\Pipeline.php(183): Illuminate\\Foundation\\Http\\Middleware\\VerifyCsrfToken->handle(Object(Illuminate\\Http\\Request), Object(Closure))
#24 C:\\Users\\Marin\\Downloads\\saau-final-corrigido\\saau-final\\vendor\\laravel\\framework\\src\\Illuminate\\View\\Middleware\\ShareErrorsFromSession.php(49): Illuminate\\Pipeline\\Pipeline->Illuminate\\Pipeline\\{closure}(Object(Illuminate\\Http\\Request))
#25 C:\\Users\\Marin\\Downloads\\saau-final-corrigido\\saau-final\\vendor\\laravel\\framework\\src\\Illuminate\\Pipeline\\Pipeline.php(183): Illuminate\\View\\Middleware\\ShareErrorsFromSession->handle(Object(Illuminate\\Http\\Request), Object(Closure))
#26 C:\\Users\\Marin\\Downloads\\saau-final-corrigido\\saau-final\\vendor\\laravel\\framework\\src\\Illuminate\\Session\\Middleware\\StartSession.php(121): Illuminate\\Pipeline\\Pipeline->Illuminate\\Pipeline\\{closure}(Object(Illuminate\\Http\\Request))
#27 C:\\Users\\Marin\\Downloads\\saau-final-corrigido\\saau-final\\vendor\\laravel\\framework\\src\\Illuminate\\Session\\Middleware\\StartSession.php(64): Illuminate\\Session\\Middleware\\StartSession->handleStatefulRequest(Object(Illuminate\\Http\\Request), Object(Illuminate\\Session\\Store), Object(Closure))
#28 C:\\Users\\Marin\\Downloads\\saau-final-corrigido\\saau-final\\vendor\\laravel\\framework\\src\\Illuminate\\Pipeline\\Pipeline.php(183): Illuminate\\Session\\Middleware\\StartSession->handle(Object(Illuminate\\Http\\Request), Object(Closure))
#29 C:\\Users\\Marin\\Downloads\\saau-final-corrigido\\saau-final\\vendor\\laravel\\framework\\src\\Illuminate\\Cookie\\Middleware\\AddQueuedCookiesToResponse.php(37): Illuminate\\Pipeline\\Pipeline->Illuminate\\Pipeline\\{closure}(Object(Illuminate\\Http\\Request))
#30 C:\\Users\\Marin\\Downloads\\saau-final-corrigido\\saau-final\\vendor\\laravel\\framework\\src\\Illuminate\\Pipeline\\Pipeline.php(183): Illuminate\\Cookie\\Middleware\\AddQueuedCookiesToResponse->handle(Object(Illuminate\\Http\\Request), Object(Closure))
#31 C:\\Users\\Marin\\Downloads\\saau-final-corrigido\\saau-final\\vendor\\laravel\\framework\\src\\Illuminate\\Cookie\\Middleware\\EncryptCookies.php(67): Illuminate\\Pipeline\\Pipeline->Illuminate\\Pipeline\\{closure}(Object(Illuminate\\Http\\Request))
#32 C:\\Users\\Marin\\Downloads\\saau-final-corrigido\\saau-final\\vendor\\laravel\\framework\\src\\Illuminate\\Pipeline\\Pipeline.php(183): Illuminate\\Cookie\\Middleware\\EncryptCookies->handle(Object(Illuminate\\Http\\Request), Object(Closure))
#33 C:\\Users\\Marin\\Downloads\\saau-final-corrigido\\saau-final\\vendor\\laravel\\framework\\src\\Illuminate\\Pipeline\\Pipeline.php(119): Illuminate\\Pipeline\\Pipeline->Illuminate\\Pipeline\\{closure}(Object(Illuminate\\Http\\Request))
#34 C:\\Users\\Marin\\Downloads\\saau-final-corrigido\\saau-final\\vendor\\laravel\\framework\\src\\Illuminate\\Routing\\Router.php(805): Illuminate\\Pipeline\\Pipeline->then(Object(Closure))
#35 C:\\Users\\Marin\\Downloads\\saau-final-corrigido\\saau-final\\vendor\\laravel\\framework\\src\\Illuminate\\Routing\\Router.php(784): Illuminate\\Routing\\Router->runRouteWithinStack(Object(Illuminate\\Routing\\Route), Object(Illuminate\\Http\\Request))
#36 C:\\Users\\Marin\\Downloads\\saau-final-corrigido\\saau-final\\vendor\\laravel\\framework\\src\\Illuminate\\Routing\\Router.php(748): Illuminate\\Routing\\Router->runRoute(Object(Illuminate\\Http\\Request), Object(Illuminate\\Routing\\Route))
#37 C:\\Users\\Marin\\Downloads\\saau-final-corrigido\\saau-final\\vendor\\laravel\\framework\\src\\Illuminate\\Routing\\Router.php(737): Illuminate\\Routing\\Router->dispatchToRoute(Object(Illuminate\\Http\\Request))
#38 C:\\Users\\Marin\\Downloads\\saau-final-corrigido\\saau-final\\vendor\\laravel\\framework\\src\\Illuminate\\Foundation\\Http\\Kernel.php(200): Illuminate\\Routing\\Router->dispatch(Object(Illuminate\\Http\\Request))
#39 C:\\Users\\Marin\\Downloads\\saau-final-corrigido\\saau-final\\vendor\\laravel\\framework\\src\\Illuminate\\Pipeline\\Pipeline.php(144): Illuminate\\Foundation\\Http\\Kernel->Illuminate\\Foundation\\Http\\{closure}(Object(Illuminate\\Http\\Request))
#40 C:\\Users\\Marin\\Downloads\\saau-final-corrigido\\saau-final\\vendor\\laravel\\framework\\src\\Illuminate\\Foundation\\Http\\Middleware\\TransformsRequest.php(21): Illuminate\\Pipeline\\Pipeline->Illuminate\\Pipeline\\{closure}(Object(Illuminate\\Http\\Request))
#41 C:\\Users\\Marin\\Downloads\\saau-final-corrigido\\saau-final\\vendor\\laravel\\framework\\src\\Illuminate\\Foundation\\Http\\Middleware\\ConvertEmptyStringsToNull.php(31): Illuminate\\Foundation\\Http\\Middleware\\TransformsRequest->handle(Object(Illuminate\\Http\\Request), Object(Closure))
#42 C:\\Users\\Marin\\Downloads\\saau-final-corrigido\\saau-final\\vendor\\laravel\\framework\\src\\Illuminate\\Pipeline\\Pipeline.php(183): Illuminate\\Foundation\\Http\\Middleware\\ConvertEmptyStringsToNull->handle(Object(Illuminate\\Http\\Request), Object(Closure))
#43 C:\\Users\\Marin\\Downloads\\saau-final-corrigido\\saau-final\\vendor\\laravel\\framework\\src\\Illuminate\\Foundation\\Http\\Middleware\\TransformsRequest.php(21): Illuminate\\Pipeline\\Pipeline->Illuminate\\Pipeline\\{closure}(Object(Illuminate\\Http\\Request))
#44 C:\\Users\\Marin\\Downloads\\saau-final-corrigido\\saau-final\\vendor\\laravel\\framework\\src\\Illuminate\\Foundation\\Http\\Middleware\\TrimStrings.php(40): Illuminate\\Foundation\\Http\\Middleware\\TransformsRequest->handle(Object(Illuminate\\Http\\Request), Object(Closure))
#45 C:\\Users\\Marin\\Downloads\\saau-final-corrigido\\saau-final\\vendor\\laravel\\framework\\src\\Illuminate\\Pipeline\\Pipeline.php(183): Illuminate\\Foundation\\Http\\Middleware\\TrimStrings->handle(Object(Illuminate\\Http\\Request), Object(Closure))
#46 C:\\Users\\Marin\\Downloads\\saau-final-corrigido\\saau-final\\vendor\\laravel\\framework\\src\\Illuminate\\Foundation\\Http\\Middleware\\ValidatePostSize.php(27): Illuminate\\Pipeline\\Pipeline->Illuminate\\Pipeline\\{closure}(Object(Illuminate\\Http\\Request))
#47 C:\\Users\\Marin\\Downloads\\saau-final-corrigido\\saau-final\\vendor\\laravel\\framework\\src\\Illuminate\\Pipeline\\Pipeline.php(183): Illuminate\\Foundation\\Http\\Middleware\\ValidatePostSize->handle(Object(Illuminate\\Http\\Request), Object(Closure))
#48 C:\\Users\\Marin\\Downloads\\saau-final-corrigido\\saau-final\\vendor\\laravel\\framework\\src\\Illuminate\\Foundation\\Http\\Middleware\\PreventRequestsDuringMaintenance.php(99): Illuminate\\Pipeline\\Pipeline->Illuminate\\Pipeline\\{closure}(Object(Illuminate\\Http\\Request))
#49 C:\\Users\\Marin\\Downloads\\saau-final-corrigido\\saau-final\\vendor\\laravel\\framework\\src\\Illuminate\\Pipeline\\Pipeline.php(183): Illuminate\\Foundation\\Http\\Middleware\\PreventRequestsDuringMaintenance->handle(Object(Illuminate\\Http\\Request), Object(Closure))
#50 C:\\Users\\Marin\\Downloads\\saau-final-corrigido\\saau-final\\vendor\\laravel\\framework\\src\\Illuminate\\Http\\Middleware\\HandleCors.php(49): Illuminate\\Pipeline\\Pipeline->Illuminate\\Pipeline\\{closure}(Object(Illuminate\\Http\\Request))
#51 C:\\Users\\Marin\\Downloads\\saau-final-corrigido\\saau-final\\vendor\\laravel\\framework\\src\\Illuminate\\Pipeline\\Pipeline.php(183): Illuminate\\Http\\Middleware\\HandleCors->handle(Object(Illuminate\\Http\\Request), Object(Closure))
#52 C:\\Users\\Marin\\Downloads\\saau-final-corrigido\\saau-final\\vendor\\laravel\\framework\\src\\Illuminate\\Http\\Middleware\\TrustProxies.php(39): Illuminate\\Pipeline\\Pipeline->Illuminate\\Pipeline\\{closure}(Object(Illuminate\\Http\\Request))
#53 C:\\Users\\Marin\\Downloads\\saau-final-corrigido\\saau-final\\vendor\\laravel\\framework\\src\\Illuminate\\Pipeline\\Pipeline.php(183): Illuminate\\Http\\Middleware\\TrustProxies->handle(Object(Illuminate\\Http\\Request), Object(Closure))
#54 C:\\Users\\Marin\\Downloads\\saau-final-corrigido\\saau-final\\vendor\\laravel\\framework\\src\\Illuminate\\Pipeline\\Pipeline.php(119): Illuminate\\Pipeline\\Pipeline->Illuminate\\Pipeline\\{closure}(Object(Illuminate\\Http\\Request))
#55 C:\\Users\\Marin\\Downloads\\saau-final-corrigido\\saau-final\\vendor\\laravel\\framework\\src\\Illuminate\\Foundation\\Http\\Kernel.php(175): Illuminate\\Pipeline\\Pipeline->then(Object(Closure))
#56 C:\\Users\\Marin\\Downloads\\saau-final-corrigido\\saau-final\\vendor\\laravel\\framework\\src\\Illuminate\\Foundation\\Http\\Kernel.php(144): Illuminate\\Foundation\\Http\\Kernel->sendRequestThroughRouter(Object(Illuminate\\Http\\Request))
#57 C:\\Users\\Marin\\Downloads\\saau-final-corrigido\\saau-final\\public\\index.php(51): Illuminate\\Foundation\\Http\\Kernel->handle(Object(Illuminate\\Http\\Request))
#58 C:\\Users\\Marin\\Downloads\\saau-final-corrigido\\saau-final\\vendor\\laravel\\framework\\src\\Illuminate\\Foundation\\resources\\server.php(16): require_once('C:\\\\Users\\\\Marin\\\\...')
#59 {main}
"} 
[2025-11-17 13:26:11] local.ERROR: file_put_contents(C:\Users\Marin\Downloads\saau-final-corrigido\saau-final\storage\framework/sessions/TREeCQYxuo7mjDXzCwScPS6hNeMbLiobSvxE1MXB): Failed to open stream: No such file or directory {"exception":"[object] (ErrorException(code: 0): file_put_contents(C:\\Users\\Marin\\Downloads\\saau-final-corrigido\\saau-final\\storage\\framework/sessions/TREeCQYxuo7mjDXzCwScPS6hNeMbLiobSvxE1MXB): Failed to open stream: No such file or directory at C:\\Users\\Marin\\Downloads\\saau-final-corrigido\\saau-final\\vendor\\laravel\\framework\\src\\Illuminate\\Filesystem\\Filesystem.php:204)
[stacktrace]
#0 C:\\Users\\Marin\\Downloads\\saau-final-corrigido\\saau-final\\vendor\\laravel\\framework\\src\\Illuminate\\Foundation\\Bootstrap\\HandleExceptions.php(255): Illuminate\\Foundation\\Bootstrap\\HandleExceptions->handleError(2, 'file_put_conten...', 'C:\\\\Users\\\\Marin\\\\...', 204)
#1 [internal function]: Illuminate\\Foundation\\Bootstrap\\HandleExceptions->Illuminate\\Foundation\\Bootstrap\\{closure}(2, 'file_put_conten...', 'C:\\\\Users\\\\Marin\\\\...', 204)
#2 C:\\Users\\Marin\\Downloads\\saau-final-corrigido\\saau-final\\vendor\\laravel\\framework\\src\\Illuminate\\Filesystem\\Filesystem.php(204): file_put_contents('C:\\\\Users\\\\Marin\\\\...', 'a:2:{s:6:\"_toke...', 2)
#3 C:\\Users\\Marin\\Downloads\\saau-final-corrigido\\saau-final\\vendor\\laravel\\framework\\src\\Illuminate\\Session\\FileSessionHandler.php(90): Illuminate\\Filesystem\\Filesystem->put('C:\\\\Users\\\\Marin\\\\...', 'a:2:{s:6:\"_toke...', true)
#4 C:\\Users\\Marin\\Downloads\\saau-final-corrigido\\saau-final\\vendor\\laravel\\framework\\src\\Illuminate\\Session\\Store.php(172): Illuminate\\Session\\FileSessionHandler->write('TREeCQYxuo7mjDX...', 'a:2:{s:6:\"_toke...')
#5 C:\\Users\\Marin\\Downloads\\saau-final-corrigido\\saau-final\\vendor\\laravel\\framework\\src\\Illuminate\\Session\\Middleware\\StartSession.php(245): Illuminate\\Session\\Store->save()
#6 C:\\Users\\Marin\\Downloads\\saau-final-corrigido\\saau-final\\vendor\\laravel\\framework\\src\\Illuminate\\Session\\Middleware\\StartSession.php(130): Illuminate\\Session\\Middleware\\StartSession->saveSession(Object(Illuminate\\Http\\Request))
#7 C:\\Users\\Marin\\Downloads\\saau-final-corrigido\\saau-final\\vendor\\laravel\\framework\\src\\Illuminate\\Session\\Middleware\\StartSession.php(64): Illuminate\\Session\\Middleware\\StartSession->handleStatefulRequest(Object(Illuminate\\Http\\Request), Object(Illuminate\\Session\\Store), Object(Closure))
#8 C:\\Users\\Marin\\Downloads\\saau-final-corrigido\\saau-final\\vendor\\laravel\\framework\\src\\Illuminate\\Pipeline\\Pipeline.php(183): Illuminate\\Session\\Middleware\\StartSession->handle(Object(Illuminate\\Http\\Request), Object(Closure))
#9 C:\\Users\\Marin\\Downloads\\saau-final-corrigido\\saau-final\\vendor\\laravel\\framework\\src\\Illuminate\\Cookie\\Middleware\\AddQueuedCookiesToResponse.php(37): Illuminate\\Pipeline\\Pipeline->Illuminate\\Pipeline\\{closure}(Object(Illuminate\\Http\\Request))
#10 C:\\Users\\Marin\\Downloads\\saau-final-corrigido\\saau-final\\vendor\\laravel\\framework\\src\\Illuminate\\Pipeline\\Pipeline.php(183): Illuminate\\Cookie\\Middleware\\AddQueuedCookiesToResponse->handle(Object(Illuminate\\Http\\Request), Object(Closure))
#11 C:\\Users\\Marin\\Downloads\\saau-final-corrigido\\saau-final\\vendor\\laravel\\framework\\src\\Illuminate\\Cookie\\Middleware\\EncryptCookies.php(67): Illuminate\\Pipeline\\Pipeline->Illuminate\\Pipeline\\{closure}(Object(Illuminate\\Http\\Request))
#12 C:\\Users\\Marin\\Downloads\\saau-final-corrigido\\saau-final\\vendor\\laravel\\framework\\src\\Illuminate\\Pipeline\\Pipeline.php(183): Illuminate\\Cookie\\Middleware\\EncryptCookies->handle(Object(Illuminate\\Http\\Request), Object(Closure))
#13 C:\\Users\\Marin\\Downloads\\saau-final-corrigido\\saau-final\\vendor\\laravel\\framework\\src\\Illuminate\\Pipeline\\Pipeline.php(119): Illuminate\\Pipeline\\Pipeline->Illuminate\\Pipeline\\{closure}(Object(Illuminate\\Http\\Request))
#14 C:\\Users\\Marin\\Downloads\\saau-final-corrigido\\saau-final\\vendor\\laravel\\framework\\src\\Illuminate\\Routing\\Router.php(805): Illuminate\\Pipeline\\Pipeline->then(Object(Closure))
#15 C:\\Users\\Marin\\Downloads\\saau-final-corrigido\\saau-final\\vendor\\laravel\\framework\\src\\Illuminate\\Routing\\Router.php(784): Illuminate\\Routing\\Router->runRouteWithinStack(Object(Illuminate\\Routing\\Route), Object(Illuminate\\Http\\Request))
#16 C:\\Users\\Marin\\Downloads\\saau-final-corrigido\\saau-final\\vendor\\laravel\\framework\\src\\Illuminate\\Routing\\Router.php(748): Illuminate\\Routing\\Router->runRoute(Object(Illuminate\\Http\\Request), Object(Illuminate\\Routing\\Route))
#17 C:\\Users\\Marin\\Downloads\\saau-final-corrigido\\saau-final\\vendor\\laravel\\framework\\src\\Illuminate\\Routing\\Router.php(737): Illuminate\\Routing\\Router->dispatchToRoute(Object(Illuminate\\Http\\Request))
#18 C:\\Users\\Marin\\Downloads\\saau-final-corrigido\\saau-final\\vendor\\laravel\\framework\\src\\Illuminate\\Foundation\\Http\\Kernel.php(200): Illuminate\\Routing\\Router->dispatch(Object(Illuminate\\Http\\Request))
#19 C:\\Users\\Marin\\Downloads\\saau-final-corrigido\\saau-final\\vendor\\laravel\\framework\\src\\Illuminate\\Pipeline\\Pipeline.php(144): Illuminate\\Foundation\\Http\\Kernel->Illuminate\\Foundation\\Http\\{closure}(Object(Illuminate\\Http\\Request))
#20 C:\\Users\\Marin\\Downloads\\saau-final-corrigido\\saau-final\\vendor\\laravel\\framework\\src\\Illuminate\\Foundation\\Http\\Middleware\\TransformsRequest.php(21): Illuminate\\Pipeline\\Pipeline->Illuminate\\Pipeline\\{closure}(Object(Illuminate\\Http\\Request))
#21 C:\\Users\\Marin\\Downloads\\saau-final-corrigido\\saau-final\\vendor\\laravel\\framework\\src\\Illuminate\\Foundation\\Http\\Middleware\\ConvertEmptyStringsToNull.php(31): Illuminate\\Foundation\\Http\\Middleware\\TransformsRequest->handle(Object(Illuminate\\Http\\Request), Object(Closure))
#22 C:\\Users\\Marin\\Downloads\\saau-final-corrigido\\saau-final\\vendor\\laravel\\framework\\src\\Illuminate\\Pipeline\\Pipeline.php(183): Illuminate\\Foundation\\Http\\Middleware\\ConvertEmptyStringsToNull->handle(Object(Illuminate\\Http\\Request), Object(Closure))
#23 C:\\Users\\Marin\\Downloads\\saau-final-corrigido\\saau-final\\vendor\\laravel\\framework\\src\\Illuminate\\Foundation\\Http\\Middleware\\TransformsRequest.php(21): Illuminate\\Pipeline\\Pipeline->Illuminate\\Pipeline\\{closure}(Object(Illuminate\\Http\\Request))
#24 C:\\Users\\Marin\\Downloads\\saau-final-corrigido\\saau-final\\vendor\\laravel\\framework\\src\\Illuminate\\Foundation\\Http\\Middleware\\TrimStrings.php(40): Illuminate\\Foundation\\Http\\Middleware\\TransformsRequest->handle(Object(Illuminate\\Http\\Request), Object(Closure))
#25 C:\\Users\\Marin\\Downloads\\saau-final-corrigido\\saau-final\\vendor\\laravel\\framework\\src\\Illuminate\\Pipeline\\Pipeline.php(183): Illuminate\\Foundation\\Http\\Middleware\\TrimStrings->handle(Object(Illuminate\\Http\\Request), Object(Closure))
#26 C:\\Users\\Marin\\Downloads\\saau-final-corrigido\\saau-final\\vendor\\laravel\\framework\\src\\Illuminate\\Foundation\\Http\\Middleware\\ValidatePostSize.php(27): Illuminate\\Pipeline\\Pipeline->Illuminate\\Pipeline\\{closure}(Object(Illuminate\\Http\\Request))
#27 C:\\Users\\Marin\\Downloads\\saau-final-corrigido\\saau-final\\vendor\\laravel\\framework\\src\\Illuminate\\Pipeline\\Pipeline.php(183): Illuminate\\Foundation\\Http\\Middleware\\ValidatePostSize->handle(Object(Illuminate\\Http\\Request), Object(Closure))
#28 C:\\Users\\Marin\\Downloads\\saau-final-corrigido\\saau-final\\vendor\\laravel\\framework\\src\\Illuminate\\Foundation\\Http\\Middleware\\PreventRequestsDuringMaintenance.php(99): Illuminate\\Pipeline\\Pipeline->Illuminate\\Pipeline\\{closure}(Object(Illuminate\\Http\\Request))
#29 C:\\Users\\Marin\\Downloads\\saau-final-corrigido\\saau-final\\vendor\\laravel\\framework\\src\\Illuminate\\Pipeline\\Pipeline.php(183): Illuminate\\Foundation\\Http\\Middleware\\PreventRequestsDuringMaintenance->handle(Object(Illuminate\\Http\\Request), Object(Closure))
#30 C:\\Users\\Marin\\Downloads\\saau-final-corrigido\\saau-final\\vendor\\laravel\\framework\\src\\Illuminate\\Http\\Middleware\\HandleCors.php(49): Illuminate\\Pipeline\\Pipeline->Illuminate\\Pipeline\\{closure}(Object(Illuminate\\Http\\Request))
#31 C:\\Users\\Marin\\Downloads\\saau-final-corrigido\\saau-final\\vendor\\laravel\\framework\\src\\Illuminate\\Pipeline\\Pipeline.php(183): Illuminate\\Http\\Middleware\\HandleCors->handle(Object(Illuminate\\Http\\Request), Object(Closure))
#32 C:\\Users\\Marin\\Downloads\\saau-final-corrigido\\saau-final\\vendor\\laravel\\framework\\src\\Illuminate\\Http\\Middleware\\TrustProxies.php(39): Illuminate\\Pipeline\\Pipeline->Illuminate\\Pipeline\\{closure}(Object(Illuminate\\Http\\Request))
#33 C:\\Users\\Marin\\Downloads\\saau-final-corrigido\\saau-final\\vendor\\laravel\\framework\\src\\Illuminate\\Pipeline\\Pipeline.php(183): Illuminate\\Http\\Middleware\\TrustProxies->handle(Object(Illuminate\\Http\\Request), Object(Closure))
#34 C:\\Users\\Marin\\Downloads\\saau-final-corrigido\\saau-final\\vendor\\laravel\\framework\\src\\Illuminate\\Pipeline\\Pipeline.php(119): Illuminate\\Pipeline\\Pipeline->Illuminate\\Pipeline\\{closure}(Object(Illuminate\\Http\\Request))
#35 C:\\Users\\Marin\\Downloads\\saau-final-corrigido\\saau-final\\vendor\\laravel\\framework\\src\\Illuminate\\Foundation\\Http\\Kernel.php(175): Illuminate\\Pipeline\\Pipeline->then(Object(Closure))
#36 C:\\Users\\Marin\\Downloads\\saau-final-corrigido\\saau-final\\vendor\\laravel\\framework\\src\\Illuminate\\Foundation\\Http\\Kernel.php(144): Illuminate\\Foundation\\Http\\Kernel->sendRequestThroughRouter(Object(Illuminate\\Http\\Request))
#37 C:\\Users\\Marin\\Downloads\\saau-final-corrigido\\saau-final\\public\\index.php(51): Illuminate\\Foundation\\Http\\Kernel->handle(Object(Illuminate\\Http\\Request))
#38 C:\\Users\\Marin\\Downloads\\saau-final-corrigido\\saau-final\\vendor\\laravel\\framework\\src\\Illuminate\\Foundation\\resources\\server.php(16): require_once('C:\\\\Users\\\\Marin\\\\...')
#39 {main}
"} 
[2025-11-17 13:26:12] local.ERROR: Please provide a valid cache path. {"exception":"[object] (InvalidArgumentException(code: 0): Please provide a valid cache path. at C:\\Users\\Marin\\Downloads\\saau-final-corrigido\\saau-final\\vendor\\laravel\\framework\\src\\Illuminate\\View\\Compilers\\Compiler.php:67)
[stacktrace]
#0 C:\\Users\\Marin\\Downloads\\saau-final-corrigido\\saau-final\\vendor\\laravel\\framework\\src\\Illuminate\\View\\ViewServiceProvider.php(97): Illuminate\\View\\Compilers\\Compiler->__construct(Object(Illuminate\\Filesystem\\Filesystem), false, '', true, 'php')
#1 C:\\Users\\Marin\\Downloads\\saau-final-corrigido\\saau-final\\vendor\\laravel\\framework\\src\\Illuminate\\Container\\Container.php(908): Illuminate\\View\\ViewServiceProvider->Illuminate\\View\\{closure}(Object(Illuminate\\Foundation\\Application), Array)
#2 C:\\Users\\Marin\\Downloads\\saau-final-corrigido\\saau-final\\vendor\\laravel\\framework\\src\\Illuminate\\Container\\Container.php(795): Illuminate\\Container\\Container->build(Object(Closure))
#3 C:\\Users\\Marin\\Downloads\\saau-final-corrigido\\saau-final\\vendor\\laravel\\framework\\src\\Illuminate\\Foundation\\Application.php(986): Illuminate\\Container\\Container->resolve('blade.compiler', Array, true)
#4 C:\\Users\\Marin\\Downloads\\saau-final-corrigido\\saau-final\\vendor\\laravel\\framework\\src\\Illuminate\\Container\\Container.php(731): Illuminate\\Foundation\\Application->resolve('blade.compiler', Array)
#5 C:\\Users\\Marin\\Downloads\\saau-final-corrigido\\saau-final\\vendor\\laravel\\framework\\src\\Illuminate\\Foundation\\Application.php(971): Illuminate\\Container\\Container->make('blade.compiler', Array)
#6 C:\\Users\\Marin\\Downloads\\saau-final-corrigido\\saau-final\\vendor\\laravel\\framework\\src\\Illuminate\\View\\ViewServiceProvider.php(168): Illuminate\\Foundation\\Application->make('blade.compiler')
#7 [internal function]: Illuminate\\View\\ViewServiceProvider->Illuminate\\View\\{closure}()
#8 C:\\Users\\Marin\\Downloads\\saau-final-corrigido\\saau-final\\vendor\\laravel\\framework\\src\\Illuminate\\View\\Engines\\EngineResolver.php(55): call_user_func(Object(Closure))
#9 C:\\Users\\Marin\\Downloads\\saau-final-corrigido\\saau-final\\vendor\\laravel\\framework\\src\\Illuminate\\View\\Factory.php(310): Illuminate\\View\\Engines\\EngineResolver->resolve('blade')
#10 C:\\Users\\Marin\\Downloads\\saau-final-corrigido\\saau-final\\vendor\\laravel\\framework\\src\\Illuminate\\View\\Factory.php(274): Illuminate\\View\\Factory->getEngineFromPath('C:\\\\Users\\\\Marin\\\\...')
#11 C:\\Users\\Marin\\Downloads\\saau-final-corrigido\\saau-final\\vendor\\laravel\\framework\\src\\Illuminate\\View\\Factory.php(146): Illuminate\\View\\Factory->viewInstance('admin.login', 'C:\\\\Users\\\\Marin\\\\...', Array)
#12 C:\\Users\\Marin\\Downloads\\saau-final-corrigido\\saau-final\\vendor\\laravel\\framework\\src\\Illuminate\\Foundation\\helpers.php(1020): Illuminate\\View\\Factory->make('admin.login', Array, Array)
#13 C:\\Users\\Marin\\Downloads\\saau-final-corrigido\\saau-final\\app\\Http\\Controllers\\Admin\\AdminAuthController.php(13): view('admin.login')
#14 C:\\Users\\Marin\\Downloads\\saau-final-corrigido\\saau-final\\vendor\\laravel\\framework\\src\\Illuminate\\Routing\\Controller.php(54): App\\Http\\Controllers\\Admin\\AdminAuthController->showLoginForm()
#15 C:\\Users\\Marin\\Downloads\\saau-final-corrigido\\saau-final\\vendor\\laravel\\framework\\src\\Illuminate\\Routing\\ControllerDispatcher.php(43): Illuminate\\Routing\\Controller->callAction('showLoginForm', Array)
#16 C:\\Users\\Marin\\Downloads\\saau-final-corrigido\\saau-final\\vendor\\laravel\\framework\\src\\Illuminate\\Routing\\Route.php(259): Illuminate\\Routing\\ControllerDispatcher->dispatch(Object(Illuminate\\Routing\\Route), Object(App\\Http\\Controllers\\Admin\\AdminAuthController), 'showLoginForm')
#17 C:\\Users\\Marin\\Downloads\\saau-final-corrigido\\saau-final\\vendor\\laravel\\framework\\src\\Illuminate\\Routing\\Route.php(205): Illuminate\\Routing\\Route->runController()
#18 C:\\Users\\Marin\\Downloads\\saau-final-corrigido\\saau-final\\vendor\\laravel\\framework\\src\\Illuminate\\Routing\\Router.php(806): Illuminate\\Routing\\Route->run()
#19 C:\\Users\\Marin\\Downloads\\saau-final-corrigido\\saau-final\\vendor\\laravel\\framework\\src\\Illuminate\\Pipeline\\Pipeline.php(144): Illuminate\\Routing\\Router->Illuminate\\Routing\\{closure}(Object(Illuminate\\Http\\Request))
#20 C:\\Users\\Marin\\Downloads\\saau-final-corrigido\\saau-final\\vendor\\laravel\\framework\\src\\Illuminate\\Routing\\Middleware\\SubstituteBindings.php(50): Illuminate\\Pipeline\\Pipeline->Illuminate\\Pipeline\\{closure}(Object(Illuminate\\Http\\Request))
#21 C:\\Users\\Marin\\Downloads\\saau-final-corrigido\\saau-final\\vendor\\laravel\\framework\\src\\Illuminate\\Pipeline\\Pipeline.php(183): Illuminate\\Routing\\Middleware\\SubstituteBindings->handle(Object(Illuminate\\Http\\Request), Object(Closure))
#22 C:\\Users\\Marin\\Downloads\\saau-final-corrigido\\saau-final\\vendor\\laravel\\framework\\src\\Illuminate\\Foundation\\Http\\Middleware\\VerifyCsrfToken.php(78): Illuminate\\Pipeline\\Pipeline->Illuminate\\Pipeline\\{closure}(Object(Illuminate\\Http\\Request))
#23 C:\\Users\\Marin\\Downloads\\saau-final-corrigido\\saau-final\\vendor\\laravel\\framework\\src\\Illuminate\\Pipeline\\Pipeline.php(183): Illuminate\\Foundation\\Http\\Middleware\\VerifyCsrfToken->handle(Object(Illuminate\\Http\\Request), Object(Closure))
#24 C:\\Users\\Marin\\Downloads\\saau-final-corrigido\\saau-final\\vendor\\laravel\\framework\\src\\Illuminate\\View\\Middleware\\ShareErrorsFromSession.php(49): Illuminate\\Pipeline\\Pipeline->Illuminate\\Pipeline\\{closure}(Object(Illuminate\\Http\\Request))
#25 C:\\Users\\Marin\\Downloads\\saau-final-corrigido\\saau-final\\vendor\\laravel\\framework\\src\\Illuminate\\Pipeline\\Pipeline.php(183): Illuminate\\View\\Middleware\\ShareErrorsFromSession->handle(Object(Illuminate\\Http\\Request), Object(Closure))
#26 C:\\Users\\Marin\\Downloads\\saau-final-corrigido\\saau-final\\vendor\\laravel\\framework\\src\\Illuminate\\Session\\Middleware\\StartSession.php(121): Illuminate\\Pipeline\\Pipeline->Illuminate\\Pipeline\\{closure}(Object(Illuminate\\Http\\Request))
#27 C:\\Users\\Marin\\Downloads\\saau-final-corrigido\\saau-final\\vendor\\laravel\\framework\\src\\Illuminate\\Session\\Middleware\\StartSession.php(64): Illuminate\\Session\\Middleware\\StartSession->handleStatefulRequest(Object(Illuminate\\Http\\Request), Object(Illuminate\\Session\\Store), Object(Closure))
#28 C:\\Users\\Marin\\Downloads\\saau-final-corrigido\\saau-final\\vendor\\laravel\\framework\\src\\Illuminate\\Pipeline\\Pipeline.php(183): Illuminate\\Session\\Middleware\\StartSession->handle(Object(Illuminate\\Http\\Request), Object(Closure))
#29 C:\\Users\\Marin\\Downloads\\saau-final-corrigido\\saau-final\\vendor\\laravel\\framework\\src\\Illuminate\\Cookie\\Middleware\\AddQueuedCookiesToResponse.php(37): Illuminate\\Pipeline\\Pipeline->Illuminate\\Pipeline\\{closure}(Object(Illuminate\\Http\\Request))
#30 C:\\Users\\Marin\\Downloads\\saau-final-corrigido\\saau-final\\vendor\\laravel\\framework\\src\\Illuminate\\Pipeline\\Pipeline.php(183): Illuminate\\Cookie\\Middleware\\AddQueuedCookiesToResponse->handle(Object(Illuminate\\Http\\Request), Object(Closure))
#31 C:\\Users\\Marin\\Downloads\\saau-final-corrigido\\saau-final\\vendor\\laravel\\framework\\src\\Illuminate\\Cookie\\Middleware\\EncryptCookies.php(67): Illuminate\\Pipeline\\Pipeline->Illuminate\\Pipeline\\{closure}(Object(Illuminate\\Http\\Request))
#32 C:\\Users\\Marin\\Downloads\\saau-final-corrigido\\saau-final\\vendor\\laravel\\framework\\src\\Illuminate\\Pipeline\\Pipeline.php(183): Illuminate\\Cookie\\Middleware\\EncryptCookies->handle(Object(Illuminate\\Http\\Request), Object(Closure))
#33 C:\\Users\\Marin\\Downloads\\saau-final-corrigido\\saau-final\\vendor\\laravel\\framework\\src\\Illuminate\\Pipeline\\Pipeline.php(119): Illuminate\\Pipeline\\Pipeline->Illuminate\\Pipeline\\{closure}(Object(Illuminate\\Http\\Request))
#34 C:\\Users\\Marin\\Downloads\\saau-final-corrigido\\saau-final\\vendor\\laravel\\framework\\src\\Illuminate\\Routing\\Router.php(805): Illuminate\\Pipeline\\Pipeline->then(Object(Closure))
#35 C:\\Users\\Marin\\Downloads\\saau-final-corrigido\\saau-final\\vendor\\laravel\\framework\\src\\Illuminate\\Routing\\Router.php(784): Illuminate\\Routing\\Router->runRouteWithinStack(Object(Illuminate\\Routing\\Route), Object(Illuminate\\Http\\Request))
#36 C:\\Users\\Marin\\Downloads\\saau-final-corrigido\\saau-final\\vendor\\laravel\\framework\\src\\Illuminate\\Routing\\Router.php(748): Illuminate\\Routing\\Router->runRoute(Object(Illuminate\\Http\\Request), Object(Illuminate\\Routing\\Route))
#37 C:\\Users\\Marin\\Downloads\\saau-final-corrigido\\saau-final\\vendor\\laravel\\framework\\src\\Illuminate\\Routing\\Router.php(737): Illuminate\\Routing\\Router->dispatchToRoute(Object(Illuminate\\Http\\Request))
#38 C:\\Users\\Marin\\Downloads\\saau-final-corrigido\\saau-final\\vendor\\laravel\\framework\\src\\Illuminate\\Foundation\\Http\\Kernel.php(200): Illuminate\\Routing\\Router->dispatch(Object(Illuminate\\Http\\Request))
#39 C:\\Users\\Marin\\Downloads\\saau-final-corrigido\\saau-final\\vendor\\laravel\\framework\\src\\Illuminate\\Pipeline\\Pipeline.php(144): Illuminate\\Foundation\\Http\\Kernel->Illuminate\\Foundation\\Http\\{closure}(Object(Illuminate\\Http\\Request))
#40 C:\\Users\\Marin\\Downloads\\saau-final-corrigido\\saau-final\\vendor\\laravel\\framework\\src\\Illuminate\\Foundation\\Http\\Middleware\\TransformsRequest.php(21): Illuminate\\Pipeline\\Pipeline->Illuminate\\Pipeline\\{closure}(Object(Illuminate\\Http\\Request))
#41 C:\\Users\\Marin\\Downloads\\saau-final-corrigido\\saau-final\\vendor\\laravel\\framework\\src\\Illuminate\\Foundation\\Http\\Middleware\\ConvertEmptyStringsToNull.php(31): Illuminate\\Foundation\\Http\\Middleware\\TransformsRequest->handle(Object(Illuminate\\Http\\Request), Object(Closure))
#42 C:\\Users\\Marin\\Downloads\\saau-final-corrigido\\saau-final\\vendor\\laravel\\framework\\src\\Illuminate\\Pipeline\\Pipeline.php(183): Illuminate\\Foundation\\Http\\Middleware\\ConvertEmptyStringsToNull->handle(Object(Illuminate\\Http\\Request), Object(Closure))
#43 C:\\Users\\Marin\\Downloads\\saau-final-corrigido\\saau-final\\vendor\\laravel\\framework\\src\\Illuminate\\Foundation\\Http\\Middleware\\TransformsRequest.php(21): Illuminate\\Pipeline\\Pipeline->Illuminate\\Pipeline\\{closure}(Object(Illuminate\\Http\\Request))
#44 C:\\Users\\Marin\\Downloads\\saau-final-corrigido\\saau-final\\vendor\\laravel\\framework\\src\\Illuminate\\Foundation\\Http\\Middleware\\TrimStrings.php(40): Illuminate\\Foundation\\Http\\Middleware\\TransformsRequest->handle(Object(Illuminate\\Http\\Request), Object(Closure))
#45 C:\\Users\\Marin\\Downloads\\saau-final-corrigido\\saau-final\\vendor\\laravel\\framework\\src\\Illuminate\\Pipeline\\Pipeline.php(183): Illuminate\\Foundation\\Http\\Middleware\\TrimStrings->handle(Object(Illuminate\\Http\\Request), Object(Closure))
#46 C:\\Users\\Marin\\Downloads\\saau-final-corrigido\\saau-final\\vendor\\laravel\\framework\\src\\Illuminate\\Foundation\\Http\\Middleware\\ValidatePostSize.php(27): Illuminate\\Pipeline\\Pipeline->Illuminate\\Pipeline\\{closure}(Object(Illuminate\\Http\\Request))
#47 C:\\Users\\Marin\\Downloads\\saau-final-corrigido\\saau-final\\vendor\\laravel\\framework\\src\\Illuminate\\Pipeline\\Pipeline.php(183): Illuminate\\Foundation\\Http\\Middleware\\ValidatePostSize->handle(Object(Illuminate\\Http\\Request), Object(Closure))
#48 C:\\Users\\Marin\\Downloads\\saau-final-corrigido\\saau-final\\vendor\\laravel\\framework\\src\\Illuminate\\Foundation\\Http\\Middleware\\PreventRequestsDuringMaintenance.php(99): Illuminate\\Pipeline\\Pipeline->Illuminate\\Pipeline\\{closure}(Object(Illuminate\\Http\\Request))
#49 C:\\Users\\Marin\\Downloads\\saau-final-corrigido\\saau-final\\vendor\\laravel\\framework\\src\\Illuminate\\Pipeline\\Pipeline.php(183): Illuminate\\Foundation\\Http\\Middleware\\PreventRequestsDuringMaintenance->handle(Object(Illuminate\\Http\\Request), Object(Closure))
#50 C:\\Users\\Marin\\Downloads\\saau-final-corrigido\\saau-final\\vendor\\laravel\\framework\\src\\Illuminate\\Http\\Middleware\\HandleCors.php(49): Illuminate\\Pipeline\\Pipeline->Illuminate\\Pipeline\\{closure}(Object(Illuminate\\Http\\Request))
#51 C:\\Users\\Marin\\Downloads\\saau-final-corrigido\\saau-final\\vendor\\laravel\\framework\\src\\Illuminate\\Pipeline\\Pipeline.php(183): Illuminate\\Http\\Middleware\\HandleCors->handle(Object(Illuminate\\Http\\Request), Object(Closure))
#52 C:\\Users\\Marin\\Downloads\\saau-final-corrigido\\saau-final\\vendor\\laravel\\framework\\src\\Illuminate\\Http\\Middleware\\TrustProxies.php(39): Illuminate\\Pipeline\\Pipeline->Illuminate\\Pipeline\\{closure}(Object(Illuminate\\Http\\Request))
#53 C:\\Users\\Marin\\Downloads\\saau-final-corrigido\\saau-final\\vendor\\laravel\\framework\\src\\Illuminate\\Pipeline\\Pipeline.php(183): Illuminate\\Http\\Middleware\\TrustProxies->handle(Object(Illuminate\\Http\\Request), Object(Closure))
#54 C:\\Users\\Marin\\Downloads\\saau-final-corrigido\\saau-final\\vendor\\laravel\\framework\\src\\Illuminate\\Pipeline\\Pipeline.php(119): Illuminate\\Pipeline\\Pipeline->Illuminate\\Pipeline\\{closure}(Object(Illuminate\\Http\\Request))
#55 C:\\Users\\Marin\\Downloads\\saau-final-corrigido\\saau-final\\vendor\\laravel\\framework\\src\\Illuminate\\Foundation\\Http\\Kernel.php(175): Illuminate\\Pipeline\\Pipeline->then(Object(Closure))
#56 C:\\Users\\Marin\\Downloads\\saau-final-corrigido\\saau-final\\vendor\\laravel\\framework\\src\\Illuminate\\Foundation\\Http\\Kernel.php(144): Illuminate\\Foundation\\Http\\Kernel->sendRequestThroughRouter(Object(Illuminate\\Http\\Request))
#57 C:\\Users\\Marin\\Downloads\\saau-final-corrigido\\saau-final\\public\\index.php(51): Illuminate\\Foundation\\Http\\Kernel->handle(Object(Illuminate\\Http\\Request))
#58 C:\\Users\\Marin\\Downloads\\saau-final-corrigido\\saau-final\\vendor\\laravel\\framework\\src\\Illuminate\\Foundation\\resources\\server.php(16): require_once('C:\\\\Users\\\\Marin\\\\...')
#59 {main}
"} 
[2025-11-17 13:26:12] local.ERROR: file_put_contents(C:\Users\Marin\Downloads\saau-final-corrigido\saau-final\storage\framework/sessions/YrMrSH2YX3uWBTFXlqIZ84udzHGoplnfDId9dROB): Failed to open stream: No such file or directory {"exception":"[object] (ErrorException(code: 0): file_put_contents(C:\\Users\\Marin\\Downloads\\saau-final-corrigido\\saau-final\\storage\\framework/sessions/YrMrSH2YX3uWBTFXlqIZ84udzHGoplnfDId9dROB): Failed to open stream: No such file or directory at C:\\Users\\Marin\\Downloads\\saau-final-corrigido\\saau-final\\vendor\\laravel\\framework\\src\\Illuminate\\Filesystem\\Filesystem.php:204)
[stacktrace]
#0 C:\\Users\\Marin\\Downloads\\saau-final-corrigido\\saau-final\\vendor\\laravel\\framework\\src\\Illuminate\\Foundation\\Bootstrap\\HandleExceptions.php(255): Illuminate\\Foundation\\Bootstrap\\HandleExceptions->handleError(2, 'file_put_conten...', 'C:\\\\Users\\\\Marin\\\\...', 204)
#1 [internal function]: Illuminate\\Foundation\\Bootstrap\\HandleExceptions->Illuminate\\Foundation\\Bootstrap\\{closure}(2, 'file_put_conten...', 'C:\\\\Users\\\\Marin\\\\...', 204)
#2 C:\\Users\\Marin\\Downloads\\saau-final-corrigido\\saau-final\\vendor\\laravel\\framework\\src\\Illuminate\\Filesystem\\Filesystem.php(204): file_put_contents('C:\\\\Users\\\\Marin\\\\...', 'a:3:{s:6:\"_toke...', 2)
#3 C:\\Users\\Marin\\Downloads\\saau-final-corrigido\\saau-final\\vendor\\laravel\\framework\\src\\Illuminate\\Session\\FileSessionHandler.php(90): Illuminate\\Filesystem\\Filesystem->put('C:\\\\Users\\\\Marin\\\\...', 'a:3:{s:6:\"_toke...', true)
#4 C:\\Users\\Marin\\Downloads\\saau-final-corrigido\\saau-final\\vendor\\laravel\\framework\\src\\Illuminate\\Session\\Store.php(172): Illuminate\\Session\\FileSessionHandler->write('YrMrSH2YX3uWBTF...', 'a:3:{s:6:\"_toke...')
#5 C:\\Users\\Marin\\Downloads\\saau-final-corrigido\\saau-final\\vendor\\laravel\\framework\\src\\Illuminate\\Session\\Middleware\\StartSession.php(245): Illuminate\\Session\\Store->save()
#6 C:\\Users\\Marin\\Downloads\\saau-final-corrigido\\saau-final\\vendor\\laravel\\framework\\src\\Illuminate\\Session\\Middleware\\StartSession.php(130): Illuminate\\Session\\Middleware\\StartSession->saveSession(Object(Illuminate\\Http\\Request))
#7 C:\\Users\\Marin\\Downloads\\saau-final-corrigido\\saau-final\\vendor\\laravel\\framework\\src\\Illuminate\\Session\\Middleware\\StartSession.php(64): Illuminate\\Session\\Middleware\\StartSession->handleStatefulRequest(Object(Illuminate\\Http\\Request), Object(Illuminate\\Session\\Store), Object(Closure))
#8 C:\\Users\\Marin\\Downloads\\saau-final-corrigido\\saau-final\\vendor\\laravel\\framework\\src\\Illuminate\\Pipeline\\Pipeline.php(183): Illuminate\\Session\\Middleware\\StartSession->handle(Object(Illuminate\\Http\\Request), Object(Closure))
#9 C:\\Users\\Marin\\Downloads\\saau-final-corrigido\\saau-final\\vendor\\laravel\\framework\\src\\Illuminate\\Cookie\\Middleware\\AddQueuedCookiesToResponse.php(37): Illuminate\\Pipeline\\Pipeline->Illuminate\\Pipeline\\{closure}(Object(Illuminate\\Http\\Request))
#10 C:\\Users\\Marin\\Downloads\\saau-final-corrigido\\saau-final\\vendor\\laravel\\framework\\src\\Illuminate\\Pipeline\\Pipeline.php(183): Illuminate\\Cookie\\Middleware\\AddQueuedCookiesToResponse->handle(Object(Illuminate\\Http\\Request), Object(Closure))
#11 C:\\Users\\Marin\\Downloads\\saau-final-corrigido\\saau-final\\vendor\\laravel\\framework\\src\\Illuminate\\Cookie\\Middleware\\EncryptCookies.php(67): Illuminate\\Pipeline\\Pipeline->Illuminate\\Pipeline\\{closure}(Object(Illuminate\\Http\\Request))
#12 C:\\Users\\Marin\\Downloads\\saau-final-corrigido\\saau-final\\vendor\\laravel\\framework\\src\\Illuminate\\Pipeline\\Pipeline.php(183): Illuminate\\Cookie\\Middleware\\EncryptCookies->handle(Object(Illuminate\\Http\\Request), Object(Closure))
#13 C:\\Users\\Marin\\Downloads\\saau-final-corrigido\\saau-final\\vendor\\laravel\\framework\\src\\Illuminate\\Pipeline\\Pipeline.php(119): Illuminate\\Pipeline\\Pipeline->Illuminate\\Pipeline\\{closure}(Object(Illuminate\\Http\\Request))
#14 C:\\Users\\Marin\\Downloads\\saau-final-corrigido\\saau-final\\vendor\\laravel\\framework\\src\\Illuminate\\Routing\\Router.php(805): Illuminate\\Pipeline\\Pipeline->then(Object(Closure))
#15 C:\\Users\\Marin\\Downloads\\saau-final-corrigido\\saau-final\\vendor\\laravel\\framework\\src\\Illuminate\\Routing\\Router.php(784): Illuminate\\Routing\\Router->runRouteWithinStack(Object(Illuminate\\Routing\\Route), Object(Illuminate\\Http\\Request))
#16 C:\\Users\\Marin\\Downloads\\saau-final-corrigido\\saau-final\\vendor\\laravel\\framework\\src\\Illuminate\\Routing\\Router.php(748): Illuminate\\Routing\\Router->runRoute(Object(Illuminate\\Http\\Request), Object(Illuminate\\Routing\\Route))
#17 C:\\Users\\Marin\\Downloads\\saau-final-corrigido\\saau-final\\vendor\\laravel\\framework\\src\\Illuminate\\Routing\\Router.php(737): Illuminate\\Routing\\Router->dispatchToRoute(Object(Illuminate\\Http\\Request))
#18 C:\\Users\\Marin\\Downloads\\saau-final-corrigido\\saau-final\\vendor\\laravel\\framework\\src\\Illuminate\\Foundation\\Http\\Kernel.php(200): Illuminate\\Routing\\Router->dispatch(Object(Illuminate\\Http\\Request))
#19 C:\\Users\\Marin\\Downloads\\saau-final-corrigido\\saau-final\\vendor\\laravel\\framework\\src\\Illuminate\\Pipeline\\Pipeline.php(144): Illuminate\\Foundation\\Http\\Kernel->Illuminate\\Foundation\\Http\\{closure}(Object(Illuminate\\Http\\Request))
#20 C:\\Users\\Marin\\Downloads\\saau-final-corrigido\\saau-final\\vendor\\laravel\\framework\\src\\Illuminate\\Foundation\\Http\\Middleware\\TransformsRequest.php(21): Illuminate\\Pipeline\\Pipeline->Illuminate\\Pipeline\\{closure}(Object(Illuminate\\Http\\Request))
#21 C:\\Users\\Marin\\Downloads\\saau-final-corrigido\\saau-final\\vendor\\laravel\\framework\\src\\Illuminate\\Foundation\\Http\\Middleware\\ConvertEmptyStringsToNull.php(31): Illuminate\\Foundation\\Http\\Middleware\\TransformsRequest->handle(Object(Illuminate\\Http\\Request), Object(Closure))
#22 C:\\Users\\Marin\\Downloads\\saau-final-corrigido\\saau-final\\vendor\\laravel\\framework\\src\\Illuminate\\Pipeline\\Pipeline.php(183): Illuminate\\Foundation\\Http\\Middleware\\ConvertEmptyStringsToNull->handle(Object(Illuminate\\Http\\Request), Object(Closure))
#23 C:\\Users\\Marin\\Downloads\\saau-final-corrigido\\saau-final\\vendor\\laravel\\framework\\src\\Illuminate\\Foundation\\Http\\Middleware\\TransformsRequest.php(21): Illuminate\\Pipeline\\Pipeline->Illuminate\\Pipeline\\{closure}(Object(Illuminate\\Http\\Request))
#24 C:\\Users\\Marin\\Downloads\\saau-final-corrigido\\saau-final\\vendor\\laravel\\framework\\src\\Illuminate\\Foundation\\Http\\Middleware\\TrimStrings.php(40): Illuminate\\Foundation\\Http\\Middleware\\TransformsRequest->handle(Object(Illuminate\\Http\\Request), Object(Closure))
#25 C:\\Users\\Marin\\Downloads\\saau-final-corrigido\\saau-final\\vendor\\laravel\\framework\\src\\Illuminate\\Pipeline\\Pipeline.php(183): Illuminate\\Foundation\\Http\\Middleware\\TrimStrings->handle(Object(Illuminate\\Http\\Request), Object(Closure))
#26 C:\\Users\\Marin\\Downloads\\saau-final-corrigido\\saau-final\\vendor\\laravel\\framework\\src\\Illuminate\\Foundation\\Http\\Middleware\\ValidatePostSize.php(27): Illuminate\\Pipeline\\Pipeline->Illuminate\\Pipeline\\{closure}(Object(Illuminate\\Http\\Request))
#27 C:\\Users\\Marin\\Downloads\\saau-final-corrigido\\saau-final\\vendor\\laravel\\framework\\src\\Illuminate\\Pipeline\\Pipeline.php(183): Illuminate\\Foundation\\Http\\Middleware\\ValidatePostSize->handle(Object(Illuminate\\Http\\Request), Object(Closure))
#28 C:\\Users\\Marin\\Downloads\\saau-final-corrigido\\saau-final\\vendor\\laravel\\framework\\src\\Illuminate\\Foundation\\Http\\Middleware\\PreventRequestsDuringMaintenance.php(99): Illuminate\\Pipeline\\Pipeline->Illuminate\\Pipeline\\{closure}(Object(Illuminate\\Http\\Request))
#29 C:\\Users\\Marin\\Downloads\\saau-final-corrigido\\saau-final\\vendor\\laravel\\framework\\src\\Illuminate\\Pipeline\\Pipeline.php(183): Illuminate\\Foundation\\Http\\Middleware\\PreventRequestsDuringMaintenance->handle(Object(Illuminate\\Http\\Request), Object(Closure))
#30 C:\\Users\\Marin\\Downloads\\saau-final-corrigido\\saau-final\\vendor\\laravel\\framework\\src\\Illuminate\\Http\\Middleware\\HandleCors.php(49): Illuminate\\Pipeline\\Pipeline->Illuminate\\Pipeline\\{closure}(Object(Illuminate\\Http\\Request))
#31 C:\\Users\\Marin\\Downloads\\saau-final-corrigido\\saau-final\\vendor\\laravel\\framework\\src\\Illuminate\\Pipeline\\Pipeline.php(183): Illuminate\\Http\\Middleware\\HandleCors->handle(Object(Illuminate\\Http\\Request), Object(Closure))
#32 C:\\Users\\Marin\\Downloads\\saau-final-corrigido\\saau-final\\vendor\\laravel\\framework\\src\\Illuminate\\Http\\Middleware\\TrustProxies.php(39): Illuminate\\Pipeline\\Pipeline->Illuminate\\Pipeline\\{closure}(Object(Illuminate\\Http\\Request))
#33 C:\\Users\\Marin\\Downloads\\saau-final-corrigido\\saau-final\\vendor\\laravel\\framework\\src\\Illuminate\\Pipeline\\Pipeline.php(183): Illuminate\\Http\\Middleware\\TrustProxies->handle(Object(Illuminate\\Http\\Request), Object(Closure))
#34 C:\\Users\\Marin\\Downloads\\saau-final-corrigido\\saau-final\\vendor\\laravel\\framework\\src\\Illuminate\\Pipeline\\Pipeline.php(119): Illuminate\\Pipeline\\Pipeline->Illuminate\\Pipeline\\{closure}(Object(Illuminate\\Http\\Request))
#35 C:\\Users\\Marin\\Downloads\\saau-final-corrigido\\saau-final\\vendor\\laravel\\framework\\src\\Illuminate\\Foundation\\Http\\Kernel.php(175): Illuminate\\Pipeline\\Pipeline->then(Object(Closure))
#36 C:\\Users\\Marin\\Downloads\\saau-final-corrigido\\saau-final\\vendor\\laravel\\framework\\src\\Illuminate\\Foundation\\Http\\Kernel.php(144): Illuminate\\Foundation\\Http\\Kernel->sendRequestThroughRouter(Object(Illuminate\\Http\\Request))
#37 C:\\Users\\Marin\\Downloads\\saau-final-corrigido\\saau-final\\public\\index.php(51): Illuminate\\Foundation\\Http\\Kernel->handle(Object(Illuminate\\Http\\Request))
#38 C:\\Users\\Marin\\Downloads\\saau-final-corrigido\\saau-final\\vendor\\laravel\\framework\\src\\Illuminate\\Foundation\\resources\\server.php(16): require_once('C:\\\\Users\\\\Marin\\\\...')
#39 {main}
"} 
[2025-11-17 13:26:15] local.ERROR: Please provide a valid cache path. {"exception":"[object] (InvalidArgumentException(code: 0): Please provide a valid cache path. at C:\\Users\\Marin\\Downloads\\saau-final-corrigido\\saau-final\\vendor\\laravel\\framework\\src\\Illuminate\\View\\Compilers\\Compiler.php:67)
[stacktrace]
#0 C:\\Users\\Marin\\Downloads\\saau-final-corrigido\\saau-final\\vendor\\laravel\\framework\\src\\Illuminate\\View\\ViewServiceProvider.php(97): Illuminate\\View\\Compilers\\Compiler->__construct(Object(Illuminate\\Filesystem\\Filesystem), false, '', true, 'php')
#1 C:\\Users\\Marin\\Downloads\\saau-final-corrigido\\saau-final\\vendor\\laravel\\framework\\src\\Illuminate\\Container\\Container.php(908): Illuminate\\View\\ViewServiceProvider->Illuminate\\View\\{closure}(Object(Illuminate\\Foundation\\Application), Array)
#2 C:\\Users\\Marin\\Downloads\\saau-final-corrigido\\saau-final\\vendor\\laravel\\framework\\src\\Illuminate\\Container\\Container.php(795): Illuminate\\Container\\Container->build(Object(Closure))
#3 C:\\Users\\Marin\\Downloads\\saau-final-corrigido\\saau-final\\vendor\\laravel\\framework\\src\\Illuminate\\Foundation\\Application.php(986): Illuminate\\Container\\Container->resolve('blade.compiler', Array, true)
#4 C:\\Users\\Marin\\Downloads\\saau-final-corrigido\\saau-final\\vendor\\laravel\\framework\\src\\Illuminate\\Container\\Container.php(731): Illuminate\\Foundation\\Application->resolve('blade.compiler', Array)
#5 C:\\Users\\Marin\\Downloads\\saau-final-corrigido\\saau-final\\vendor\\laravel\\framework\\src\\Illuminate\\Foundation\\Application.php(971): Illuminate\\Container\\Container->make('blade.compiler', Array)
#6 C:\\Users\\Marin\\Downloads\\saau-final-corrigido\\saau-final\\vendor\\laravel\\framework\\src\\Illuminate\\View\\ViewServiceProvider.php(168): Illuminate\\Foundation\\Application->make('blade.compiler')
#7 [internal function]: Illuminate\\View\\ViewServiceProvider->Illuminate\\View\\{closure}()
#8 C:\\Users\\Marin\\Downloads\\saau-final-corrigido\\saau-final\\vendor\\laravel\\framework\\src\\Illuminate\\View\\Engines\\EngineResolver.php(55): call_user_func(Object(Closure))
#9 C:\\Users\\Marin\\Downloads\\saau-final-corrigido\\saau-final\\vendor\\laravel\\framework\\src\\Illuminate\\View\\Factory.php(310): Illuminate\\View\\Engines\\EngineResolver->resolve('blade')
#10 C:\\Users\\Marin\\Downloads\\saau-final-corrigido\\saau-final\\vendor\\laravel\\framework\\src\\Illuminate\\View\\Factory.php(274): Illuminate\\View\\Factory->getEngineFromPath('C:\\\\Users\\\\Marin\\\\...')
#11 C:\\Users\\Marin\\Downloads\\saau-final-corrigido\\saau-final\\vendor\\laravel\\framework\\src\\Illuminate\\View\\Factory.php(146): Illuminate\\View\\Factory->viewInstance('public.home', 'C:\\\\Users\\\\Marin\\\\...', Array)
#12 C:\\Users\\Marin\\Downloads\\saau-final-corrigido\\saau-final\\vendor\\laravel\\framework\\src\\Illuminate\\Foundation\\helpers.php(1020): Illuminate\\View\\Factory->make('public.home', Array, Array)
#13 C:\\Users\\Marin\\Downloads\\saau-final-corrigido\\saau-final\\app\\Http\\Controllers\\PublicController.php(27): view('public.home', Array)
#14 C:\\Users\\Marin\\Downloads\\saau-final-corrigido\\saau-final\\vendor\\laravel\\framework\\src\\Illuminate\\Routing\\Controller.php(54): App\\Http\\Controllers\\PublicController->home()
#15 C:\\Users\\Marin\\Downloads\\saau-final-corrigido\\saau-final\\vendor\\laravel\\framework\\src\\Illuminate\\Routing\\ControllerDispatcher.php(43): Illuminate\\Routing\\Controller->callAction('home', Array)
#16 C:\\Users\\Marin\\Downloads\\saau-final-corrigido\\saau-final\\vendor\\laravel\\framework\\src\\Illuminate\\Routing\\Route.php(259): Illuminate\\Routing\\ControllerDispatcher->dispatch(Object(Illuminate\\Routing\\Route), Object(App\\Http\\Controllers\\PublicController), 'home')
#17 C:\\Users\\Marin\\Downloads\\saau-final-corrigido\\saau-final\\vendor\\laravel\\framework\\src\\Illuminate\\Routing\\Route.php(205): Illuminate\\Routing\\Route->runController()
#18 C:\\Users\\Marin\\Downloads\\saau-final-corrigido\\saau-final\\vendor\\laravel\\framework\\src\\Illuminate\\Routing\\Router.php(806): Illuminate\\Routing\\Route->run()
#19 C:\\Users\\Marin\\Downloads\\saau-final-corrigido\\saau-final\\vendor\\laravel\\framework\\src\\Illuminate\\Pipeline\\Pipeline.php(144): Illuminate\\Routing\\Router->Illuminate\\Routing\\{closure}(Object(Illuminate\\Http\\Request))
#20 C:\\Users\\Marin\\Downloads\\saau-final-corrigido\\saau-final\\vendor\\laravel\\framework\\src\\Illuminate\\Routing\\Middleware\\SubstituteBindings.php(50): Illuminate\\Pipeline\\Pipeline->Illuminate\\Pipeline\\{closure}(Object(Illuminate\\Http\\Request))
#21 C:\\Users\\Marin\\Downloads\\saau-final-corrigido\\saau-final\\vendor\\laravel\\framework\\src\\Illuminate\\Pipeline\\Pipeline.php(183): Illuminate\\Routing\\Middleware\\SubstituteBindings->handle(Object(Illuminate\\Http\\Request), Object(Closure))
#22 C:\\Users\\Marin\\Downloads\\saau-final-corrigido\\saau-final\\vendor\\laravel\\framework\\src\\Illuminate\\Foundation\\Http\\Middleware\\VerifyCsrfToken.php(78): Illuminate\\Pipeline\\Pipeline->Illuminate\\Pipeline\\{closure}(Object(Illuminate\\Http\\Request))
#23 C:\\Users\\Marin\\Downloads\\saau-final-corrigido\\saau-final\\vendor\\laravel\\framework\\src\\Illuminate\\Pipeline\\Pipeline.php(183): Illuminate\\Foundation\\Http\\Middleware\\VerifyCsrfToken->handle(Object(Illuminate\\Http\\Request), Object(Closure))
#24 C:\\Users\\Marin\\Downloads\\saau-final-corrigido\\saau-final\\vendor\\laravel\\framework\\src\\Illuminate\\View\\Middleware\\ShareErrorsFromSession.php(49): Illuminate\\Pipeline\\Pipeline->Illuminate\\Pipeline\\{closure}(Object(Illuminate\\Http\\Request))
#25 C:\\Users\\Marin\\Downloads\\saau-final-corrigido\\saau-final\\vendor\\laravel\\framework\\src\\Illuminate\\Pipeline\\Pipeline.php(183): Illuminate\\View\\Middleware\\ShareErrorsFromSession->handle(Object(Illuminate\\Http\\Request), Object(Closure))
#26 C:\\Users\\Marin\\Downloads\\saau-final-corrigido\\saau-final\\vendor\\laravel\\framework\\src\\Illuminate\\Session\\Middleware\\StartSession.php(121): Illuminate\\Pipeline\\Pipeline->Illuminate\\Pipeline\\{closure}(Object(Illuminate\\Http\\Request))
#27 C:\\Users\\Marin\\Downloads\\saau-final-corrigido\\saau-final\\vendor\\laravel\\framework\\src\\Illuminate\\Session\\Middleware\\StartSession.php(64): Illuminate\\Session\\Middleware\\StartSession->handleStatefulRequest(Object(Illuminate\\Http\\Request), Object(Illuminate\\Session\\Store), Object(Closure))
#28 C:\\Users\\Marin\\Downloads\\saau-final-corrigido\\saau-final\\vendor\\laravel\\framework\\src\\Illuminate\\Pipeline\\Pipeline.php(183): Illuminate\\Session\\Middleware\\StartSession->handle(Object(Illuminate\\Http\\Request), Object(Closure))
#29 C:\\Users\\Marin\\Downloads\\saau-final-corrigido\\saau-final\\vendor\\laravel\\framework\\src\\Illuminate\\Cookie\\Middleware\\AddQueuedCookiesToResponse.php(37): Illuminate\\Pipeline\\Pipeline->Illuminate\\Pipeline\\{closure}(Object(Illuminate\\Http\\Request))
#30 C:\\Users\\Marin\\Downloads\\saau-final-corrigido\\saau-final\\vendor\\laravel\\framework\\src\\Illuminate\\Pipeline\\Pipeline.php(183): Illuminate\\Cookie\\Middleware\\AddQueuedCookiesToResponse->handle(Object(Illuminate\\Http\\Request), Object(Closure))
#31 C:\\Users\\Marin\\Downloads\\saau-final-corrigido\\saau-final\\vendor\\laravel\\framework\\src\\Illuminate\\Cookie\\Middleware\\EncryptCookies.php(67): Illuminate\\Pipeline\\Pipeline->Illuminate\\Pipeline\\{closure}(Object(Illuminate\\Http\\Request))
#32 C:\\Users\\Marin\\Downloads\\saau-final-corrigido\\saau-final\\vendor\\laravel\\framework\\src\\Illuminate\\Pipeline\\Pipeline.php(183): Illuminate\\Cookie\\Middleware\\EncryptCookies->handle(Object(Illuminate\\Http\\Request), Object(Closure))
#33 C:\\Users\\Marin\\Downloads\\saau-final-corrigido\\saau-final\\vendor\\laravel\\framework\\src\\Illuminate\\Pipeline\\Pipeline.php(119): Illuminate\\Pipeline\\Pipeline->Illuminate\\Pipeline\\{closure}(Object(Illuminate\\Http\\Request))
#34 C:\\Users\\Marin\\Downloads\\saau-final-corrigido\\saau-final\\vendor\\laravel\\framework\\src\\Illuminate\\Routing\\Router.php(805): Illuminate\\Pipeline\\Pipeline->then(Object(Closure))
#35 C:\\Users\\Marin\\Downloads\\saau-final-corrigido\\saau-final\\vendor\\laravel\\framework\\src\\Illuminate\\Routing\\Router.php(784): Illuminate\\Routing\\Router->runRouteWithinStack(Object(Illuminate\\Routing\\Route), Object(Illuminate\\Http\\Request))
#36 C:\\Users\\Marin\\Downloads\\saau-final-corrigido\\saau-final\\vendor\\laravel\\framework\\src\\Illuminate\\Routing\\Router.php(748): Illuminate\\Routing\\Router->runRoute(Object(Illuminate\\Http\\Request), Object(Illuminate\\Routing\\Route))
#37 C:\\Users\\Marin\\Downloads\\saau-final-corrigido\\saau-final\\vendor\\laravel\\framework\\src\\Illuminate\\Routing\\Router.php(737): Illuminate\\Routing\\Router->dispatchToRoute(Object(Illuminate\\Http\\Request))
#38 C:\\Users\\Marin\\Downloads\\saau-final-corrigido\\saau-final\\vendor\\laravel\\framework\\src\\Illuminate\\Foundation\\Http\\Kernel.php(200): Illuminate\\Routing\\Router->dispatch(Object(Illuminate\\Http\\Request))
#39 C:\\Users\\Marin\\Downloads\\saau-final-corrigido\\saau-final\\vendor\\laravel\\framework\\src\\Illuminate\\Pipeline\\Pipeline.php(144): Illuminate\\Foundation\\Http\\Kernel->Illuminate\\Foundation\\Http\\{closure}(Object(Illuminate\\Http\\Request))
#40 C:\\Users\\Marin\\Downloads\\saau-final-corrigido\\saau-final\\vendor\\laravel\\framework\\src\\Illuminate\\Foundation\\Http\\Middleware\\TransformsRequest.php(21): Illuminate\\Pipeline\\Pipeline->Illuminate\\Pipeline\\{closure}(Object(Illuminate\\Http\\Request))
#41 C:\\Users\\Marin\\Downloads\\saau-final-corrigido\\saau-final\\vendor\\laravel\\framework\\src\\Illuminate\\Foundation\\Http\\Middleware\\ConvertEmptyStringsToNull.php(31): Illuminate\\Foundation\\Http\\Middleware\\TransformsRequest->handle(Object(Illuminate\\Http\\Request), Object(Closure))
#42 C:\\Users\\Marin\\Downloads\\saau-final-corrigido\\saau-final\\vendor\\laravel\\framework\\src\\Illuminate\\Pipeline\\Pipeline.php(183): Illuminate\\Foundation\\Http\\Middleware\\ConvertEmptyStringsToNull->handle(Object(Illuminate\\Http\\Request), Object(Closure))
#43 C:\\Users\\Marin\\Downloads\\saau-final-corrigido\\saau-final\\vendor\\laravel\\framework\\src\\Illuminate\\Foundation\\Http\\Middleware\\TransformsRequest.php(21): Illuminate\\Pipeline\\Pipeline->Illuminate\\Pipeline\\{closure}(Object(Illuminate\\Http\\Request))
#44 C:\\Users\\Marin\\Downloads\\saau-final-corrigido\\saau-final\\vendor\\laravel\\framework\\src\\Illuminate\\Foundation\\Http\\Middleware\\TrimStrings.php(40): Illuminate\\Foundation\\Http\\Middleware\\TransformsRequest->handle(Object(Illuminate\\Http\\Request), Object(Closure))
#45 C:\\Users\\Marin\\Downloads\\saau-final-corrigido\\saau-final\\vendor\\laravel\\framework\\src\\Illuminate\\Pipeline\\Pipeline.php(183): Illuminate\\Foundation\\Http\\Middleware\\TrimStrings->handle(Object(Illuminate\\Http\\Request), Object(Closure))
#46 C:\\Users\\Marin\\Downloads\\saau-final-corrigido\\saau-final\\vendor\\laravel\\framework\\src\\Illuminate\\Foundation\\Http\\Middleware\\ValidatePostSize.php(27): Illuminate\\Pipeline\\Pipeline->Illuminate\\Pipeline\\{closure}(Object(Illuminate\\Http\\Request))
#47 C:\\Users\\Marin\\Downloads\\saau-final-corrigido\\saau-final\\vendor\\laravel\\framework\\src\\Illuminate\\Pipeline\\Pipeline.php(183): Illuminate\\Foundation\\Http\\Middleware\\ValidatePostSize->handle(Object(Illuminate\\Http\\Request), Object(Closure))
#48 C:\\Users\\Marin\\Downloads\\saau-final-corrigido\\saau-final\\vendor\\laravel\\framework\\src\\Illuminate\\Foundation\\Http\\Middleware\\PreventRequestsDuringMaintenance.php(99): Illuminate\\Pipeline\\Pipeline->Illuminate\\Pipeline\\{closure}(Object(Illuminate\\Http\\Request))
#49 C:\\Users\\Marin\\Downloads\\saau-final-corrigido\\saau-final\\vendor\\laravel\\framework\\src\\Illuminate\\Pipeline\\Pipeline.php(183): Illuminate\\Foundation\\Http\\Middleware\\PreventRequestsDuringMaintenance->handle(Object(Illuminate\\Http\\Request), Object(Closure))
#50 C:\\Users\\Marin\\Downloads\\saau-final-corrigido\\saau-final\\vendor\\laravel\\framework\\src\\Illuminate\\Http\\Middleware\\HandleCors.php(49): Illuminate\\Pipeline\\Pipeline->Illuminate\\Pipeline\\{closure}(Object(Illuminate\\Http\\Request))
#51 C:\\Users\\Marin\\Downloads\\saau-final-corrigido\\saau-final\\vendor\\laravel\\framework\\src\\Illuminate\\Pipeline\\Pipeline.php(183): Illuminate\\Http\\Middleware\\HandleCors->handle(Object(Illuminate\\Http\\Request), Object(Closure))
#52 C:\\Users\\Marin\\Downloads\\saau-final-corrigido\\saau-final\\vendor\\laravel\\framework\\src\\Illuminate\\Http\\Middleware\\TrustProxies.php(39): Illuminate\\Pipeline\\Pipeline->Illuminate\\Pipeline\\{closure}(Object(Illuminate\\Http\\Request))
#53 C:\\Users\\Marin\\Downloads\\saau-final-corrigido\\saau-final\\vendor\\laravel\\framework\\src\\Illuminate\\Pipeline\\Pipeline.php(183): Illuminate\\Http\\Middleware\\TrustProxies->handle(Object(Illuminate\\Http\\Request), Object(Closure))
#54 C:\\Users\\Marin\\Downloads\\saau-final-corrigido\\saau-final\\vendor\\laravel\\framework\\src\\Illuminate\\Pipeline\\Pipeline.php(119): Illuminate\\Pipeline\\Pipeline->Illuminate\\Pipeline\\{closure}(Object(Illuminate\\Http\\Request))
#55 C:\\Users\\Marin\\Downloads\\saau-final-corrigido\\saau-final\\vendor\\laravel\\framework\\src\\Illuminate\\Foundation\\Http\\Kernel.php(175): Illuminate\\Pipeline\\Pipeline->then(Object(Closure))
#56 C:\\Users\\Marin\\Downloads\\saau-final-corrigido\\saau-final\\vendor\\laravel\\framework\\src\\Illuminate\\Foundation\\Http\\Kernel.php(144): Illuminate\\Foundation\\Http\\Kernel->sendRequestThroughRouter(Object(Illuminate\\Http\\Request))
#57 C:\\Users\\Marin\\Downloads\\saau-final-corrigido\\saau-final\\public\\index.php(51): Illuminate\\Foundation\\Http\\Kernel->handle(Object(Illuminate\\Http\\Request))
#58 C:\\Users\\Marin\\Downloads\\saau-final-corrigido\\saau-final\\vendor\\laravel\\framework\\src\\Illuminate\\Foundation\\resources\\server.php(16): require_once('C:\\\\Users\\\\Marin\\\\...')
#59 {main}
"} 
[2025-11-17 13:26:16] local.ERROR: file_put_contents(C:\Users\Marin\Downloads\saau-final-corrigido\saau-final\storage\framework/sessions/3yaH9gICUnP08czUYIKQNCDYJMJYBrLU0dmBZjEb): Failed to open stream: No such file or directory {"exception":"[object] (ErrorException(code: 0): file_put_contents(C:\\Users\\Marin\\Downloads\\saau-final-corrigido\\saau-final\\storage\\framework/sessions/3yaH9gICUnP08czUYIKQNCDYJMJYBrLU0dmBZjEb): Failed to open stream: No such file or directory at C:\\Users\\Marin\\Downloads\\saau-final-corrigido\\saau-final\\vendor\\laravel\\framework\\src\\Illuminate\\Filesystem\\Filesystem.php:204)
[stacktrace]
#0 C:\\Users\\Marin\\Downloads\\saau-final-corrigido\\saau-final\\vendor\\laravel\\framework\\src\\Illuminate\\Foundation\\Bootstrap\\HandleExceptions.php(255): Illuminate\\Foundation\\Bootstrap\\HandleExceptions->handleError(2, 'file_put_conten...', 'C:\\\\Users\\\\Marin\\\\...', 204)
#1 [internal function]: Illuminate\\Foundation\\Bootstrap\\HandleExceptions->Illuminate\\Foundation\\Bootstrap\\{closure}(2, 'file_put_conten...', 'C:\\\\Users\\\\Marin\\\\...', 204)
#2 C:\\Users\\Marin\\Downloads\\saau-final-corrigido\\saau-final\\vendor\\laravel\\framework\\src\\Illuminate\\Filesystem\\Filesystem.php(204): file_put_contents('C:\\\\Users\\\\Marin\\\\...', 'a:3:{s:6:\"_toke...', 2)
#3 C:\\Users\\Marin\\Downloads\\saau-final-corrigido\\saau-final\\vendor\\laravel\\framework\\src\\Illuminate\\Session\\FileSessionHandler.php(90): Illuminate\\Filesystem\\Filesystem->put('C:\\\\Users\\\\Marin\\\\...', 'a:3:{s:6:\"_toke...', true)
#4 C:\\Users\\Marin\\Downloads\\saau-final-corrigido\\saau-final\\vendor\\laravel\\framework\\src\\Illuminate\\Session\\Store.php(172): Illuminate\\Session\\FileSessionHandler->write('3yaH9gICUnP08cz...', 'a:3:{s:6:\"_toke...')
#5 C:\\Users\\Marin\\Downloads\\saau-final-corrigido\\saau-final\\vendor\\laravel\\framework\\src\\Illuminate\\Session\\Middleware\\StartSession.php(245): Illuminate\\Session\\Store->save()
#6 C:\\Users\\Marin\\Downloads\\saau-final-corrigido\\saau-final\\vendor\\laravel\\framework\\src\\Illuminate\\Session\\Middleware\\StartSession.php(130): Illuminate\\Session\\Middleware\\StartSession->saveSession(Object(Illuminate\\Http\\Request))
#7 C:\\Users\\Marin\\Downloads\\saau-final-corrigido\\saau-final\\vendor\\laravel\\framework\\src\\Illuminate\\Session\\Middleware\\StartSession.php(64): Illuminate\\Session\\Middleware\\StartSession->handleStatefulRequest(Object(Illuminate\\Http\\Request), Object(Illuminate\\Session\\Store), Object(Closure))
#8 C:\\Users\\Marin\\Downloads\\saau-final-corrigido\\saau-final\\vendor\\laravel\\framework\\src\\Illuminate\\Pipeline\\Pipeline.php(183): Illuminate\\Session\\Middleware\\StartSession->handle(Object(Illuminate\\Http\\Request), Object(Closure))
#9 C:\\Users\\Marin\\Downloads\\saau-final-corrigido\\saau-final\\vendor\\laravel\\framework\\src\\Illuminate\\Cookie\\Middleware\\AddQueuedCookiesToResponse.php(37): Illuminate\\Pipeline\\Pipeline->Illuminate\\Pipeline\\{closure}(Object(Illuminate\\Http\\Request))
#10 C:\\Users\\Marin\\Downloads\\saau-final-corrigido\\saau-final\\vendor\\laravel\\framework\\src\\Illuminate\\Pipeline\\Pipeline.php(183): Illuminate\\Cookie\\Middleware\\AddQueuedCookiesToResponse->handle(Object(Illuminate\\Http\\Request), Object(Closure))
#11 C:\\Users\\Marin\\Downloads\\saau-final-corrigido\\saau-final\\vendor\\laravel\\framework\\src\\Illuminate\\Cookie\\Middleware\\EncryptCookies.php(67): Illuminate\\Pipeline\\Pipeline->Illuminate\\Pipeline\\{closure}(Object(Illuminate\\Http\\Request))
#12 C:\\Users\\Marin\\Downloads\\saau-final-corrigido\\saau-final\\vendor\\laravel\\framework\\src\\Illuminate\\Pipeline\\Pipeline.php(183): Illuminate\\Cookie\\Middleware\\EncryptCookies->handle(Object(Illuminate\\Http\\Request), Object(Closure))
#13 C:\\Users\\Marin\\Downloads\\saau-final-corrigido\\saau-final\\vendor\\laravel\\framework\\src\\Illuminate\\Pipeline\\Pipeline.php(119): Illuminate\\Pipeline\\Pipeline->Illuminate\\Pipeline\\{closure}(Object(Illuminate\\Http\\Request))
#14 C:\\Users\\Marin\\Downloads\\saau-final-corrigido\\saau-final\\vendor\\laravel\\framework\\src\\Illuminate\\Routing\\Router.php(805): Illuminate\\Pipeline\\Pipeline->then(Object(Closure))
#15 C:\\Users\\Marin\\Downloads\\saau-final-corrigido\\saau-final\\vendor\\laravel\\framework\\src\\Illuminate\\Routing\\Router.php(784): Illuminate\\Routing\\Router->runRouteWithinStack(Object(Illuminate\\Routing\\Route), Object(Illuminate\\Http\\Request))
#16 C:\\Users\\Marin\\Downloads\\saau-final-corrigido\\saau-final\\vendor\\laravel\\framework\\src\\Illuminate\\Routing\\Router.php(748): Illuminate\\Routing\\Router->runRoute(Object(Illuminate\\Http\\Request), Object(Illuminate\\Routing\\Route))
#17 C:\\Users\\Marin\\Downloads\\saau-final-corrigido\\saau-final\\vendor\\laravel\\framework\\src\\Illuminate\\Routing\\Router.php(737): Illuminate\\Routing\\Router->dispatchToRoute(Object(Illuminate\\Http\\Request))
#18 C:\\Users\\Marin\\Downloads\\saau-final-corrigido\\saau-final\\vendor\\laravel\\framework\\src\\Illuminate\\Foundation\\Http\\Kernel.php(200): Illuminate\\Routing\\Router->dispatch(Object(Illuminate\\Http\\Request))
#19 C:\\Users\\Marin\\Downloads\\saau-final-corrigido\\saau-final\\vendor\\laravel\\framework\\src\\Illuminate\\Pipeline\\Pipeline.php(144): Illuminate\\Foundation\\Http\\Kernel->Illuminate\\Foundation\\Http\\{closure}(Object(Illuminate\\Http\\Request))
#20 C:\\Users\\Marin\\Downloads\\saau-final-corrigido\\saau-final\\vendor\\laravel\\framework\\src\\Illuminate\\Foundation\\Http\\Middleware\\TransformsRequest.php(21): Illuminate\\Pipeline\\Pipeline->Illuminate\\Pipeline\\{closure}(Object(Illuminate\\Http\\Request))
#21 C:\\Users\\Marin\\Downloads\\saau-final-corrigido\\saau-final\\vendor\\laravel\\framework\\src\\Illuminate\\Foundation\\Http\\Middleware\\ConvertEmptyStringsToNull.php(31): Illuminate\\Foundation\\Http\\Middleware\\TransformsRequest->handle(Object(Illuminate\\Http\\Request), Object(Closure))
#22 C:\\Users\\Marin\\Downloads\\saau-final-corrigido\\saau-final\\vendor\\laravel\\framework\\src\\Illuminate\\Pipeline\\Pipeline.php(183): Illuminate\\Foundation\\Http\\Middleware\\ConvertEmptyStringsToNull->handle(Object(Illuminate\\Http\\Request), Object(Closure))
#23 C:\\Users\\Marin\\Downloads\\saau-final-corrigido\\saau-final\\vendor\\laravel\\framework\\src\\Illuminate\\Foundation\\Http\\Middleware\\TransformsRequest.php(21): Illuminate\\Pipeline\\Pipeline->Illuminate\\Pipeline\\{closure}(Object(Illuminate\\Http\\Request))
#24 C:\\Users\\Marin\\Downloads\\saau-final-corrigido\\saau-final\\vendor\\laravel\\framework\\src\\Illuminate\\Foundation\\Http\\Middleware\\TrimStrings.php(40): Illuminate\\Foundation\\Http\\Middleware\\TransformsRequest->handle(Object(Illuminate\\Http\\Request), Object(Closure))
#25 C:\\Users\\Marin\\Downloads\\saau-final-corrigido\\saau-final\\vendor\\laravel\\framework\\src\\Illuminate\\Pipeline\\Pipeline.php(183): Illuminate\\Foundation\\Http\\Middleware\\TrimStrings->handle(Object(Illuminate\\Http\\Request), Object(Closure))
#26 C:\\Users\\Marin\\Downloads\\saau-final-corrigido\\saau-final\\vendor\\laravel\\framework\\src\\Illuminate\\Foundation\\Http\\Middleware\\ValidatePostSize.php(27): Illuminate\\Pipeline\\Pipeline->Illuminate\\Pipeline\\{closure}(Object(Illuminate\\Http\\Request))
#27 C:\\Users\\Marin\\Downloads\\saau-final-corrigido\\saau-final\\vendor\\laravel\\framework\\src\\Illuminate\\Pipeline\\Pipeline.php(183): Illuminate\\Foundation\\Http\\Middleware\\ValidatePostSize->handle(Object(Illuminate\\Http\\Request), Object(Closure))
#28 C:\\Users\\Marin\\Downloads\\saau-final-corrigido\\saau-final\\vendor\\laravel\\framework\\src\\Illuminate\\Foundation\\Http\\Middleware\\PreventRequestsDuringMaintenance.php(99): Illuminate\\Pipeline\\Pipeline->Illuminate\\Pipeline\\{closure}(Object(Illuminate\\Http\\Request))
#29 C:\\Users\\Marin\\Downloads\\saau-final-corrigido\\saau-final\\vendor\\laravel\\framework\\src\\Illuminate\\Pipeline\\Pipeline.php(183): Illuminate\\Foundation\\Http\\Middleware\\PreventRequestsDuringMaintenance->handle(Object(Illuminate\\Http\\Request), Object(Closure))
#30 C:\\Users\\Marin\\Downloads\\saau-final-corrigido\\saau-final\\vendor\\laravel\\framework\\src\\Illuminate\\Http\\Middleware\\HandleCors.php(49): Illuminate\\Pipeline\\Pipeline->Illuminate\\Pipeline\\{closure}(Object(Illuminate\\Http\\Request))
#31 C:\\Users\\Marin\\Downloads\\saau-final-corrigido\\saau-final\\vendor\\laravel\\framework\\src\\Illuminate\\Pipeline\\Pipeline.php(183): Illuminate\\Http\\Middleware\\HandleCors->handle(Object(Illuminate\\Http\\Request), Object(Closure))
#32 C:\\Users\\Marin\\Downloads\\saau-final-corrigido\\saau-final\\vendor\\laravel\\framework\\src\\Illuminate\\Http\\Middleware\\TrustProxies.php(39): Illuminate\\Pipeline\\Pipeline->Illuminate\\Pipeline\\{closure}(Object(Illuminate\\Http\\Request))
#33 C:\\Users\\Marin\\Downloads\\saau-final-corrigido\\saau-final\\vendor\\laravel\\framework\\src\\Illuminate\\Pipeline\\Pipeline.php(183): Illuminate\\Http\\Middleware\\TrustProxies->handle(Object(Illuminate\\Http\\Request), Object(Closure))
#34 C:\\Users\\Marin\\Downloads\\saau-final-corrigido\\saau-final\\vendor\\laravel\\framework\\src\\Illuminate\\Pipeline\\Pipeline.php(119): Illuminate\\Pipeline\\Pipeline->Illuminate\\Pipeline\\{closure}(Object(Illuminate\\Http\\Request))
#35 C:\\Users\\Marin\\Downloads\\saau-final-corrigido\\saau-final\\vendor\\laravel\\framework\\src\\Illuminate\\Foundation\\Http\\Kernel.php(175): Illuminate\\Pipeline\\Pipeline->then(Object(Closure))
#36 C:\\Users\\Marin\\Downloads\\saau-final-corrigido\\saau-final\\vendor\\laravel\\framework\\src\\Illuminate\\Foundation\\Http\\Kernel.php(144): Illuminate\\Foundation\\Http\\Kernel->sendRequestThroughRouter(Object(Illuminate\\Http\\Request))
#37 C:\\Users\\Marin\\Downloads\\saau-final-corrigido\\saau-final\\public\\index.php(51): Illuminate\\Foundation\\Http\\Kernel->handle(Object(Illuminate\\Http\\Request))
#38 C:\\Users\\Marin\\Downloads\\saau-final-corrigido\\saau-final\\vendor\\laravel\\framework\\src\\Illuminate\\Foundation\\resources\\server.php(16): require_once('C:\\\\Users\\\\Marin\\\\...')
#39 {main}
"} 
[2025-11-17 13:26:39] local.ERROR: Please provide a valid cache path. {"exception":"[object] (InvalidArgumentException(code: 0): Please provide a valid cache path. at C:\\Users\\Marin\\Downloads\\saau-final-corrigido\\saau-final\\vendor\\laravel\\framework\\src\\Illuminate\\View\\Compilers\\Compiler.php:67)
[stacktrace]
#0 C:\\Users\\Marin\\Downloads\\saau-final-corrigido\\saau-final\\vendor\\laravel\\framework\\src\\Illuminate\\View\\ViewServiceProvider.php(97): Illuminate\\View\\Compilers\\Compiler->__construct(Object(Illuminate\\Filesystem\\Filesystem), false, '', true, 'php')
#1 C:\\Users\\Marin\\Downloads\\saau-final-corrigido\\saau-final\\vendor\\laravel\\framework\\src\\Illuminate\\Container\\Container.php(908): Illuminate\\View\\ViewServiceProvider->Illuminate\\View\\{closure}(Object(Illuminate\\Foundation\\Application), Array)
#2 C:\\Users\\Marin\\Downloads\\saau-final-corrigido\\saau-final\\vendor\\laravel\\framework\\src\\Illuminate\\Container\\Container.php(795): Illuminate\\Container\\Container->build(Object(Closure))
#3 C:\\Users\\Marin\\Downloads\\saau-final-corrigido\\saau-final\\vendor\\laravel\\framework\\src\\Illuminate\\Foundation\\Application.php(986): Illuminate\\Container\\Container->resolve('blade.compiler', Array, true)
#4 C:\\Users\\Marin\\Downloads\\saau-final-corrigido\\saau-final\\vendor\\laravel\\framework\\src\\Illuminate\\Container\\Container.php(731): Illuminate\\Foundation\\Application->resolve('blade.compiler', Array)
#5 C:\\Users\\Marin\\Downloads\\saau-final-corrigido\\saau-final\\vendor\\laravel\\framework\\src\\Illuminate\\Foundation\\Application.php(971): Illuminate\\Container\\Container->make('blade.compiler', Array)
#6 C:\\Users\\Marin\\Downloads\\saau-final-corrigido\\saau-final\\vendor\\laravel\\framework\\src\\Illuminate\\View\\ViewServiceProvider.php(168): Illuminate\\Foundation\\Application->make('blade.compiler')
#7 [internal function]: Illuminate\\View\\ViewServiceProvider->Illuminate\\View\\{closure}()
#8 C:\\Users\\Marin\\Downloads\\saau-final-corrigido\\saau-final\\vendor\\laravel\\framework\\src\\Illuminate\\View\\Engines\\EngineResolver.php(55): call_user_func(Object(Closure))
#9 C:\\Users\\Marin\\Downloads\\saau-final-corrigido\\saau-final\\vendor\\laravel\\framework\\src\\Illuminate\\View\\Factory.php(310): Illuminate\\View\\Engines\\EngineResolver->resolve('blade')
#10 C:\\Users\\Marin\\Downloads\\saau-final-corrigido\\saau-final\\vendor\\laravel\\framework\\src\\Illuminate\\View\\Factory.php(274): Illuminate\\View\\Factory->getEngineFromPath('C:\\\\Users\\\\Marin\\\\...')
#11 C:\\Users\\Marin\\Downloads\\saau-final-corrigido\\saau-final\\vendor\\laravel\\framework\\src\\Illuminate\\View\\Factory.php(146): Illuminate\\View\\Factory->viewInstance('public.home', 'C:\\\\Users\\\\Marin\\\\...', Array)
#12 C:\\Users\\Marin\\Downloads\\saau-final-corrigido\\saau-final\\vendor\\laravel\\framework\\src\\Illuminate\\Foundation\\helpers.php(1020): Illuminate\\View\\Factory->make('public.home', Array, Array)
#13 C:\\Users\\Marin\\Downloads\\saau-final-corrigido\\saau-final\\app\\Http\\Controllers\\PublicController.php(27): view('public.home', Array)
#14 C:\\Users\\Marin\\Downloads\\saau-final-corrigido\\saau-final\\vendor\\laravel\\framework\\src\\Illuminate\\Routing\\Controller.php(54): App\\Http\\Controllers\\PublicController->home()
#15 C:\\Users\\Marin\\Downloads\\saau-final-corrigido\\saau-final\\vendor\\laravel\\framework\\src\\Illuminate\\Routing\\ControllerDispatcher.php(43): Illuminate\\Routing\\Controller->callAction('home', Array)
#16 C:\\Users\\Marin\\Downloads\\saau-final-corrigido\\saau-final\\vendor\\laravel\\framework\\src\\Illuminate\\Routing\\Route.php(259): Illuminate\\Routing\\ControllerDispatcher->dispatch(Object(Illuminate\\Routing\\Route), Object(App\\Http\\Controllers\\PublicController), 'home')
#17 C:\\Users\\Marin\\Downloads\\saau-final-corrigido\\saau-final\\vendor\\laravel\\framework\\src\\Illuminate\\Routing\\Route.php(205): Illuminate\\Routing\\Route->runController()
#18 C:\\Users\\Marin\\Downloads\\saau-final-corrigido\\saau-final\\vendor\\laravel\\framework\\src\\Illuminate\\Routing\\Router.php(806): Illuminate\\Routing\\Route->run()
#19 C:\\Users\\Marin\\Downloads\\saau-final-corrigido\\saau-final\\vendor\\laravel\\framework\\src\\Illuminate\\Pipeline\\Pipeline.php(144): Illuminate\\Routing\\Router->Illuminate\\Routing\\{closure}(Object(Illuminate\\Http\\Request))
#20 C:\\Users\\Marin\\Downloads\\saau-final-corrigido\\saau-final\\vendor\\laravel\\framework\\src\\Illuminate\\Routing\\Middleware\\SubstituteBindings.php(50): Illuminate\\Pipeline\\Pipeline->Illuminate\\Pipeline\\{closure}(Object(Illuminate\\Http\\Request))
#21 C:\\Users\\Marin\\Downloads\\saau-final-corrigido\\saau-final\\vendor\\laravel\\framework\\src\\Illuminate\\Pipeline\\Pipeline.php(183): Illuminate\\Routing\\Middleware\\SubstituteBindings->handle(Object(Illuminate\\Http\\Request), Object(Closure))
#22 C:\\Users\\Marin\\Downloads\\saau-final-corrigido\\saau-final\\vendor\\laravel\\framework\\src\\Illuminate\\Foundation\\Http\\Middleware\\VerifyCsrfToken.php(78): Illuminate\\Pipeline\\Pipeline->Illuminate\\Pipeline\\{closure}(Object(Illuminate\\Http\\Request))
#23 C:\\Users\\Marin\\Downloads\\saau-final-corrigido\\saau-final\\vendor\\laravel\\framework\\src\\Illuminate\\Pipeline\\Pipeline.php(183): Illuminate\\Foundation\\Http\\Middleware\\VerifyCsrfToken->handle(Object(Illuminate\\Http\\Request), Object(Closure))
#24 C:\\Users\\Marin\\Downloads\\saau-final-corrigido\\saau-final\\vendor\\laravel\\framework\\src\\Illuminate\\View\\Middleware\\ShareErrorsFromSession.php(49): Illuminate\\Pipeline\\Pipeline->Illuminate\\Pipeline\\{closure}(Object(Illuminate\\Http\\Request))
#25 C:\\Users\\Marin\\Downloads\\saau-final-corrigido\\saau-final\\vendor\\laravel\\framework\\src\\Illuminate\\Pipeline\\Pipeline.php(183): Illuminate\\View\\Middleware\\ShareErrorsFromSession->handle(Object(Illuminate\\Http\\Request), Object(Closure))
#26 C:\\Users\\Marin\\Downloads\\saau-final-corrigido\\saau-final\\vendor\\laravel\\framework\\src\\Illuminate\\Session\\Middleware\\StartSession.php(121): Illuminate\\Pipeline\\Pipeline->Illuminate\\Pipeline\\{closure}(Object(Illuminate\\Http\\Request))
#27 C:\\Users\\Marin\\Downloads\\saau-final-corrigido\\saau-final\\vendor\\laravel\\framework\\src\\Illuminate\\Session\\Middleware\\StartSession.php(64): Illuminate\\Session\\Middleware\\StartSession->handleStatefulRequest(Object(Illuminate\\Http\\Request), Object(Illuminate\\Session\\Store), Object(Closure))
#28 C:\\Users\\Marin\\Downloads\\saau-final-corrigido\\saau-final\\vendor\\laravel\\framework\\src\\Illuminate\\Pipeline\\Pipeline.php(183): Illuminate\\Session\\Middleware\\StartSession->handle(Object(Illuminate\\Http\\Request), Object(Closure))
#29 C:\\Users\\Marin\\Downloads\\saau-final-corrigido\\saau-final\\vendor\\laravel\\framework\\src\\Illuminate\\Cookie\\Middleware\\AddQueuedCookiesToResponse.php(37): Illuminate\\Pipeline\\Pipeline->Illuminate\\Pipeline\\{closure}(Object(Illuminate\\Http\\Request))
#30 C:\\Users\\Marin\\Downloads\\saau-final-corrigido\\saau-final\\vendor\\laravel\\framework\\src\\Illuminate\\Pipeline\\Pipeline.php(183): Illuminate\\Cookie\\Middleware\\AddQueuedCookiesToResponse->handle(Object(Illuminate\\Http\\Request), Object(Closure))
#31 C:\\Users\\Marin\\Downloads\\saau-final-corrigido\\saau-final\\vendor\\laravel\\framework\\src\\Illuminate\\Cookie\\Middleware\\EncryptCookies.php(67): Illuminate\\Pipeline\\Pipeline->Illuminate\\Pipeline\\{closure}(Object(Illuminate\\Http\\Request))
#32 C:\\Users\\Marin\\Downloads\\saau-final-corrigido\\saau-final\\vendor\\laravel\\framework\\src\\Illuminate\\Pipeline\\Pipeline.php(183): Illuminate\\Cookie\\Middleware\\EncryptCookies->handle(Object(Illuminate\\Http\\Request), Object(Closure))
#33 C:\\Users\\Marin\\Downloads\\saau-final-corrigido\\saau-final\\vendor\\laravel\\framework\\src\\Illuminate\\Pipeline\\Pipeline.php(119): Illuminate\\Pipeline\\Pipeline->Illuminate\\Pipeline\\{closure}(Object(Illuminate\\Http\\Request))
#34 C:\\Users\\Marin\\Downloads\\saau-final-corrigido\\saau-final\\vendor\\laravel\\framework\\src\\Illuminate\\Routing\\Router.php(805): Illuminate\\Pipeline\\Pipeline->then(Object(Closure))
#35 C:\\Users\\Marin\\Downloads\\saau-final-corrigido\\saau-final\\vendor\\laravel\\framework\\src\\Illuminate\\Routing\\Router.php(784): Illuminate\\Routing\\Router->runRouteWithinStack(Object(Illuminate\\Routing\\Route), Object(Illuminate\\Http\\Request))
#36 C:\\Users\\Marin\\Downloads\\saau-final-corrigido\\saau-final\\vendor\\laravel\\framework\\src\\Illuminate\\Routing\\Router.php(748): Illuminate\\Routing\\Router->runRoute(Object(Illuminate\\Http\\Request), Object(Illuminate\\Routing\\Route))
#37 C:\\Users\\Marin\\Downloads\\saau-final-corrigido\\saau-final\\vendor\\laravel\\framework\\src\\Illuminate\\Routing\\Router.php(737): Illuminate\\Routing\\Router->dispatchToRoute(Object(Illuminate\\Http\\Request))
#38 C:\\Users\\Marin\\Downloads\\saau-final-corrigido\\saau-final\\vendor\\laravel\\framework\\src\\Illuminate\\Foundation\\Http\\Kernel.php(200): Illuminate\\Routing\\Router->dispatch(Object(Illuminate\\Http\\Request))
#39 C:\\Users\\Marin\\Downloads\\saau-final-corrigido\\saau-final\\vendor\\laravel\\framework\\src\\Illuminate\\Pipeline\\Pipeline.php(144): Illuminate\\Foundation\\Http\\Kernel->Illuminate\\Foundation\\Http\\{closure}(Object(Illuminate\\Http\\Request))
#40 C:\\Users\\Marin\\Downloads\\saau-final-corrigido\\saau-final\\vendor\\laravel\\framework\\src\\Illuminate\\Foundation\\Http\\Middleware\\TransformsRequest.php(21): Illuminate\\Pipeline\\Pipeline->Illuminate\\Pipeline\\{closure}(Object(Illuminate\\Http\\Request))
#41 C:\\Users\\Marin\\Downloads\\saau-final-corrigido\\saau-final\\vendor\\laravel\\framework\\src\\Illuminate\\Foundation\\Http\\Middleware\\ConvertEmptyStringsToNull.php(31): Illuminate\\Foundation\\Http\\Middleware\\TransformsRequest->handle(Object(Illuminate\\Http\\Request), Object(Closure))
#42 C:\\Users\\Marin\\Downloads\\saau-final-corrigido\\saau-final\\vendor\\laravel\\framework\\src\\Illuminate\\Pipeline\\Pipeline.php(183): Illuminate\\Foundation\\Http\\Middleware\\ConvertEmptyStringsToNull->handle(Object(Illuminate\\Http\\Request), Object(Closure))
#43 C:\\Users\\Marin\\Downloads\\saau-final-corrigido\\saau-final\\vendor\\laravel\\framework\\src\\Illuminate\\Foundation\\Http\\Middleware\\TransformsRequest.php(21): Illuminate\\Pipeline\\Pipeline->Illuminate\\Pipeline\\{closure}(Object(Illuminate\\Http\\Request))
#44 C:\\Users\\Marin\\Downloads\\saau-final-corrigido\\saau-final\\vendor\\laravel\\framework\\src\\Illuminate\\Foundation\\Http\\Middleware\\TrimStrings.php(40): Illuminate\\Foundation\\Http\\Middleware\\TransformsRequest->handle(Object(Illuminate\\Http\\Request), Object(Closure))
#45 C:\\Users\\Marin\\Downloads\\saau-final-corrigido\\saau-final\\vendor\\laravel\\framework\\src\\Illuminate\\Pipeline\\Pipeline.php(183): Illuminate\\Foundation\\Http\\Middleware\\TrimStrings->handle(Object(Illuminate\\Http\\Request), Object(Closure))
#46 C:\\Users\\Marin\\Downloads\\saau-final-corrigido\\saau-final\\vendor\\laravel\\framework\\src\\Illuminate\\Foundation\\Http\\Middleware\\ValidatePostSize.php(27): Illuminate\\Pipeline\\Pipeline->Illuminate\\Pipeline\\{closure}(Object(Illuminate\\Http\\Request))
#47 C:\\Users\\Marin\\Downloads\\saau-final-corrigido\\saau-final\\vendor\\laravel\\framework\\src\\Illuminate\\Pipeline\\Pipeline.php(183): Illuminate\\Foundation\\Http\\Middleware\\ValidatePostSize->handle(Object(Illuminate\\Http\\Request), Object(Closure))
#48 C:\\Users\\Marin\\Downloads\\saau-final-corrigido\\saau-final\\vendor\\laravel\\framework\\src\\Illuminate\\Foundation\\Http\\Middleware\\PreventRequestsDuringMaintenance.php(99): Illuminate\\Pipeline\\Pipeline->Illuminate\\Pipeline\\{closure}(Object(Illuminate\\Http\\Request))
#49 C:\\Users\\Marin\\Downloads\\saau-final-corrigido\\saau-final\\vendor\\laravel\\framework\\src\\Illuminate\\Pipeline\\Pipeline.php(183): Illuminate\\Foundation\\Http\\Middleware\\PreventRequestsDuringMaintenance->handle(Object(Illuminate\\Http\\Request), Object(Closure))
#50 C:\\Users\\Marin\\Downloads\\saau-final-corrigido\\saau-final\\vendor\\laravel\\framework\\src\\Illuminate\\Http\\Middleware\\HandleCors.php(49): Illuminate\\Pipeline\\Pipeline->Illuminate\\Pipeline\\{closure}(Object(Illuminate\\Http\\Request))
#51 C:\\Users\\Marin\\Downloads\\saau-final-corrigido\\saau-final\\vendor\\laravel\\framework\\src\\Illuminate\\Pipeline\\Pipeline.php(183): Illuminate\\Http\\Middleware\\HandleCors->handle(Object(Illuminate\\Http\\Request), Object(Closure))
#52 C:\\Users\\Marin\\Downloads\\saau-final-corrigido\\saau-final\\vendor\\laravel\\framework\\src\\Illuminate\\Http\\Middleware\\TrustProxies.php(39): Illuminate\\Pipeline\\Pipeline->Illuminate\\Pipeline\\{closure}(Object(Illuminate\\Http\\Request))
#53 C:\\Users\\Marin\\Downloads\\saau-final-corrigido\\saau-final\\vendor\\laravel\\framework\\src\\Illuminate\\Pipeline\\Pipeline.php(183): Illuminate\\Http\\Middleware\\TrustProxies->handle(Object(Illuminate\\Http\\Request), Object(Closure))
#54 C:\\Users\\Marin\\Downloads\\saau-final-corrigido\\saau-final\\vendor\\laravel\\framework\\src\\Illuminate\\Pipeline\\Pipeline.php(119): Illuminate\\Pipeline\\Pipeline->Illuminate\\Pipeline\\{closure}(Object(Illuminate\\Http\\Request))
#55 C:\\Users\\Marin\\Downloads\\saau-final-corrigido\\saau-final\\vendor\\laravel\\framework\\src\\Illuminate\\Foundation\\Http\\Kernel.php(175): Illuminate\\Pipeline\\Pipeline->then(Object(Closure))
#56 C:\\Users\\Marin\\Downloads\\saau-final-corrigido\\saau-final\\vendor\\laravel\\framework\\src\\Illuminate\\Foundation\\Http\\Kernel.php(144): Illuminate\\Foundation\\Http\\Kernel->sendRequestThroughRouter(Object(Illuminate\\Http\\Request))
#57 C:\\Users\\Marin\\Downloads\\saau-final-corrigido\\saau-final\\public\\index.php(51): Illuminate\\Foundation\\Http\\Kernel->handle(Object(Illuminate\\Http\\Request))
#58 C:\\Users\\Marin\\Downloads\\saau-final-corrigido\\saau-final\\vendor\\laravel\\framework\\src\\Illuminate\\Foundation\\resources\\server.php(16): require_once('C:\\\\Users\\\\Marin\\\\...')
#59 {main}
"} 
[2025-11-17 13:26:39] local.ERROR: file_put_contents(C:\Users\Marin\Downloads\saau-final-corrigido\saau-final\storage\framework/sessions/Impyh6MW6zvkUFrKVDXTwefPU1EVNevLELLyKgYb): Failed to open stream: No such file or directory {"exception":"[object] (ErrorException(code: 0): file_put_contents(C:\\Users\\Marin\\Downloads\\saau-final-corrigido\\saau-final\\storage\\framework/sessions/Impyh6MW6zvkUFrKVDXTwefPU1EVNevLELLyKgYb): Failed to open stream: No such file or directory at C:\\Users\\Marin\\Downloads\\saau-final-corrigido\\saau-final\\vendor\\laravel\\framework\\src\\Illuminate\\Filesystem\\Filesystem.php:204)
[stacktrace]
#0 C:\\Users\\Marin\\Downloads\\saau-final-corrigido\\saau-final\\vendor\\laravel\\framework\\src\\Illuminate\\Foundation\\Bootstrap\\HandleExceptions.php(255): Illuminate\\Foundation\\Bootstrap\\HandleExceptions->handleError(2, 'file_put_conten...', 'C:\\\\Users\\\\Marin\\\\...', 204)
#1 [internal function]: Illuminate\\Foundation\\Bootstrap\\HandleExceptions->Illuminate\\Foundation\\Bootstrap\\{closure}(2, 'file_put_conten...', 'C:\\\\Users\\\\Marin\\\\...', 204)
#2 C:\\Users\\Marin\\Downloads\\saau-final-corrigido\\saau-final\\vendor\\laravel\\framework\\src\\Illuminate\\Filesystem\\Filesystem.php(204): file_put_contents('C:\\\\Users\\\\Marin\\\\...', 'a:3:{s:6:\"_toke...', 2)
#3 C:\\Users\\Marin\\Downloads\\saau-final-corrigido\\saau-final\\vendor\\laravel\\framework\\src\\Illuminate\\Session\\FileSessionHandler.php(90): Illuminate\\Filesystem\\Filesystem->put('C:\\\\Users\\\\Marin\\\\...', 'a:3:{s:6:\"_toke...', true)
#4 C:\\Users\\Marin\\Downloads\\saau-final-corrigido\\saau-final\\vendor\\laravel\\framework\\src\\Illuminate\\Session\\Store.php(172): Illuminate\\Session\\FileSessionHandler->write('Impyh6MW6zvkUFr...', 'a:3:{s:6:\"_toke...')
#5 C:\\Users\\Marin\\Downloads\\saau-final-corrigido\\saau-final\\vendor\\laravel\\framework\\src\\Illuminate\\Session\\Middleware\\StartSession.php(245): Illuminate\\Session\\Store->save()
#6 C:\\Users\\Marin\\Downloads\\saau-final-corrigido\\saau-final\\vendor\\laravel\\framework\\src\\Illuminate\\Session\\Middleware\\StartSession.php(130): Illuminate\\Session\\Middleware\\StartSession->saveSession(Object(Illuminate\\Http\\Request))
#7 C:\\Users\\Marin\\Downloads\\saau-final-corrigido\\saau-final\\vendor\\laravel\\framework\\src\\Illuminate\\Session\\Middleware\\StartSession.php(64): Illuminate\\Session\\Middleware\\StartSession->handleStatefulRequest(Object(Illuminate\\Http\\Request), Object(Illuminate\\Session\\Store), Object(Closure))
#8 C:\\Users\\Marin\\Downloads\\saau-final-corrigido\\saau-final\\vendor\\laravel\\framework\\src\\Illuminate\\Pipeline\\Pipeline.php(183): Illuminate\\Session\\Middleware\\StartSession->handle(Object(Illuminate\\Http\\Request), Object(Closure))
#9 C:\\Users\\Marin\\Downloads\\saau-final-corrigido\\saau-final\\vendor\\laravel\\framework\\src\\Illuminate\\Cookie\\Middleware\\AddQueuedCookiesToResponse.php(37): Illuminate\\Pipeline\\Pipeline->Illuminate\\Pipeline\\{closure}(Object(Illuminate\\Http\\Request))
#10 C:\\Users\\Marin\\Downloads\\saau-final-corrigido\\saau-final\\vendor\\laravel\\framework\\src\\Illuminate\\Pipeline\\Pipeline.php(183): Illuminate\\Cookie\\Middleware\\AddQueuedCookiesToResponse->handle(Object(Illuminate\\Http\\Request), Object(Closure))
#11 C:\\Users\\Marin\\Downloads\\saau-final-corrigido\\saau-final\\vendor\\laravel\\framework\\src\\Illuminate\\Cookie\\Middleware\\EncryptCookies.php(67): Illuminate\\Pipeline\\Pipeline->Illuminate\\Pipeline\\{closure}(Object(Illuminate\\Http\\Request))
#12 C:\\Users\\Marin\\Downloads\\saau-final-corrigido\\saau-final\\vendor\\laravel\\framework\\src\\Illuminate\\Pipeline\\Pipeline.php(183): Illuminate\\Cookie\\Middleware\\EncryptCookies->handle(Object(Illuminate\\Http\\Request), Object(Closure))
#13 C:\\Users\\Marin\\Downloads\\saau-final-corrigido\\saau-final\\vendor\\laravel\\framework\\src\\Illuminate\\Pipeline\\Pipeline.php(119): Illuminate\\Pipeline\\Pipeline->Illuminate\\Pipeline\\{closure}(Object(Illuminate\\Http\\Request))
#14 C:\\Users\\Marin\\Downloads\\saau-final-corrigido\\saau-final\\vendor\\laravel\\framework\\src\\Illuminate\\Routing\\Router.php(805): Illuminate\\Pipeline\\Pipeline->then(Object(Closure))
#15 C:\\Users\\Marin\\Downloads\\saau-final-corrigido\\saau-final\\vendor\\laravel\\framework\\src\\Illuminate\\Routing\\Router.php(784): Illuminate\\Routing\\Router->runRouteWithinStack(Object(Illuminate\\Routing\\Route), Object(Illuminate\\Http\\Request))
#16 C:\\Users\\Marin\\Downloads\\saau-final-corrigido\\saau-final\\vendor\\laravel\\framework\\src\\Illuminate\\Routing\\Router.php(748): Illuminate\\Routing\\Router->runRoute(Object(Illuminate\\Http\\Request), Object(Illuminate\\Routing\\Route))
#17 C:\\Users\\Marin\\Downloads\\saau-final-corrigido\\saau-final\\vendor\\laravel\\framework\\src\\Illuminate\\Routing\\Router.php(737): Illuminate\\Routing\\Router->dispatchToRoute(Object(Illuminate\\Http\\Request))
#18 C:\\Users\\Marin\\Downloads\\saau-final-corrigido\\saau-final\\vendor\\laravel\\framework\\src\\Illuminate\\Foundation\\Http\\Kernel.php(200): Illuminate\\Routing\\Router->dispatch(Object(Illuminate\\Http\\Request))
#19 C:\\Users\\Marin\\Downloads\\saau-final-corrigido\\saau-final\\vendor\\laravel\\framework\\src\\Illuminate\\Pipeline\\Pipeline.php(144): Illuminate\\Foundation\\Http\\Kernel->Illuminate\\Foundation\\Http\\{closure}(Object(Illuminate\\Http\\Request))
#20 C:\\Users\\Marin\\Downloads\\saau-final-corrigido\\saau-final\\vendor\\laravel\\framework\\src\\Illuminate\\Foundation\\Http\\Middleware\\TransformsRequest.php(21): Illuminate\\Pipeline\\Pipeline->Illuminate\\Pipeline\\{closure}(Object(Illuminate\\Http\\Request))
#21 C:\\Users\\Marin\\Downloads\\saau-final-corrigido\\saau-final\\vendor\\laravel\\framework\\src\\Illuminate\\Foundation\\Http\\Middleware\\ConvertEmptyStringsToNull.php(31): Illuminate\\Foundation\\Http\\Middleware\\TransformsRequest->handle(Object(Illuminate\\Http\\Request), Object(Closure))
#22 C:\\Users\\Marin\\Downloads\\saau-final-corrigido\\saau-final\\vendor\\laravel\\framework\\src\\Illuminate\\Pipeline\\Pipeline.php(183): Illuminate\\Foundation\\Http\\Middleware\\ConvertEmptyStringsToNull->handle(Object(Illuminate\\Http\\Request), Object(Closure))
#23 C:\\Users\\Marin\\Downloads\\saau-final-corrigido\\saau-final\\vendor\\laravel\\framework\\src\\Illuminate\\Foundation\\Http\\Middleware\\TransformsRequest.php(21): Illuminate\\Pipeline\\Pipeline->Illuminate\\Pipeline\\{closure}(Object(Illuminate\\Http\\Request))
#24 C:\\Users\\Marin\\Downloads\\saau-final-corrigido\\saau-final\\vendor\\laravel\\framework\\src\\Illuminate\\Foundation\\Http\\Middleware\\TrimStrings.php(40): Illuminate\\Foundation\\Http\\Middleware\\TransformsRequest->handle(Object(Illuminate\\Http\\Request), Object(Closure))
#25 C:\\Users\\Marin\\Downloads\\saau-final-corrigido\\saau-final\\vendor\\laravel\\framework\\src\\Illuminate\\Pipeline\\Pipeline.php(183): Illuminate\\Foundation\\Http\\Middleware\\TrimStrings->handle(Object(Illuminate\\Http\\Request), Object(Closure))
#26 C:\\Users\\Marin\\Downloads\\saau-final-corrigido\\saau-final\\vendor\\laravel\\framework\\src\\Illuminate\\Foundation\\Http\\Middleware\\ValidatePostSize.php(27): Illuminate\\Pipeline\\Pipeline->Illuminate\\Pipeline\\{closure}(Object(Illuminate\\Http\\Request))
#27 C:\\Users\\Marin\\Downloads\\saau-final-corrigido\\saau-final\\vendor\\laravel\\framework\\src\\Illuminate\\Pipeline\\Pipeline.php(183): Illuminate\\Foundation\\Http\\Middleware\\ValidatePostSize->handle(Object(Illuminate\\Http\\Request), Object(Closure))
#28 C:\\Users\\Marin\\Downloads\\saau-final-corrigido\\saau-final\\vendor\\laravel\\framework\\src\\Illuminate\\Foundation\\Http\\Middleware\\PreventRequestsDuringMaintenance.php(99): Illuminate\\Pipeline\\Pipeline->Illuminate\\Pipeline\\{closure}(Object(Illuminate\\Http\\Request))
#29 C:\\Users\\Marin\\Downloads\\saau-final-corrigido\\saau-final\\vendor\\laravel\\framework\\src\\Illuminate\\Pipeline\\Pipeline.php(183): Illuminate\\Foundation\\Http\\Middleware\\PreventRequestsDuringMaintenance->handle(Object(Illuminate\\Http\\Request), Object(Closure))
#30 C:\\Users\\Marin\\Downloads\\saau-final-corrigido\\saau-final\\vendor\\laravel\\framework\\src\\Illuminate\\Http\\Middleware\\HandleCors.php(49): Illuminate\\Pipeline\\Pipeline->Illuminate\\Pipeline\\{closure}(Object(Illuminate\\Http\\Request))
#31 C:\\Users\\Marin\\Downloads\\saau-final-corrigido\\saau-final\\vendor\\laravel\\framework\\src\\Illuminate\\Pipeline\\Pipeline.php(183): Illuminate\\Http\\Middleware\\HandleCors->handle(Object(Illuminate\\Http\\Request), Object(Closure))
#32 C:\\Users\\Marin\\Downloads\\saau-final-corrigido\\saau-final\\vendor\\laravel\\framework\\src\\Illuminate\\Http\\Middleware\\TrustProxies.php(39): Illuminate\\Pipeline\\Pipeline->Illuminate\\Pipeline\\{closure}(Object(Illuminate\\Http\\Request))
#33 C:\\Users\\Marin\\Downloads\\saau-final-corrigido\\saau-final\\vendor\\laravel\\framework\\src\\Illuminate\\Pipeline\\Pipeline.php(183): Illuminate\\Http\\Middleware\\TrustProxies->handle(Object(Illuminate\\Http\\Request), Object(Closure))
#34 C:\\Users\\Marin\\Downloads\\saau-final-corrigido\\saau-final\\vendor\\laravel\\framework\\src\\Illuminate\\Pipeline\\Pipeline.php(119): Illuminate\\Pipeline\\Pipeline->Illuminate\\Pipeline\\{closure}(Object(Illuminate\\Http\\Request))
#35 C:\\Users\\Marin\\Downloads\\saau-final-corrigido\\saau-final\\vendor\\laravel\\framework\\src\\Illuminate\\Foundation\\Http\\Kernel.php(175): Illuminate\\Pipeline\\Pipeline->then(Object(Closure))
#36 C:\\Users\\Marin\\Downloads\\saau-final-corrigido\\saau-final\\vendor\\laravel\\framework\\src\\Illuminate\\Foundation\\Http\\Kernel.php(144): Illuminate\\Foundation\\Http\\Kernel->sendRequestThroughRouter(Object(Illuminate\\Http\\Request))
#37 C:\\Users\\Marin\\Downloads\\saau-final-corrigido\\saau-final\\public\\index.php(51): Illuminate\\Foundation\\Http\\Kernel->handle(Object(Illuminate\\Http\\Request))
#38 C:\\Users\\Marin\\Downloads\\saau-final-corrigido\\saau-final\\vendor\\laravel\\framework\\src\\Illuminate\\Foundation\\resources\\server.php(16): require_once('C:\\\\Users\\\\Marin\\\\...')
#39 {main}
"} 
[2025-11-17 13:26:40] local.ERROR: Please provide a valid cache path. {"exception":"[object] (InvalidArgumentException(code: 0): Please provide a valid cache path. at C:\\Users\\Marin\\Downloads\\saau-final-corrigido\\saau-final\\vendor\\laravel\\framework\\src\\Illuminate\\View\\Compilers\\Compiler.php:67)
[stacktrace]
#0 C:\\Users\\Marin\\Downloads\\saau-final-corrigido\\saau-final\\vendor\\laravel\\framework\\src\\Illuminate\\View\\ViewServiceProvider.php(97): Illuminate\\View\\Compilers\\Compiler->__construct(Object(Illuminate\\Filesystem\\Filesystem), false, '', true, 'php')
#1 C:\\Users\\Marin\\Downloads\\saau-final-corrigido\\saau-final\\vendor\\laravel\\framework\\src\\Illuminate\\Container\\Container.php(908): Illuminate\\View\\ViewServiceProvider->Illuminate\\View\\{closure}(Object(Illuminate\\Foundation\\Application), Array)
#2 C:\\Users\\Marin\\Downloads\\saau-final-corrigido\\saau-final\\vendor\\laravel\\framework\\src\\Illuminate\\Container\\Container.php(795): Illuminate\\Container\\Container->build(Object(Closure))
#3 C:\\Users\\Marin\\Downloads\\saau-final-corrigido\\saau-final\\vendor\\laravel\\framework\\src\\Illuminate\\Foundation\\Application.php(986): Illuminate\\Container\\Container->resolve('blade.compiler', Array, true)
#4 C:\\Users\\Marin\\Downloads\\saau-final-corrigido\\saau-final\\vendor\\laravel\\framework\\src\\Illuminate\\Container\\Container.php(731): Illuminate\\Foundation\\Application->resolve('blade.compiler', Array)
#5 C:\\Users\\Marin\\Downloads\\saau-final-corrigido\\saau-final\\vendor\\laravel\\framework\\src\\Illuminate\\Foundation\\Application.php(971): Illuminate\\Container\\Container->make('blade.compiler', Array)
#6 C:\\Users\\Marin\\Downloads\\saau-final-corrigido\\saau-final\\vendor\\laravel\\framework\\src\\Illuminate\\View\\ViewServiceProvider.php(168): Illuminate\\Foundation\\Application->make('blade.compiler')
#7 [internal function]: Illuminate\\View\\ViewServiceProvider->Illuminate\\View\\{closure}()
#8 C:\\Users\\Marin\\Downloads\\saau-final-corrigido\\saau-final\\vendor\\laravel\\framework\\src\\Illuminate\\View\\Engines\\EngineResolver.php(55): call_user_func(Object(Closure))
#9 C:\\Users\\Marin\\Downloads\\saau-final-corrigido\\saau-final\\vendor\\laravel\\framework\\src\\Illuminate\\View\\Factory.php(310): Illuminate\\View\\Engines\\EngineResolver->resolve('blade')
#10 C:\\Users\\Marin\\Downloads\\saau-final-corrigido\\saau-final\\vendor\\laravel\\framework\\src\\Illuminate\\View\\Factory.php(274): Illuminate\\View\\Factory->getEngineFromPath('C:\\\\Users\\\\Marin\\\\...')
#11 C:\\Users\\Marin\\Downloads\\saau-final-corrigido\\saau-final\\vendor\\laravel\\framework\\src\\Illuminate\\View\\Factory.php(146): Illuminate\\View\\Factory->viewInstance('admin.login', 'C:\\\\Users\\\\Marin\\\\...', Array)
#12 C:\\Users\\Marin\\Downloads\\saau-final-corrigido\\saau-final\\vendor\\laravel\\framework\\src\\Illuminate\\Foundation\\helpers.php(1020): Illuminate\\View\\Factory->make('admin.login', Array, Array)
#13 C:\\Users\\Marin\\Downloads\\saau-final-corrigido\\saau-final\\app\\Http\\Controllers\\Admin\\AdminAuthController.php(13): view('admin.login')
#14 C:\\Users\\Marin\\Downloads\\saau-final-corrigido\\saau-final\\vendor\\laravel\\framework\\src\\Illuminate\\Routing\\Controller.php(54): App\\Http\\Controllers\\Admin\\AdminAuthController->showLoginForm()
#15 C:\\Users\\Marin\\Downloads\\saau-final-corrigido\\saau-final\\vendor\\laravel\\framework\\src\\Illuminate\\Routing\\ControllerDispatcher.php(43): Illuminate\\Routing\\Controller->callAction('showLoginForm', Array)
#16 C:\\Users\\Marin\\Downloads\\saau-final-corrigido\\saau-final\\vendor\\laravel\\framework\\src\\Illuminate\\Routing\\Route.php(259): Illuminate\\Routing\\ControllerDispatcher->dispatch(Object(Illuminate\\Routing\\Route), Object(App\\Http\\Controllers\\Admin\\AdminAuthController), 'showLoginForm')
#17 C:\\Users\\Marin\\Downloads\\saau-final-corrigido\\saau-final\\vendor\\laravel\\framework\\src\\Illuminate\\Routing\\Route.php(205): Illuminate\\Routing\\Route->runController()
#18 C:\\Users\\Marin\\Downloads\\saau-final-corrigido\\saau-final\\vendor\\laravel\\framework\\src\\Illuminate\\Routing\\Router.php(806): Illuminate\\Routing\\Route->run()
#19 C:\\Users\\Marin\\Downloads\\saau-final-corrigido\\saau-final\\vendor\\laravel\\framework\\src\\Illuminate\\Pipeline\\Pipeline.php(144): Illuminate\\Routing\\Router->Illuminate\\Routing\\{closure}(Object(Illuminate\\Http\\Request))
#20 C:\\Users\\Marin\\Downloads\\saau-final-corrigido\\saau-final\\vendor\\laravel\\framework\\src\\Illuminate\\Routing\\Middleware\\SubstituteBindings.php(50): Illuminate\\Pipeline\\Pipeline->Illuminate\\Pipeline\\{closure}(Object(Illuminate\\Http\\Request))
#21 C:\\Users\\Marin\\Downloads\\saau-final-corrigido\\saau-final\\vendor\\laravel\\framework\\src\\Illuminate\\Pipeline\\Pipeline.php(183): Illuminate\\Routing\\Middleware\\SubstituteBindings->handle(Object(Illuminate\\Http\\Request), Object(Closure))
#22 C:\\Users\\Marin\\Downloads\\saau-final-corrigido\\saau-final\\vendor\\laravel\\framework\\src\\Illuminate\\Foundation\\Http\\Middleware\\VerifyCsrfToken.php(78): Illuminate\\Pipeline\\Pipeline->Illuminate\\Pipeline\\{closure}(Object(Illuminate\\Http\\Request))
#23 C:\\Users\\Marin\\Downloads\\saau-final-corrigido\\saau-final\\vendor\\laravel\\framework\\src\\Illuminate\\Pipeline\\Pipeline.php(183): Illuminate\\Foundation\\Http\\Middleware\\VerifyCsrfToken->handle(Object(Illuminate\\Http\\Request), Object(Closure))
#24 C:\\Users\\Marin\\Downloads\\saau-final-corrigido\\saau-final\\vendor\\laravel\\framework\\src\\Illuminate\\View\\Middleware\\ShareErrorsFromSession.php(49): Illuminate\\Pipeline\\Pipeline->Illuminate\\Pipeline\\{closure}(Object(Illuminate\\Http\\Request))
#25 C:\\Users\\Marin\\Downloads\\saau-final-corrigido\\saau-final\\vendor\\laravel\\framework\\src\\Illuminate\\Pipeline\\Pipeline.php(183): Illuminate\\View\\Middleware\\ShareErrorsFromSession->handle(Object(Illuminate\\Http\\Request), Object(Closure))
#26 C:\\Users\\Marin\\Downloads\\saau-final-corrigido\\saau-final\\vendor\\laravel\\framework\\src\\Illuminate\\Session\\Middleware\\StartSession.php(121): Illuminate\\Pipeline\\Pipeline->Illuminate\\Pipeline\\{closure}(Object(Illuminate\\Http\\Request))
#27 C:\\Users\\Marin\\Downloads\\saau-final-corrigido\\saau-final\\vendor\\laravel\\framework\\src\\Illuminate\\Session\\Middleware\\StartSession.php(64): Illuminate\\Session\\Middleware\\StartSession->handleStatefulRequest(Object(Illuminate\\Http\\Request), Object(Illuminate\\Session\\Store), Object(Closure))
#28 C:\\Users\\Marin\\Downloads\\saau-final-corrigido\\saau-final\\vendor\\laravel\\framework\\src\\Illuminate\\Pipeline\\Pipeline.php(183): Illuminate\\Session\\Middleware\\StartSession->handle(Object(Illuminate\\Http\\Request), Object(Closure))
#29 C:\\Users\\Marin\\Downloads\\saau-final-corrigido\\saau-final\\vendor\\laravel\\framework\\src\\Illuminate\\Cookie\\Middleware\\AddQueuedCookiesToResponse.php(37): Illuminate\\Pipeline\\Pipeline->Illuminate\\Pipeline\\{closure}(Object(Illuminate\\Http\\Request))
#30 C:\\Users\\Marin\\Downloads\\saau-final-corrigido\\saau-final\\vendor\\laravel\\framework\\src\\Illuminate\\Pipeline\\Pipeline.php(183): Illuminate\\Cookie\\Middleware\\AddQueuedCookiesToResponse->handle(Object(Illuminate\\Http\\Request), Object(Closure))
#31 C:\\Users\\Marin\\Downloads\\saau-final-corrigido\\saau-final\\vendor\\laravel\\framework\\src\\Illuminate\\Cookie\\Middleware\\EncryptCookies.php(67): Illuminate\\Pipeline\\Pipeline->Illuminate\\Pipeline\\{closure}(Object(Illuminate\\Http\\Request))
#32 C:\\Users\\Marin\\Downloads\\saau-final-corrigido\\saau-final\\vendor\\laravel\\framework\\src\\Illuminate\\Pipeline\\Pipeline.php(183): Illuminate\\Cookie\\Middleware\\EncryptCookies->handle(Object(Illuminate\\Http\\Request), Object(Closure))
#33 C:\\Users\\Marin\\Downloads\\saau-final-corrigido\\saau-final\\vendor\\laravel\\framework\\src\\Illuminate\\Pipeline\\Pipeline.php(119): Illuminate\\Pipeline\\Pipeline->Illuminate\\Pipeline\\{closure}(Object(Illuminate\\Http\\Request))
#34 C:\\Users\\Marin\\Downloads\\saau-final-corrigido\\saau-final\\vendor\\laravel\\framework\\src\\Illuminate\\Routing\\Router.php(805): Illuminate\\Pipeline\\Pipeline->then(Object(Closure))
#35 C:\\Users\\Marin\\Downloads\\saau-final-corrigido\\saau-final\\vendor\\laravel\\framework\\src\\Illuminate\\Routing\\Router.php(784): Illuminate\\Routing\\Router->runRouteWithinStack(Object(Illuminate\\Routing\\Route), Object(Illuminate\\Http\\Request))
#36 C:\\Users\\Marin\\Downloads\\saau-final-corrigido\\saau-final\\vendor\\laravel\\framework\\src\\Illuminate\\Routing\\Router.php(748): Illuminate\\Routing\\Router->runRoute(Object(Illuminate\\Http\\Request), Object(Illuminate\\Routing\\Route))
#37 C:\\Users\\Marin\\Downloads\\saau-final-corrigido\\saau-final\\vendor\\laravel\\framework\\src\\Illuminate\\Routing\\Router.php(737): Illuminate\\Routing\\Router->dispatchToRoute(Object(Illuminate\\Http\\Request))
#38 C:\\Users\\Marin\\Downloads\\saau-final-corrigido\\saau-final\\vendor\\laravel\\framework\\src\\Illuminate\\Foundation\\Http\\Kernel.php(200): Illuminate\\Routing\\Router->dispatch(Object(Illuminate\\Http\\Request))
#39 C:\\Users\\Marin\\Downloads\\saau-final-corrigido\\saau-final\\vendor\\laravel\\framework\\src\\Illuminate\\Pipeline\\Pipeline.php(144): Illuminate\\Foundation\\Http\\Kernel->Illuminate\\Foundation\\Http\\{closure}(Object(Illuminate\\Http\\Request))
#40 C:\\Users\\Marin\\Downloads\\saau-final-corrigido\\saau-final\\vendor\\laravel\\framework\\src\\Illuminate\\Foundation\\Http\\Middleware\\TransformsRequest.php(21): Illuminate\\Pipeline\\Pipeline->Illuminate\\Pipeline\\{closure}(Object(Illuminate\\Http\\Request))
#41 C:\\Users\\Marin\\Downloads\\saau-final-corrigido\\saau-final\\vendor\\laravel\\framework\\src\\Illuminate\\Foundation\\Http\\Middleware\\ConvertEmptyStringsToNull.php(31): Illuminate\\Foundation\\Http\\Middleware\\TransformsRequest->handle(Object(Illuminate\\Http\\Request), Object(Closure))
#42 C:\\Users\\Marin\\Downloads\\saau-final-corrigido\\saau-final\\vendor\\laravel\\framework\\src\\Illuminate\\Pipeline\\Pipeline.php(183): Illuminate\\Foundation\\Http\\Middleware\\ConvertEmptyStringsToNull->handle(Object(Illuminate\\Http\\Request), Object(Closure))
#43 C:\\Users\\Marin\\Downloads\\saau-final-corrigido\\saau-final\\vendor\\laravel\\framework\\src\\Illuminate\\Foundation\\Http\\Middleware\\TransformsRequest.php(21): Illuminate\\Pipeline\\Pipeline->Illuminate\\Pipeline\\{closure}(Object(Illuminate\\Http\\Request))
#44 C:\\Users\\Marin\\Downloads\\saau-final-corrigido\\saau-final\\vendor\\laravel\\framework\\src\\Illuminate\\Foundation\\Http\\Middleware\\TrimStrings.php(40): Illuminate\\Foundation\\Http\\Middleware\\TransformsRequest->handle(Object(Illuminate\\Http\\Request), Object(Closure))
#45 C:\\Users\\Marin\\Downloads\\saau-final-corrigido\\saau-final\\vendor\\laravel\\framework\\src\\Illuminate\\Pipeline\\Pipeline.php(183): Illuminate\\Foundation\\Http\\Middleware\\TrimStrings->handle(Object(Illuminate\\Http\\Request), Object(Closure))
#46 C:\\Users\\Marin\\Downloads\\saau-final-corrigido\\saau-final\\vendor\\laravel\\framework\\src\\Illuminate\\Foundation\\Http\\Middleware\\ValidatePostSize.php(27): Illuminate\\Pipeline\\Pipeline->Illuminate\\Pipeline\\{closure}(Object(Illuminate\\Http\\Request))
#47 C:\\Users\\Marin\\Downloads\\saau-final-corrigido\\saau-final\\vendor\\laravel\\framework\\src\\Illuminate\\Pipeline\\Pipeline.php(183): Illuminate\\Foundation\\Http\\Middleware\\ValidatePostSize->handle(Object(Illuminate\\Http\\Request), Object(Closure))
#48 C:\\Users\\Marin\\Downloads\\saau-final-corrigido\\saau-final\\vendor\\laravel\\framework\\src\\Illuminate\\Foundation\\Http\\Middleware\\PreventRequestsDuringMaintenance.php(99): Illuminate\\Pipeline\\Pipeline->Illuminate\\Pipeline\\{closure}(Object(Illuminate\\Http\\Request))
#49 C:\\Users\\Marin\\Downloads\\saau-final-corrigido\\saau-final\\vendor\\laravel\\framework\\src\\Illuminate\\Pipeline\\Pipeline.php(183): Illuminate\\Foundation\\Http\\Middleware\\PreventRequestsDuringMaintenance->handle(Object(Illuminate\\Http\\Request), Object(Closure))
#50 C:\\Users\\Marin\\Downloads\\saau-final-corrigido\\saau-final\\vendor\\laravel\\framework\\src\\Illuminate\\Http\\Middleware\\HandleCors.php(49): Illuminate\\Pipeline\\Pipeline->Illuminate\\Pipeline\\{closure}(Object(Illuminate\\Http\\Request))
#51 C:\\Users\\Marin\\Downloads\\saau-final-corrigido\\saau-final\\vendor\\laravel\\framework\\src\\Illuminate\\Pipeline\\Pipeline.php(183): Illuminate\\Http\\Middleware\\HandleCors->handle(Object(Illuminate\\Http\\Request), Object(Closure))
#52 C:\\Users\\Marin\\Downloads\\saau-final-corrigido\\saau-final\\vendor\\laravel\\framework\\src\\Illuminate\\Http\\Middleware\\TrustProxies.php(39): Illuminate\\Pipeline\\Pipeline->Illuminate\\Pipeline\\{closure}(Object(Illuminate\\Http\\Request))
#53 C:\\Users\\Marin\\Downloads\\saau-final-corrigido\\saau-final\\vendor\\laravel\\framework\\src\\Illuminate\\Pipeline\\Pipeline.php(183): Illuminate\\Http\\Middleware\\TrustProxies->handle(Object(Illuminate\\Http\\Request), Object(Closure))
#54 C:\\Users\\Marin\\Downloads\\saau-final-corrigido\\saau-final\\vendor\\laravel\\framework\\src\\Illuminate\\Pipeline\\Pipeline.php(119): Illuminate\\Pipeline\\Pipeline->Illuminate\\Pipeline\\{closure}(Object(Illuminate\\Http\\Request))
#55 C:\\Users\\Marin\\Downloads\\saau-final-corrigido\\saau-final\\vendor\\laravel\\framework\\src\\Illuminate\\Foundation\\Http\\Kernel.php(175): Illuminate\\Pipeline\\Pipeline->then(Object(Closure))
#56 C:\\Users\\Marin\\Downloads\\saau-final-corrigido\\saau-final\\vendor\\laravel\\framework\\src\\Illuminate\\Foundation\\Http\\Kernel.php(144): Illuminate\\Foundation\\Http\\Kernel->sendRequestThroughRouter(Object(Illuminate\\Http\\Request))
#57 C:\\Users\\Marin\\Downloads\\saau-final-corrigido\\saau-final\\public\\index.php(51): Illuminate\\Foundation\\Http\\Kernel->handle(Object(Illuminate\\Http\\Request))
#58 C:\\Users\\Marin\\Downloads\\saau-final-corrigido\\saau-final\\vendor\\laravel\\framework\\src\\Illuminate\\Foundation\\resources\\server.php(16): require_once('C:\\\\Users\\\\Marin\\\\...')
#59 {main}
"} 
[2025-11-17 13:26:40] local.ERROR: file_put_contents(C:\Users\Marin\Downloads\saau-final-corrigido\saau-final\storage\framework/sessions/RNip8SRqmsm2PnMzApwXAZR5s9yWuMujMfPv50Y8): Failed to open stream: No such file or directory {"exception":"[object] (ErrorException(code: 0): file_put_contents(C:\\Users\\Marin\\Downloads\\saau-final-corrigido\\saau-final\\storage\\framework/sessions/RNip8SRqmsm2PnMzApwXAZR5s9yWuMujMfPv50Y8): Failed to open stream: No such file or directory at C:\\Users\\Marin\\Downloads\\saau-final-corrigido\\saau-final\\vendor\\laravel\\framework\\src\\Illuminate\\Filesystem\\Filesystem.php:204)
[stacktrace]
#0 C:\\Users\\Marin\\Downloads\\saau-final-corrigido\\saau-final\\vendor\\laravel\\framework\\src\\Illuminate\\Foundation\\Bootstrap\\HandleExceptions.php(255): Illuminate\\Foundation\\Bootstrap\\HandleExceptions->handleError(2, 'file_put_conten...', 'C:\\\\Users\\\\Marin\\\\...', 204)
#1 [internal function]: Illuminate\\Foundation\\Bootstrap\\HandleExceptions->Illuminate\\Foundation\\Bootstrap\\{closure}(2, 'file_put_conten...', 'C:\\\\Users\\\\Marin\\\\...', 204)
#2 C:\\Users\\Marin\\Downloads\\saau-final-corrigido\\saau-final\\vendor\\laravel\\framework\\src\\Illuminate\\Filesystem\\Filesystem.php(204): file_put_contents('C:\\\\Users\\\\Marin\\\\...', 'a:3:{s:6:\"_toke...', 2)
#3 C:\\Users\\Marin\\Downloads\\saau-final-corrigido\\saau-final\\vendor\\laravel\\framework\\src\\Illuminate\\Session\\FileSessionHandler.php(90): Illuminate\\Filesystem\\Filesystem->put('C:\\\\Users\\\\Marin\\\\...', 'a:3:{s:6:\"_toke...', true)
#4 C:\\Users\\Marin\\Downloads\\saau-final-corrigido\\saau-final\\vendor\\laravel\\framework\\src\\Illuminate\\Session\\Store.php(172): Illuminate\\Session\\FileSessionHandler->write('RNip8SRqmsm2PnM...', 'a:3:{s:6:\"_toke...')
#5 C:\\Users\\Marin\\Downloads\\saau-final-corrigido\\saau-final\\vendor\\laravel\\framework\\src\\Illuminate\\Session\\Middleware\\StartSession.php(245): Illuminate\\Session\\Store->save()
#6 C:\\Users\\Marin\\Downloads\\saau-final-corrigido\\saau-final\\vendor\\laravel\\framework\\src\\Illuminate\\Session\\Middleware\\StartSession.php(130): Illuminate\\Session\\Middleware\\StartSession->saveSession(Object(Illuminate\\Http\\Request))
#7 C:\\Users\\Marin\\Downloads\\saau-final-corrigido\\saau-final\\vendor\\laravel\\framework\\src\\Illuminate\\Session\\Middleware\\StartSession.php(64): Illuminate\\Session\\Middleware\\StartSession->handleStatefulRequest(Object(Illuminate\\Http\\Request), Object(Illuminate\\Session\\Store), Object(Closure))
#8 C:\\Users\\Marin\\Downloads\\saau-final-corrigido\\saau-final\\vendor\\laravel\\framework\\src\\Illuminate\\Pipeline\\Pipeline.php(183): Illuminate\\Session\\Middleware\\StartSession->handle(Object(Illuminate\\Http\\Request), Object(Closure))
#9 C:\\Users\\Marin\\Downloads\\saau-final-corrigido\\saau-final\\vendor\\laravel\\framework\\src\\Illuminate\\Cookie\\Middleware\\AddQueuedCookiesToResponse.php(37): Illuminate\\Pipeline\\Pipeline->Illuminate\\Pipeline\\{closure}(Object(Illuminate\\Http\\Request))
#10 C:\\Users\\Marin\\Downloads\\saau-final-corrigido\\saau-final\\vendor\\laravel\\framework\\src\\Illuminate\\Pipeline\\Pipeline.php(183): Illuminate\\Cookie\\Middleware\\AddQueuedCookiesToResponse->handle(Object(Illuminate\\Http\\Request), Object(Closure))
#11 C:\\Users\\Marin\\Downloads\\saau-final-corrigido\\saau-final\\vendor\\laravel\\framework\\src\\Illuminate\\Cookie\\Middleware\\EncryptCookies.php(67): Illuminate\\Pipeline\\Pipeline->Illuminate\\Pipeline\\{closure}(Object(Illuminate\\Http\\Request))
#12 C:\\Users\\Marin\\Downloads\\saau-final-corrigido\\saau-final\\vendor\\laravel\\framework\\src\\Illuminate\\Pipeline\\Pipeline.php(183): Illuminate\\Cookie\\Middleware\\EncryptCookies->handle(Object(Illuminate\\Http\\Request), Object(Closure))
#13 C:\\Users\\Marin\\Downloads\\saau-final-corrigido\\saau-final\\vendor\\laravel\\framework\\src\\Illuminate\\Pipeline\\Pipeline.php(119): Illuminate\\Pipeline\\Pipeline->Illuminate\\Pipeline\\{closure}(Object(Illuminate\\Http\\Request))
#14 C:\\Users\\Marin\\Downloads\\saau-final-corrigido\\saau-final\\vendor\\laravel\\framework\\src\\Illuminate\\Routing\\Router.php(805): Illuminate\\Pipeline\\Pipeline->then(Object(Closure))
#15 C:\\Users\\Marin\\Downloads\\saau-final-corrigido\\saau-final\\vendor\\laravel\\framework\\src\\Illuminate\\Routing\\Router.php(784): Illuminate\\Routing\\Router->runRouteWithinStack(Object(Illuminate\\Routing\\Route), Object(Illuminate\\Http\\Request))
#16 C:\\Users\\Marin\\Downloads\\saau-final-corrigido\\saau-final\\vendor\\laravel\\framework\\src\\Illuminate\\Routing\\Router.php(748): Illuminate\\Routing\\Router->runRoute(Object(Illuminate\\Http\\Request), Object(Illuminate\\Routing\\Route))
#17 C:\\Users\\Marin\\Downloads\\saau-final-corrigido\\saau-final\\vendor\\laravel\\framework\\src\\Illuminate\\Routing\\Router.php(737): Illuminate\\Routing\\Router->dispatchToRoute(Object(Illuminate\\Http\\Request))
#18 C:\\Users\\Marin\\Downloads\\saau-final-corrigido\\saau-final\\vendor\\laravel\\framework\\src\\Illuminate\\Foundation\\Http\\Kernel.php(200): Illuminate\\Routing\\Router->dispatch(Object(Illuminate\\Http\\Request))
#19 C:\\Users\\Marin\\Downloads\\saau-final-corrigido\\saau-final\\vendor\\laravel\\framework\\src\\Illuminate\\Pipeline\\Pipeline.php(144): Illuminate\\Foundation\\Http\\Kernel->Illuminate\\Foundation\\Http\\{closure}(Object(Illuminate\\Http\\Request))
#20 C:\\Users\\Marin\\Downloads\\saau-final-corrigido\\saau-final\\vendor\\laravel\\framework\\src\\Illuminate\\Foundation\\Http\\Middleware\\TransformsRequest.php(21): Illuminate\\Pipeline\\Pipeline->Illuminate\\Pipeline\\{closure}(Object(Illuminate\\Http\\Request))
#21 C:\\Users\\Marin\\Downloads\\saau-final-corrigido\\saau-final\\vendor\\laravel\\framework\\src\\Illuminate\\Foundation\\Http\\Middleware\\ConvertEmptyStringsToNull.php(31): Illuminate\\Foundation\\Http\\Middleware\\TransformsRequest->handle(Object(Illuminate\\Http\\Request), Object(Closure))
#22 C:\\Users\\Marin\\Downloads\\saau-final-corrigido\\saau-final\\vendor\\laravel\\framework\\src\\Illuminate\\Pipeline\\Pipeline.php(183): Illuminate\\Foundation\\Http\\Middleware\\ConvertEmptyStringsToNull->handle(Object(Illuminate\\Http\\Request), Object(Closure))
#23 C:\\Users\\Marin\\Downloads\\saau-final-corrigido\\saau-final\\vendor\\laravel\\framework\\src\\Illuminate\\Foundation\\Http\\Middleware\\TransformsRequest.php(21): Illuminate\\Pipeline\\Pipeline->Illuminate\\Pipeline\\{closure}(Object(Illuminate\\Http\\Request))
#24 C:\\Users\\Marin\\Downloads\\saau-final-corrigido\\saau-final\\vendor\\laravel\\framework\\src\\Illuminate\\Foundation\\Http\\Middleware\\TrimStrings.php(40): Illuminate\\Foundation\\Http\\Middleware\\TransformsRequest->handle(Object(Illuminate\\Http\\Request), Object(Closure))
#25 C:\\Users\\Marin\\Downloads\\saau-final-corrigido\\saau-final\\vendor\\laravel\\framework\\src\\Illuminate\\Pipeline\\Pipeline.php(183): Illuminate\\Foundation\\Http\\Middleware\\TrimStrings->handle(Object(Illuminate\\Http\\Request), Object(Closure))
#26 C:\\Users\\Marin\\Downloads\\saau-final-corrigido\\saau-final\\vendor\\laravel\\framework\\src\\Illuminate\\Foundation\\Http\\Middleware\\ValidatePostSize.php(27): Illuminate\\Pipeline\\Pipeline->Illuminate\\Pipeline\\{closure}(Object(Illuminate\\Http\\Request))
#27 C:\\Users\\Marin\\Downloads\\saau-final-corrigido\\saau-final\\vendor\\laravel\\framework\\src\\Illuminate\\Pipeline\\Pipeline.php(183): Illuminate\\Foundation\\Http\\Middleware\\ValidatePostSize->handle(Object(Illuminate\\Http\\Request), Object(Closure))
#28 C:\\Users\\Marin\\Downloads\\saau-final-corrigido\\saau-final\\vendor\\laravel\\framework\\src\\Illuminate\\Foundation\\Http\\Middleware\\PreventRequestsDuringMaintenance.php(99): Illuminate\\Pipeline\\Pipeline->Illuminate\\Pipeline\\{closure}(Object(Illuminate\\Http\\Request))
#29 C:\\Users\\Marin\\Downloads\\saau-final-corrigido\\saau-final\\vendor\\laravel\\framework\\src\\Illuminate\\Pipeline\\Pipeline.php(183): Illuminate\\Foundation\\Http\\Middleware\\PreventRequestsDuringMaintenance->handle(Object(Illuminate\\Http\\Request), Object(Closure))
#30 C:\\Users\\Marin\\Downloads\\saau-final-corrigido\\saau-final\\vendor\\laravel\\framework\\src\\Illuminate\\Http\\Middleware\\HandleCors.php(49): Illuminate\\Pipeline\\Pipeline->Illuminate\\Pipeline\\{closure}(Object(Illuminate\\Http\\Request))
#31 C:\\Users\\Marin\\Downloads\\saau-final-corrigido\\saau-final\\vendor\\laravel\\framework\\src\\Illuminate\\Pipeline\\Pipeline.php(183): Illuminate\\Http\\Middleware\\HandleCors->handle(Object(Illuminate\\Http\\Request), Object(Closure))
#32 C:\\Users\\Marin\\Downloads\\saau-final-corrigido\\saau-final\\vendor\\laravel\\framework\\src\\Illuminate\\Http\\Middleware\\TrustProxies.php(39): Illuminate\\Pipeline\\Pipeline->Illuminate\\Pipeline\\{closure}(Object(Illuminate\\Http\\Request))
#33 C:\\Users\\Marin\\Downloads\\saau-final-corrigido\\saau-final\\vendor\\laravel\\framework\\src\\Illuminate\\Pipeline\\Pipeline.php(183): Illuminate\\Http\\Middleware\\TrustProxies->handle(Object(Illuminate\\Http\\Request), Object(Closure))
#34 C:\\Users\\Marin\\Downloads\\saau-final-corrigido\\saau-final\\vendor\\laravel\\framework\\src\\Illuminate\\Pipeline\\Pipeline.php(119): Illuminate\\Pipeline\\Pipeline->Illuminate\\Pipeline\\{closure}(Object(Illuminate\\Http\\Request))
#35 C:\\Users\\Marin\\Downloads\\saau-final-corrigido\\saau-final\\vendor\\laravel\\framework\\src\\Illuminate\\Foundation\\Http\\Kernel.php(175): Illuminate\\Pipeline\\Pipeline->then(Object(Closure))
#36 C:\\Users\\Marin\\Downloads\\saau-final-corrigido\\saau-final\\vendor\\laravel\\framework\\src\\Illuminate\\Foundation\\Http\\Kernel.php(144): Illuminate\\Foundation\\Http\\Kernel->sendRequestThroughRouter(Object(Illuminate\\Http\\Request))
#37 C:\\Users\\Marin\\Downloads\\saau-final-corrigido\\saau-final\\public\\index.php(51): Illuminate\\Foundation\\Http\\Kernel->handle(Object(Illuminate\\Http\\Request))
#38 C:\\Users\\Marin\\Downloads\\saau-final-corrigido\\saau-final\\vendor\\laravel\\framework\\src\\Illuminate\\Foundation\\resources\\server.php(16): require_once('C:\\\\Users\\\\Marin\\\\...')
#39 {main}
"} 
[2025-11-17 13:31:25] local.ERROR: SQLSTATE[42S22]: Column not found: 1054 Unknown column 'vaccine_type' in 'field list' (Connection: mysql, SQL: insert into `vaccines` (`animal_id`, `vaccine_type`, `application_date`, `next_dose_date`, `notes`, `id`, `updated_at`, `created_at`) values (78d847bb-f79d-4ec1-8041-4352a9a98876, v10, 2025-12-12 00:00:00, 2026-12-12 00:00:00, ?, a0610950-8fa7-4c8d-b012-4987ba781f35, 2025-11-17 13:31:25, 2025-11-17 13:31:25)) {"userId":1,"exception":"[object] (Illuminate\\Database\\QueryException(code: 42S22): SQLSTATE[42S22]: Column not found: 1054 Unknown column 'vaccine_type' in 'field list' (Connection: mysql, SQL: insert into `vaccines` (`animal_id`, `vaccine_type`, `application_date`, `next_dose_date`, `notes`, `id`, `updated_at`, `created_at`) values (78d847bb-f79d-4ec1-8041-4352a9a98876, v10, 2025-12-12 00:00:00, 2026-12-12 00:00:00, ?, a0610950-8fa7-4c8d-b012-4987ba781f35, 2025-11-17 13:31:25, 2025-11-17 13:31:25)) at C:\\Users\\Marin\\Downloads\\saau-final-corrigido\\saau-final\\vendor\\laravel\\framework\\src\\Illuminate\\Database\\Connection.php:829)
[stacktrace]
#0 C:\\Users\\Marin\\Downloads\\saau-final-corrigido\\saau-final\\vendor\\laravel\\framework\\src\\Illuminate\\Database\\Connection.php(783): Illuminate\\Database\\Connection->runQueryCallback('insert into `va...', Array, Object(Closure))
#1 C:\\Users\\Marin\\Downloads\\saau-final-corrigido\\saau-final\\vendor\\laravel\\framework\\src\\Illuminate\\Database\\MySqlConnection.php(34): Illuminate\\Database\\Connection->run('insert into `va...', Array, Object(Closure))
#2 C:\\Users\\Marin\\Downloads\\saau-final-corrigido\\saau-final\\vendor\\laravel\\framework\\src\\Illuminate\\Database\\Query\\Builder.php(3498): Illuminate\\Database\\MySqlConnection->insert('insert into `va...', Array)
#3 C:\\Users\\Marin\\Downloads\\saau-final-corrigido\\saau-final\\vendor\\laravel\\framework\\src\\Illuminate\\Database\\Eloquent\\Builder.php(1982): Illuminate\\Database\\Query\\Builder->insert(Array)
#4 C:\\Users\\Marin\\Downloads\\saau-final-corrigido\\saau-final\\vendor\\laravel\\framework\\src\\Illuminate\\Database\\Eloquent\\Model.php(1310): Illuminate\\Database\\Eloquent\\Builder->__call('insert', Array)
#5 C:\\Users\\Marin\\Downloads\\saau-final-corrigido\\saau-final\\vendor\\laravel\\framework\\src\\Illuminate\\Database\\Eloquent\\Model.php(1138): Illuminate\\Database\\Eloquent\\Model->performInsert(Object(Illuminate\\Database\\Eloquent\\Builder))
#6 C:\\Users\\Marin\\Downloads\\saau-final-corrigido\\saau-final\\vendor\\laravel\\framework\\src\\Illuminate\\Database\\Eloquent\\Builder.php(1025): Illuminate\\Database\\Eloquent\\Model->save()
#7 C:\\Users\\Marin\\Downloads\\saau-final-corrigido\\saau-final\\vendor\\laravel\\framework\\src\\Illuminate\\Support\\helpers.php(320): Illuminate\\Database\\Eloquent\\Builder->Illuminate\\Database\\Eloquent\\{closure}(Object(App\\Models\\Vaccine))
#8 C:\\Users\\Marin\\Downloads\\saau-final-corrigido\\saau-final\\vendor\\laravel\\framework\\src\\Illuminate\\Database\\Eloquent\\Builder.php(1024): tap(Object(App\\Models\\Vaccine), Object(Closure))
#9 C:\\Users\\Marin\\Downloads\\saau-final-corrigido\\saau-final\\vendor\\laravel\\framework\\src\\Illuminate\\Support\\Traits\\ForwardsCalls.php(23): Illuminate\\Database\\Eloquent\\Builder->create(Array)
#10 C:\\Users\\Marin\\Downloads\\saau-final-corrigido\\saau-final\\vendor\\laravel\\framework\\src\\Illuminate\\Database\\Eloquent\\Model.php(2335): Illuminate\\Database\\Eloquent\\Model->forwardCallTo(Object(Illuminate\\Database\\Eloquent\\Builder), 'create', Array)
#11 C:\\Users\\Marin\\Downloads\\saau-final-corrigido\\saau-final\\vendor\\laravel\\framework\\src\\Illuminate\\Database\\Eloquent\\Model.php(2347): Illuminate\\Database\\Eloquent\\Model->__call('create', Array)
#12 C:\\Users\\Marin\\Downloads\\saau-final-corrigido\\saau-final\\app\\Http\\Controllers\\Admin\\VaccineController.php(37): Illuminate\\Database\\Eloquent\\Model::__callStatic('create', Array)
#13 C:\\Users\\Marin\\Downloads\\saau-final-corrigido\\saau-final\\vendor\\laravel\\framework\\src\\Illuminate\\Routing\\Controller.php(54): App\\Http\\Controllers\\Admin\\VaccineController->store(Object(Illuminate\\Http\\Request))
#14 C:\\Users\\Marin\\Downloads\\saau-final-corrigido\\saau-final\\vendor\\laravel\\framework\\src\\Illuminate\\Routing\\ControllerDispatcher.php(43): Illuminate\\Routing\\Controller->callAction('store', Array)
#15 C:\\Users\\Marin\\Downloads\\saau-final-corrigido\\saau-final\\vendor\\laravel\\framework\\src\\Illuminate\\Routing\\Route.php(259): Illuminate\\Routing\\ControllerDispatcher->dispatch(Object(Illuminate\\Routing\\Route), Object(App\\Http\\Controllers\\Admin\\VaccineController), 'store')
#16 C:\\Users\\Marin\\Downloads\\saau-final-corrigido\\saau-final\\vendor\\laravel\\framework\\src\\Illuminate\\Routing\\Route.php(205): Illuminate\\Routing\\Route->runController()
#17 C:\\Users\\Marin\\Downloads\\saau-final-corrigido\\saau-final\\vendor\\laravel\\framework\\src\\Illuminate\\Routing\\Router.php(806): Illuminate\\Routing\\Route->run()
#18 C:\\Users\\Marin\\Downloads\\saau-final-corrigido\\saau-final\\vendor\\laravel\\framework\\src\\Illuminate\\Pipeline\\Pipeline.php(144): Illuminate\\Routing\\Router->Illuminate\\Routing\\{closure}(Object(Illuminate\\Http\\Request))
#19 C:\\Users\\Marin\\Downloads\\saau-final-corrigido\\saau-final\\app\\Http\\Middleware\\CheckAdmin.php(25): Illuminate\\Pipeline\\Pipeline->Illuminate\\Pipeline\\{closure}(Object(Illuminate\\Http\\Request))
#20 C:\\Users\\Marin\\Downloads\\saau-final-corrigido\\saau-final\\vendor\\laravel\\framework\\src\\Illuminate\\Pipeline\\Pipeline.php(183): App\\Http\\Middleware\\CheckAdmin->handle(Object(Illuminate\\Http\\Request), Object(Closure))
#21 C:\\Users\\Marin\\Downloads\\saau-final-corrigido\\saau-final\\vendor\\laravel\\framework\\src\\Illuminate\\Routing\\Middleware\\SubstituteBindings.php(50): Illuminate\\Pipeline\\Pipeline->Illuminate\\Pipeline\\{closure}(Object(Illuminate\\Http\\Request))
#22 C:\\Users\\Marin\\Downloads\\saau-final-corrigido\\saau-final\\vendor\\laravel\\framework\\src\\Illuminate\\Pipeline\\Pipeline.php(183): Illuminate\\Routing\\Middleware\\SubstituteBindings->handle(Object(Illuminate\\Http\\Request), Object(Closure))
#23 C:\\Users\\Marin\\Downloads\\saau-final-corrigido\\saau-final\\vendor\\laravel\\framework\\src\\Illuminate\\Foundation\\Http\\Middleware\\VerifyCsrfToken.php(78): Illuminate\\Pipeline\\Pipeline->Illuminate\\Pipeline\\{closure}(Object(Illuminate\\Http\\Request))
#24 C:\\Users\\Marin\\Downloads\\saau-final-corrigido\\saau-final\\vendor\\laravel\\framework\\src\\Illuminate\\Pipeline\\Pipeline.php(183): Illuminate\\Foundation\\Http\\Middleware\\VerifyCsrfToken->handle(Object(Illuminate\\Http\\Request), Object(Closure))
#25 C:\\Users\\Marin\\Downloads\\saau-final-corrigido\\saau-final\\vendor\\laravel\\framework\\src\\Illuminate\\View\\Middleware\\ShareErrorsFromSession.php(49): Illuminate\\Pipeline\\Pipeline->Illuminate\\Pipeline\\{closure}(Object(Illuminate\\Http\\Request))
#26 C:\\Users\\Marin\\Downloads\\saau-final-corrigido\\saau-final\\vendor\\laravel\\framework\\src\\Illuminate\\Pipeline\\Pipeline.php(183): Illuminate\\View\\Middleware\\ShareErrorsFromSession->handle(Object(Illuminate\\Http\\Request), Object(Closure))
#27 C:\\Users\\Marin\\Downloads\\saau-final-corrigido\\saau-final\\vendor\\laravel\\framework\\src\\Illuminate\\Session\\Middleware\\StartSession.php(121): Illuminate\\Pipeline\\Pipeline->Illuminate\\Pipeline\\{closure}(Object(Illuminate\\Http\\Request))
#28 C:\\Users\\Marin\\Downloads\\saau-final-corrigido\\saau-final\\vendor\\laravel\\framework\\src\\Illuminate\\Session\\Middleware\\StartSession.php(64): Illuminate\\Session\\Middleware\\StartSession->handleStatefulRequest(Object(Illuminate\\Http\\Request), Object(Illuminate\\Session\\Store), Object(Closure))
#29 C:\\Users\\Marin\\Downloads\\saau-final-corrigido\\saau-final\\vendor\\laravel\\framework\\src\\Illuminate\\Pipeline\\Pipeline.php(183): Illuminate\\Session\\Middleware\\StartSession->handle(Object(Illuminate\\Http\\Request), Object(Closure))
#30 C:\\Users\\Marin\\Downloads\\saau-final-corrigido\\saau-final\\vendor\\laravel\\framework\\src\\Illuminate\\Cookie\\Middleware\\AddQueuedCookiesToResponse.php(37): Illuminate\\Pipeline\\Pipeline->Illuminate\\Pipeline\\{closure}(Object(Illuminate\\Http\\Request))
#31 C:\\Users\\Marin\\Downloads\\saau-final-corrigido\\saau-final\\vendor\\laravel\\framework\\src\\Illuminate\\Pipeline\\Pipeline.php(183): Illuminate\\Cookie\\Middleware\\AddQueuedCookiesToResponse->handle(Object(Illuminate\\Http\\Request), Object(Closure))
#32 C:\\Users\\Marin\\Downloads\\saau-final-corrigido\\saau-final\\vendor\\laravel\\framework\\src\\Illuminate\\Cookie\\Middleware\\EncryptCookies.php(67): Illuminate\\Pipeline\\Pipeline->Illuminate\\Pipeline\\{closure}(Object(Illuminate\\Http\\Request))
#33 C:\\Users\\Marin\\Downloads\\saau-final-corrigido\\saau-final\\vendor\\laravel\\framework\\src\\Illuminate\\Pipeline\\Pipeline.php(183): Illuminate\\Cookie\\Middleware\\EncryptCookies->handle(Object(Illuminate\\Http\\Request), Object(Closure))
#34 C:\\Users\\Marin\\Downloads\\saau-final-corrigido\\saau-final\\vendor\\laravel\\framework\\src\\Illuminate\\Pipeline\\Pipeline.php(119): Illuminate\\Pipeline\\Pipeline->Illuminate\\Pipeline\\{closure}(Object(Illuminate\\Http\\Request))
#35 C:\\Users\\Marin\\Downloads\\saau-final-corrigido\\saau-final\\vendor\\laravel\\framework\\src\\Illuminate\\Routing\\Router.php(805): Illuminate\\Pipeline\\Pipeline->then(Object(Closure))
#36 C:\\Users\\Marin\\Downloads\\saau-final-corrigido\\saau-final\\vendor\\laravel\\framework\\src\\Illuminate\\Routing\\Router.php(784): Illuminate\\Routing\\Router->runRouteWithinStack(Object(Illuminate\\Routing\\Route), Object(Illuminate\\Http\\Request))
#37 C:\\Users\\Marin\\Downloads\\saau-final-corrigido\\saau-final\\vendor\\laravel\\framework\\src\\Illuminate\\Routing\\Router.php(748): Illuminate\\Routing\\Router->runRoute(Object(Illuminate\\Http\\Request), Object(Illuminate\\Routing\\Route))
#38 C:\\Users\\Marin\\Downloads\\saau-final-corrigido\\saau-final\\vendor\\laravel\\framework\\src\\Illuminate\\Routing\\Router.php(737): Illuminate\\Routing\\Router->dispatchToRoute(Object(Illuminate\\Http\\Request))
#39 C:\\Users\\Marin\\Downloads\\saau-final-corrigido\\saau-final\\vendor\\laravel\\framework\\src\\Illuminate\\Foundation\\Http\\Kernel.php(200): Illuminate\\Routing\\Router->dispatch(Object(Illuminate\\Http\\Request))
#40 C:\\Users\\Marin\\Downloads\\saau-final-corrigido\\saau-final\\vendor\\laravel\\framework\\src\\Illuminate\\Pipeline\\Pipeline.php(144): Illuminate\\Foundation\\Http\\Kernel->Illuminate\\Foundation\\Http\\{closure}(Object(Illuminate\\Http\\Request))
#41 C:\\Users\\Marin\\Downloads\\saau-final-corrigido\\saau-final\\vendor\\laravel\\framework\\src\\Illuminate\\Foundation\\Http\\Middleware\\TransformsRequest.php(21): Illuminate\\Pipeline\\Pipeline->Illuminate\\Pipeline\\{closure}(Object(Illuminate\\Http\\Request))
#42 C:\\Users\\Marin\\Downloads\\saau-final-corrigido\\saau-final\\vendor\\laravel\\framework\\src\\Illuminate\\Foundation\\Http\\Middleware\\ConvertEmptyStringsToNull.php(31): Illuminate\\Foundation\\Http\\Middleware\\TransformsRequest->handle(Object(Illuminate\\Http\\Request), Object(Closure))
#43 C:\\Users\\Marin\\Downloads\\saau-final-corrigido\\saau-final\\vendor\\laravel\\framework\\src\\Illuminate\\Pipeline\\Pipeline.php(183): Illuminate\\Foundation\\Http\\Middleware\\ConvertEmptyStringsToNull->handle(Object(Illuminate\\Http\\Request), Object(Closure))
#44 C:\\Users\\Marin\\Downloads\\saau-final-corrigido\\saau-final\\vendor\\laravel\\framework\\src\\Illuminate\\Foundation\\Http\\Middleware\\TransformsRequest.php(21): Illuminate\\Pipeline\\Pipeline->Illuminate\\Pipeline\\{closure}(Object(Illuminate\\Http\\Request))
#45 C:\\Users\\Marin\\Downloads\\saau-final-corrigido\\saau-final\\vendor\\laravel\\framework\\src\\Illuminate\\Foundation\\Http\\Middleware\\TrimStrings.php(40): Illuminate\\Foundation\\Http\\Middleware\\TransformsRequest->handle(Object(Illuminate\\Http\\Request), Object(Closure))
#46 C:\\Users\\Marin\\Downloads\\saau-final-corrigido\\saau-final\\vendor\\laravel\\framework\\src\\Illuminate\\Pipeline\\Pipeline.php(183): Illuminate\\Foundation\\Http\\Middleware\\TrimStrings->handle(Object(Illuminate\\Http\\Request), Object(Closure))
#47 C:\\Users\\Marin\\Downloads\\saau-final-corrigido\\saau-final\\vendor\\laravel\\framework\\src\\Illuminate\\Foundation\\Http\\Middleware\\ValidatePostSize.php(27): Illuminate\\Pipeline\\Pipeline->Illuminate\\Pipeline\\{closure}(Object(Illuminate\\Http\\Request))
#48 C:\\Users\\Marin\\Downloads\\saau-final-corrigido\\saau-final\\vendor\\laravel\\framework\\src\\Illuminate\\Pipeline\\Pipeline.php(183): Illuminate\\Foundation\\Http\\Middleware\\ValidatePostSize->handle(Object(Illuminate\\Http\\Request), Object(Closure))
#49 C:\\Users\\Marin\\Downloads\\saau-final-corrigido\\saau-final\\vendor\\laravel\\framework\\src\\Illuminate\\Foundation\\Http\\Middleware\\PreventRequestsDuringMaintenance.php(99): Illuminate\\Pipeline\\Pipeline->Illuminate\\Pipeline\\{closure}(Object(Illuminate\\Http\\Request))
#50 C:\\Users\\Marin\\Downloads\\saau-final-corrigido\\saau-final\\vendor\\laravel\\framework\\src\\Illuminate\\Pipeline\\Pipeline.php(183): Illuminate\\Foundation\\Http\\Middleware\\PreventRequestsDuringMaintenance->handle(Object(Illuminate\\Http\\Request), Object(Closure))
#51 C:\\Users\\Marin\\Downloads\\saau-final-corrigido\\saau-final\\vendor\\laravel\\framework\\src\\Illuminate\\Http\\Middleware\\HandleCors.php(49): Illuminate\\Pipeline\\Pipeline->Illuminate\\Pipeline\\{closure}(Object(Illuminate\\Http\\Request))
#52 C:\\Users\\Marin\\Downloads\\saau-final-corrigido\\saau-final\\vendor\\laravel\\framework\\src\\Illuminate\\Pipeline\\Pipeline.php(183): Illuminate\\Http\\Middleware\\HandleCors->handle(Object(Illuminate\\Http\\Request), Object(Closure))
#53 C:\\Users\\Marin\\Downloads\\saau-final-corrigido\\saau-final\\vendor\\laravel\\framework\\src\\Illuminate\\Http\\Middleware\\TrustProxies.php(39): Illuminate\\Pipeline\\Pipeline->Illuminate\\Pipeline\\{closure}(Object(Illuminate\\Http\\Request))
#54 C:\\Users\\Marin\\Downloads\\saau-final-corrigido\\saau-final\\vendor\\laravel\\framework\\src\\Illuminate\\Pipeline\\Pipeline.php(183): Illuminate\\Http\\Middleware\\TrustProxies->handle(Object(Illuminate\\Http\\Request), Object(Closure))
#55 C:\\Users\\Marin\\Downloads\\saau-final-corrigido\\saau-final\\vendor\\laravel\\framework\\src\\Illuminate\\Pipeline\\Pipeline.php(119): Illuminate\\Pipeline\\Pipeline->Illuminate\\Pipeline\\{closure}(Object(Illuminate\\Http\\Request))
#56 C:\\Users\\Marin\\Downloads\\saau-final-corrigido\\saau-final\\vendor\\laravel\\framework\\src\\Illuminate\\Foundation\\Http\\Kernel.php(175): Illuminate\\Pipeline\\Pipeline->then(Object(Closure))
#57 C:\\Users\\Marin\\Downloads\\saau-final-corrigido\\saau-final\\vendor\\laravel\\framework\\src\\Illuminate\\Foundation\\Http\\Kernel.php(144): Illuminate\\Foundation\\Http\\Kernel->sendRequestThroughRouter(Object(Illuminate\\Http\\Request))
#58 C:\\Users\\Marin\\Downloads\\saau-final-corrigido\\saau-final\\public\\index.php(51): Illuminate\\Foundation\\Http\\Kernel->handle(Object(Illuminate\\Http\\Request))
#59 C:\\Users\\Marin\\Downloads\\saau-final-corrigido\\saau-final\\vendor\\laravel\\framework\\src\\Illuminate\\Foundation\\resources\\server.php(16): require_once('C:\\\\Users\\\\Marin\\\\...')
#60 {main}

[previous exception] [object] (PDOException(code: 42S22): SQLSTATE[42S22]: Column not found: 1054 Unknown column 'vaccine_type' in 'field list' at C:\\Users\\Marin\\Downloads\\saau-final-corrigido\\saau-final\\vendor\\laravel\\framework\\src\\Illuminate\\Database\\MySqlConnection.php:39)
[stacktrace]
#0 C:\\Users\\Marin\\Downloads\\saau-final-corrigido\\saau-final\\vendor\\laravel\\framework\\src\\Illuminate\\Database\\MySqlConnection.php(39): PDO->prepare('insert into `va...')
#1 C:\\Users\\Marin\\Downloads\\saau-final-corrigido\\saau-final\\vendor\\laravel\\framework\\src\\Illuminate\\Database\\Connection.php(816): Illuminate\\Database\\MySqlConnection->Illuminate\\Database\\{closure}('insert into `va...', Array)
#2 C:\\Users\\Marin\\Downloads\\saau-final-corrigido\\saau-final\\vendor\\laravel\\framework\\src\\Illuminate\\Database\\Connection.php(783): Illuminate\\Database\\Connection->runQueryCallback('insert into `va...', Array, Object(Closure))
#3 C:\\Users\\Marin\\Downloads\\saau-final-corrigido\\saau-final\\vendor\\laravel\\framework\\src\\Illuminate\\Database\\MySqlConnection.php(34): Illuminate\\Database\\Connection->run('insert into `va...', Array, Object(Closure))
#4 C:\\Users\\Marin\\Downloads\\saau-final-corrigido\\saau-final\\vendor\\laravel\\framework\\src\\Illuminate\\Database\\Query\\Builder.php(3498): Illuminate\\Database\\MySqlConnection->insert('insert into `va...', Array)
#5 C:\\Users\\Marin\\Downloads\\saau-final-corrigido\\saau-final\\vendor\\laravel\\framework\\src\\Illuminate\\Database\\Eloquent\\Builder.php(1982): Illuminate\\Database\\Query\\Builder->insert(Array)
#6 C:\\Users\\Marin\\Downloads\\saau-final-corrigido\\saau-final\\vendor\\laravel\\framework\\src\\Illuminate\\Database\\Eloquent\\Model.php(1310): Illuminate\\Database\\Eloquent\\Builder->__call('insert', Array)
#7 C:\\Users\\Marin\\Downloads\\saau-final-corrigido\\saau-final\\vendor\\laravel\\framework\\src\\Illuminate\\Database\\Eloquent\\Model.php(1138): Illuminate\\Database\\Eloquent\\Model->performInsert(Object(Illuminate\\Database\\Eloquent\\Builder))
#8 C:\\Users\\Marin\\Downloads\\saau-final-corrigido\\saau-final\\vendor\\laravel\\framework\\src\\Illuminate\\Database\\Eloquent\\Builder.php(1025): Illuminate\\Database\\Eloquent\\Model->save()
#9 C:\\Users\\Marin\\Downloads\\saau-final-corrigido\\saau-final\\vendor\\laravel\\framework\\src\\Illuminate\\Support\\helpers.php(320): Illuminate\\Database\\Eloquent\\Builder->Illuminate\\Database\\Eloquent\\{closure}(Object(App\\Models\\Vaccine))
#10 C:\\Users\\Marin\\Downloads\\saau-final-corrigido\\saau-final\\vendor\\laravel\\framework\\src\\Illuminate\\Database\\Eloquent\\Builder.php(1024): tap(Object(App\\Models\\Vaccine), Object(Closure))
#11 C:\\Users\\Marin\\Downloads\\saau-final-corrigido\\saau-final\\vendor\\laravel\\framework\\src\\Illuminate\\Support\\Traits\\ForwardsCalls.php(23): Illuminate\\Database\\Eloquent\\Builder->create(Array)
#12 C:\\Users\\Marin\\Downloads\\saau-final-corrigido\\saau-final\\vendor\\laravel\\framework\\src\\Illuminate\\Database\\Eloquent\\Model.php(2335): Illuminate\\Database\\Eloquent\\Model->forwardCallTo(Object(Illuminate\\Database\\Eloquent\\Builder), 'create', Array)
#13 C:\\Users\\Marin\\Downloads\\saau-final-corrigido\\saau-final\\vendor\\laravel\\framework\\src\\Illuminate\\Database\\Eloquent\\Model.php(2347): Illuminate\\Database\\Eloquent\\Model->__call('create', Array)
#14 C:\\Users\\Marin\\Downloads\\saau-final-corrigido\\saau-final\\app\\Http\\Controllers\\Admin\\VaccineController.php(37): Illuminate\\Database\\Eloquent\\Model::__callStatic('create', Array)
#15 C:\\Users\\Marin\\Downloads\\saau-final-corrigido\\saau-final\\vendor\\laravel\\framework\\src\\Illuminate\\Routing\\Controller.php(54): App\\Http\\Controllers\\Admin\\VaccineController->store(Object(Illuminate\\Http\\Request))
#16 C:\\Users\\Marin\\Downloads\\saau-final-corrigido\\saau-final\\vendor\\laravel\\framework\\src\\Illuminate\\Routing\\ControllerDispatcher.php(43): Illuminate\\Routing\\Controller->callAction('store', Array)
#17 C:\\Users\\Marin\\Downloads\\saau-final-corrigido\\saau-final\\vendor\\laravel\\framework\\src\\Illuminate\\Routing\\Route.php(259): Illuminate\\Routing\\ControllerDispatcher->dispatch(Object(Illuminate\\Routing\\Route), Object(App\\Http\\Controllers\\Admin\\VaccineController), 'store')
#18 C:\\Users\\Marin\\Downloads\\saau-final-corrigido\\saau-final\\vendor\\laravel\\framework\\src\\Illuminate\\Routing\\Route.php(205): Illuminate\\Routing\\Route->runController()
#19 C:\\Users\\Marin\\Downloads\\saau-final-corrigido\\saau-final\\vendor\\laravel\\framework\\src\\Illuminate\\Routing\\Router.php(806): Illuminate\\Routing\\Route->run()
#20 C:\\Users\\Marin\\Downloads\\saau-final-corrigido\\saau-final\\vendor\\laravel\\framework\\src\\Illuminate\\Pipeline\\Pipeline.php(144): Illuminate\\Routing\\Router->Illuminate\\Routing\\{closure}(Object(Illuminate\\Http\\Request))
#21 C:\\Users\\Marin\\Downloads\\saau-final-corrigido\\saau-final\\app\\Http\\Middleware\\CheckAdmin.php(25): Illuminate\\Pipeline\\Pipeline->Illuminate\\Pipeline\\{closure}(Object(Illuminate\\Http\\Request))
#22 C:\\Users\\Marin\\Downloads\\saau-final-corrigido\\saau-final\\vendor\\laravel\\framework\\src\\Illuminate\\Pipeline\\Pipeline.php(183): App\\Http\\Middleware\\CheckAdmin->handle(Object(Illuminate\\Http\\Request), Object(Closure))
#23 C:\\Users\\Marin\\Downloads\\saau-final-corrigido\\saau-final\\vendor\\laravel\\framework\\src\\Illuminate\\Routing\\Middleware\\SubstituteBindings.php(50): Illuminate\\Pipeline\\Pipeline->Illuminate\\Pipeline\\{closure}(Object(Illuminate\\Http\\Request))
#24 C:\\Users\\Marin\\Downloads\\saau-final-corrigido\\saau-final\\vendor\\laravel\\framework\\src\\Illuminate\\Pipeline\\Pipeline.php(183): Illuminate\\Routing\\Middleware\\SubstituteBindings->handle(Object(Illuminate\\Http\\Request), Object(Closure))
#25 C:\\Users\\Marin\\Downloads\\saau-final-corrigido\\saau-final\\vendor\\laravel\\framework\\src\\Illuminate\\Foundation\\Http\\Middleware\\VerifyCsrfToken.php(78): Illuminate\\Pipeline\\Pipeline->Illuminate\\Pipeline\\{closure}(Object(Illuminate\\Http\\Request))
#26 C:\\Users\\Marin\\Downloads\\saau-final-corrigido\\saau-final\\vendor\\laravel\\framework\\src\\Illuminate\\Pipeline\\Pipeline.php(183): Illuminate\\Foundation\\Http\\Middleware\\VerifyCsrfToken->handle(Object(Illuminate\\Http\\Request), Object(Closure))
#27 C:\\Users\\Marin\\Downloads\\saau-final-corrigido\\saau-final\\vendor\\laravel\\framework\\src\\Illuminate\\View\\Middleware\\ShareErrorsFromSession.php(49): Illuminate\\Pipeline\\Pipeline->Illuminate\\Pipeline\\{closure}(Object(Illuminate\\Http\\Request))
#28 C:\\Users\\Marin\\Downloads\\saau-final-corrigido\\saau-final\\vendor\\laravel\\framework\\src\\Illuminate\\Pipeline\\Pipeline.php(183): Illuminate\\View\\Middleware\\ShareErrorsFromSession->handle(Object(Illuminate\\Http\\Request), Object(Closure))
#29 C:\\Users\\Marin\\Downloads\\saau-final-corrigido\\saau-final\\vendor\\laravel\\framework\\src\\Illuminate\\Session\\Middleware\\StartSession.php(121): Illuminate\\Pipeline\\Pipeline->Illuminate\\Pipeline\\{closure}(Object(Illuminate\\Http\\Request))
#30 C:\\Users\\Marin\\Downloads\\saau-final-corrigido\\saau-final\\vendor\\laravel\\framework\\src\\Illuminate\\Session\\Middleware\\StartSession.php(64): Illuminate\\Session\\Middleware\\StartSession->handleStatefulRequest(Object(Illuminate\\Http\\Request), Object(Illuminate\\Session\\Store), Object(Closure))
#31 C:\\Users\\Marin\\Downloads\\saau-final-corrigido\\saau-final\\vendor\\laravel\\framework\\src\\Illuminate\\Pipeline\\Pipeline.php(183): Illuminate\\Session\\Middleware\\StartSession->handle(Object(Illuminate\\Http\\Request), Object(Closure))
#32 C:\\Users\\Marin\\Downloads\\saau-final-corrigido\\saau-final\\vendor\\laravel\\framework\\src\\Illuminate\\Cookie\\Middleware\\AddQueuedCookiesToResponse.php(37): Illuminate\\Pipeline\\Pipeline->Illuminate\\Pipeline\\{closure}(Object(Illuminate\\Http\\Request))
#33 C:\\Users\\Marin\\Downloads\\saau-final-corrigido\\saau-final\\vendor\\laravel\\framework\\src\\Illuminate\\Pipeline\\Pipeline.php(183): Illuminate\\Cookie\\Middleware\\AddQueuedCookiesToResponse->handle(Object(Illuminate\\Http\\Request), Object(Closure))
#34 C:\\Users\\Marin\\Downloads\\saau-final-corrigido\\saau-final\\vendor\\laravel\\framework\\src\\Illuminate\\Cookie\\Middleware\\EncryptCookies.php(67): Illuminate\\Pipeline\\Pipeline->Illuminate\\Pipeline\\{closure}(Object(Illuminate\\Http\\Request))
#35 C:\\Users\\Marin\\Downloads\\saau-final-corrigido\\saau-final\\vendor\\laravel\\framework\\src\\Illuminate\\Pipeline\\Pipeline.php(183): Illuminate\\Cookie\\Middleware\\EncryptCookies->handle(Object(Illuminate\\Http\\Request), Object(Closure))
#36 C:\\Users\\Marin\\Downloads\\saau-final-corrigido\\saau-final\\vendor\\laravel\\framework\\src\\Illuminate\\Pipeline\\Pipeline.php(119): Illuminate\\Pipeline\\Pipeline->Illuminate\\Pipeline\\{closure}(Object(Illuminate\\Http\\Request))
#37 C:\\Users\\Marin\\Downloads\\saau-final-corrigido\\saau-final\\vendor\\laravel\\framework\\src\\Illuminate\\Routing\\Router.php(805): Illuminate\\Pipeline\\Pipeline->then(Object(Closure))
#38 C:\\Users\\Marin\\Downloads\\saau-final-corrigido\\saau-final\\vendor\\laravel\\framework\\src\\Illuminate\\Routing\\Router.php(784): Illuminate\\Routing\\Router->runRouteWithinStack(Object(Illuminate\\Routing\\Route), Object(Illuminate\\Http\\Request))
#39 C:\\Users\\Marin\\Downloads\\saau-final-corrigido\\saau-final\\vendor\\laravel\\framework\\src\\Illuminate\\Routing\\Router.php(748): Illuminate\\Routing\\Router->runRoute(Object(Illuminate\\Http\\Request), Object(Illuminate\\Routing\\Route))
#40 C:\\Users\\Marin\\Downloads\\saau-final-corrigido\\saau-final\\vendor\\laravel\\framework\\src\\Illuminate\\Routing\\Router.php(737): Illuminate\\Routing\\Router->dispatchToRoute(Object(Illuminate\\Http\\Request))
#41 C:\\Users\\Marin\\Downloads\\saau-final-corrigido\\saau-final\\vendor\\laravel\\framework\\src\\Illuminate\\Foundation\\Http\\Kernel.php(200): Illuminate\\Routing\\Router->dispatch(Object(Illuminate\\Http\\Request))
#42 C:\\Users\\Marin\\Downloads\\saau-final-corrigido\\saau-final\\vendor\\laravel\\framework\\src\\Illuminate\\Pipeline\\Pipeline.php(144): Illuminate\\Foundation\\Http\\Kernel->Illuminate\\Foundation\\Http\\{closure}(Object(Illuminate\\Http\\Request))
#43 C:\\Users\\Marin\\Downloads\\saau-final-corrigido\\saau-final\\vendor\\laravel\\framework\\src\\Illuminate\\Foundation\\Http\\Middleware\\TransformsRequest.php(21): Illuminate\\Pipeline\\Pipeline->Illuminate\\Pipeline\\{closure}(Object(Illuminate\\Http\\Request))
#44 C:\\Users\\Marin\\Downloads\\saau-final-corrigido\\saau-final\\vendor\\laravel\\framework\\src\\Illuminate\\Foundation\\Http\\Middleware\\ConvertEmptyStringsToNull.php(31): Illuminate\\Foundation\\Http\\Middleware\\TransformsRequest->handle(Object(Illuminate\\Http\\Request), Object(Closure))
#45 C:\\Users\\Marin\\Downloads\\saau-final-corrigido\\saau-final\\vendor\\laravel\\framework\\src\\Illuminate\\Pipeline\\Pipeline.php(183): Illuminate\\Foundation\\Http\\Middleware\\ConvertEmptyStringsToNull->handle(Object(Illuminate\\Http\\Request), Object(Closure))
#46 C:\\Users\\Marin\\Downloads\\saau-final-corrigido\\saau-final\\vendor\\laravel\\framework\\src\\Illuminate\\Foundation\\Http\\Middleware\\TransformsRequest.php(21): Illuminate\\Pipeline\\Pipeline->Illuminate\\Pipeline\\{closure}(Object(Illuminate\\Http\\Request))
#47 C:\\Users\\Marin\\Downloads\\saau-final-corrigido\\saau-final\\vendor\\laravel\\framework\\src\\Illuminate\\Foundation\\Http\\Middleware\\TrimStrings.php(40): Illuminate\\Foundation\\Http\\Middleware\\TransformsRequest->handle(Object(Illuminate\\Http\\Request), Object(Closure))
#48 C:\\Users\\Marin\\Downloads\\saau-final-corrigido\\saau-final\\vendor\\laravel\\framework\\src\\Illuminate\\Pipeline\\Pipeline.php(183): Illuminate\\Foundation\\Http\\Middleware\\TrimStrings->handle(Object(Illuminate\\Http\\Request), Object(Closure))
#49 C:\\Users\\Marin\\Downloads\\saau-final-corrigido\\saau-final\\vendor\\laravel\\framework\\src\\Illuminate\\Foundation\\Http\\Middleware\\ValidatePostSize.php(27): Illuminate\\Pipeline\\Pipeline->Illuminate\\Pipeline\\{closure}(Object(Illuminate\\Http\\Request))
#50 C:\\Users\\Marin\\Downloads\\saau-final-corrigido\\saau-final\\vendor\\laravel\\framework\\src\\Illuminate\\Pipeline\\Pipeline.php(183): Illuminate\\Foundation\\Http\\Middleware\\ValidatePostSize->handle(Object(Illuminate\\Http\\Request), Object(Closure))
#51 C:\\Users\\Marin\\Downloads\\saau-final-corrigido\\saau-final\\vendor\\laravel\\framework\\src\\Illuminate\\Foundation\\Http\\Middleware\\PreventRequestsDuringMaintenance.php(99): Illuminate\\Pipeline\\Pipeline->Illuminate\\Pipeline\\{closure}(Object(Illuminate\\Http\\Request))
#52 C:\\Users\\Marin\\Downloads\\saau-final-corrigido\\saau-final\\vendor\\laravel\\framework\\src\\Illuminate\\Pipeline\\Pipeline.php(183): Illuminate\\Foundation\\Http\\Middleware\\PreventRequestsDuringMaintenance->handle(Object(Illuminate\\Http\\Request), Object(Closure))
#53 C:\\Users\\Marin\\Downloads\\saau-final-corrigido\\saau-final\\vendor\\laravel\\framework\\src\\Illuminate\\Http\\Middleware\\HandleCors.php(49): Illuminate\\Pipeline\\Pipeline->Illuminate\\Pipeline\\{closure}(Object(Illuminate\\Http\\Request))
#54 C:\\Users\\Marin\\Downloads\\saau-final-corrigido\\saau-final\\vendor\\laravel\\framework\\src\\Illuminate\\Pipeline\\Pipeline.php(183): Illuminate\\Http\\Middleware\\HandleCors->handle(Object(Illuminate\\Http\\Request), Object(Closure))
#55 C:\\Users\\Marin\\Downloads\\saau-final-corrigido\\saau-final\\vendor\\laravel\\framework\\src\\Illuminate\\Http\\Middleware\\TrustProxies.php(39): Illuminate\\Pipeline\\Pipeline->Illuminate\\Pipeline\\{closure}(Object(Illuminate\\Http\\Request))
#56 C:\\Users\\Marin\\Downloads\\saau-final-corrigido\\saau-final\\vendor\\laravel\\framework\\src\\Illuminate\\Pipeline\\Pipeline.php(183): Illuminate\\Http\\Middleware\\TrustProxies->handle(Object(Illuminate\\Http\\Request), Object(Closure))
#57 C:\\Users\\Marin\\Downloads\\saau-final-corrigido\\saau-final\\vendor\\laravel\\framework\\src\\Illuminate\\Pipeline\\Pipeline.php(119): Illuminate\\Pipeline\\Pipeline->Illuminate\\Pipeline\\{closure}(Object(Illuminate\\Http\\Request))
#58 C:\\Users\\Marin\\Downloads\\saau-final-corrigido\\saau-final\\vendor\\laravel\\framework\\src\\Illuminate\\Foundation\\Http\\Kernel.php(175): Illuminate\\Pipeline\\Pipeline->then(Object(Closure))
#59 C:\\Users\\Marin\\Downloads\\saau-final-corrigido\\saau-final\\vendor\\laravel\\framework\\src\\Illuminate\\Foundation\\Http\\Kernel.php(144): Illuminate\\Foundation\\Http\\Kernel->sendRequestThroughRouter(Object(Illuminate\\Http\\Request))
#60 C:\\Users\\Marin\\Downloads\\saau-final-corrigido\\saau-final\\public\\index.php(51): Illuminate\\Foundation\\Http\\Kernel->handle(Object(Illuminate\\Http\\Request))
#61 C:\\Users\\Marin\\Downloads\\saau-final-corrigido\\saau-final\\vendor\\laravel\\framework\\src\\Illuminate\\Foundation\\resources\\server.php(16): require_once('C:\\\\Users\\\\Marin\\\\...')
#62 {main}
"} 
[2025-11-22 21:10:32] production.ERROR: SQLSTATE[HY000] [1045] Access denied for user 'forge'@'localhost' (using password: NO) (Connection: mysql, SQL: select table_name as `name`, (data_length + index_length) as `size`, table_comment as `comment`, engine as `engine`, table_collation as `collation` from information_schema.tables where table_schema = 'forge' and table_type in ('BASE TABLE', 'SYSTEM VERSIONED') order by table_name) {"exception":"[object] (Illuminate\\Database\\QueryException(code: 1045): SQLSTATE[HY000] [1045] Access denied for user 'forge'@'localhost' (using password: NO) (Connection: mysql, SQL: select table_name as `name`, (data_length + index_length) as `size`, table_comment as `comment`, engine as `engine`, table_collation as `collation` from information_schema.tables where table_schema = 'forge' and table_type in ('BASE TABLE', 'SYSTEM VERSIONED') order by table_name) at C:\\Users\\eutei\\OneDrive\\Área de Trabalho\\TCC-SAAU\\vendor\\laravel\\framework\\src\\Illuminate\\Database\\Connection.php:829)
[stacktrace]
#0 C:\\Users\\eutei\\OneDrive\\Área de Trabalho\\TCC-SAAU\\vendor\\laravel\\framework\\src\\Illuminate\\Database\\Connection.php(783): Illuminate\\Database\\Connection->runQueryCallback('select table_na...', Array, Object(Closure))
#1 C:\\Users\\eutei\\OneDrive\\Área de Trabalho\\TCC-SAAU\\vendor\\laravel\\framework\\src\\Illuminate\\Database\\Connection.php(414): Illuminate\\Database\\Connection->run('select table_na...', Array, Object(Closure))
#2 C:\\Users\\eutei\\OneDrive\\Área de Trabalho\\TCC-SAAU\\vendor\\laravel\\framework\\src\\Illuminate\\Database\\Connection.php(401): Illuminate\\Database\\Connection->select('select table_na...', Array, false)
#3 C:\\Users\\eutei\\OneDrive\\Área de Trabalho\\TCC-SAAU\\vendor\\laravel\\framework\\src\\Illuminate\\Database\\Schema\\MySqlBuilder.php(41): Illuminate\\Database\\Connection->selectFromWriteConnection('select table_na...')
#4 C:\\Users\\eutei\\OneDrive\\Área de Trabalho\\TCC-SAAU\\vendor\\laravel\\framework\\src\\Illuminate\\Database\\Schema\\Builder.php(165): Illuminate\\Database\\Schema\\MySqlBuilder->getTables(false)
#5 C:\\Users\\eutei\\OneDrive\\Área de Trabalho\\TCC-SAAU\\vendor\\laravel\\framework\\src\\Illuminate\\Database\\Migrations\\DatabaseMigrationRepository.php(184): Illuminate\\Database\\Schema\\Builder->hasTable('migrations')
#6 C:\\Users\\eutei\\OneDrive\\Área de Trabalho\\TCC-SAAU\\vendor\\laravel\\framework\\src\\Illuminate\\Database\\Migrations\\Migrator.php(727): Illuminate\\Database\\Migrations\\DatabaseMigrationRepository->repositoryExists()
#7 C:\\Users\\eutei\\OneDrive\\Área de Trabalho\\TCC-SAAU\\vendor\\laravel\\framework\\src\\Illuminate\\Database\\Console\\Migrations\\MigrateCommand.php(140): Illuminate\\Database\\Migrations\\Migrator->repositoryExists()
#8 C:\\Users\\eutei\\OneDrive\\Área de Trabalho\\TCC-SAAU\\vendor\\laravel\\framework\\src\\Illuminate\\Support\\helpers.php(261): Illuminate\\Database\\Console\\Migrations\\MigrateCommand->Illuminate\\Database\\Console\\Migrations\\{closure}(1)
#9 C:\\Users\\eutei\\OneDrive\\Área de Trabalho\\TCC-SAAU\\vendor\\laravel\\framework\\src\\Illuminate\\Database\\Console\\Migrations\\MigrateCommand.php(140): retry(1, Object(Closure), 0, Object(Closure))
#10 C:\\Users\\eutei\\OneDrive\\Área de Trabalho\\TCC-SAAU\\vendor\\laravel\\framework\\src\\Illuminate\\Database\\Console\\Migrations\\MigrateCommand.php(116): Illuminate\\Database\\Console\\Migrations\\MigrateCommand->repositoryExists()
#11 C:\\Users\\eutei\\OneDrive\\Área de Trabalho\\TCC-SAAU\\vendor\\laravel\\framework\\src\\Illuminate\\Database\\Console\\Migrations\\MigrateCommand.php(84): Illuminate\\Database\\Console\\Migrations\\MigrateCommand->prepareDatabase()
#12 C:\\Users\\eutei\\OneDrive\\Área de Trabalho\\TCC-SAAU\\vendor\\laravel\\framework\\src\\Illuminate\\Database\\Migrations\\Migrator.php(641): Illuminate\\Database\\Console\\Migrations\\MigrateCommand->Illuminate\\Database\\Console\\Migrations\\{closure}()
#13 C:\\Users\\eutei\\OneDrive\\Área de Trabalho\\TCC-SAAU\\vendor\\laravel\\framework\\src\\Illuminate\\Database\\Console\\Migrations\\MigrateCommand.php(83): Illuminate\\Database\\Migrations\\Migrator->usingConnection(NULL, Object(Closure))
#14 C:\\Users\\eutei\\OneDrive\\Área de Trabalho\\TCC-SAAU\\vendor\\laravel\\framework\\src\\Illuminate\\Container\\BoundMethod.php(36): Illuminate\\Database\\Console\\Migrations\\MigrateCommand->handle()
#15 C:\\Users\\eutei\\OneDrive\\Área de Trabalho\\TCC-SAAU\\vendor\\laravel\\framework\\src\\Illuminate\\Container\\Util.php(41): Illuminate\\Container\\BoundMethod::Illuminate\\Container\\{closure}()
#16 C:\\Users\\eutei\\OneDrive\\Área de Trabalho\\TCC-SAAU\\vendor\\laravel\\framework\\src\\Illuminate\\Container\\BoundMethod.php(93): Illuminate\\Container\\Util::unwrapIfClosure(Object(Closure))
#17 C:\\Users\\eutei\\OneDrive\\Área de Trabalho\\TCC-SAAU\\vendor\\laravel\\framework\\src\\Illuminate\\Container\\BoundMethod.php(35): Illuminate\\Container\\BoundMethod::callBoundMethod(Object(Illuminate\\Foundation\\Application), Array, Object(Closure))
#18 C:\\Users\\eutei\\OneDrive\\Área de Trabalho\\TCC-SAAU\\vendor\\laravel\\framework\\src\\Illuminate\\Container\\Container.php(662): Illuminate\\Container\\BoundMethod::call(Object(Illuminate\\Foundation\\Application), Array, Array, NULL)
#19 C:\\Users\\eutei\\OneDrive\\Área de Trabalho\\TCC-SAAU\\vendor\\laravel\\framework\\src\\Illuminate\\Console\\Command.php(211): Illuminate\\Container\\Container->call(Array)
#20 C:\\Users\\eutei\\OneDrive\\Área de Trabalho\\TCC-SAAU\\vendor\\symfony\\console\\Command\\Command.php(326): Illuminate\\Console\\Command->execute(Object(Symfony\\Component\\Console\\Input\\ArgvInput), Object(Illuminate\\Console\\OutputStyle))
#21 C:\\Users\\eutei\\OneDrive\\Área de Trabalho\\TCC-SAAU\\vendor\\laravel\\framework\\src\\Illuminate\\Console\\Command.php(180): Symfony\\Component\\Console\\Command\\Command->run(Object(Symfony\\Component\\Console\\Input\\ArgvInput), Object(Illuminate\\Console\\OutputStyle))
#22 C:\\Users\\eutei\\OneDrive\\Área de Trabalho\\TCC-SAAU\\vendor\\symfony\\console\\Application.php(1088): Illuminate\\Console\\Command->run(Object(Symfony\\Component\\Console\\Input\\ArgvInput), Object(Symfony\\Component\\Console\\Output\\ConsoleOutput))
#23 C:\\Users\\eutei\\OneDrive\\Área de Trabalho\\TCC-SAAU\\vendor\\symfony\\console\\Application.php(324): Symfony\\Component\\Console\\Application->doRunCommand(Object(Illuminate\\Database\\Console\\Migrations\\MigrateCommand), Object(Symfony\\Component\\Console\\Input\\ArgvInput), Object(Symfony\\Component\\Console\\Output\\ConsoleOutput))
#24 C:\\Users\\eutei\\OneDrive\\Área de Trabalho\\TCC-SAAU\\vendor\\symfony\\console\\Application.php(175): Symfony\\Component\\Console\\Application->doRun(Object(Symfony\\Component\\Console\\Input\\ArgvInput), Object(Symfony\\Component\\Console\\Output\\ConsoleOutput))
#25 C:\\Users\\eutei\\OneDrive\\Área de Trabalho\\TCC-SAAU\\vendor\\laravel\\framework\\src\\Illuminate\\Foundation\\Console\\Kernel.php(201): Symfony\\Component\\Console\\Application->run(Object(Symfony\\Component\\Console\\Input\\ArgvInput), Object(Symfony\\Component\\Console\\Output\\ConsoleOutput))
#26 C:\\Users\\eutei\\OneDrive\\Área de Trabalho\\TCC-SAAU\\artisan(35): Illuminate\\Foundation\\Console\\Kernel->handle(Object(Symfony\\Component\\Console\\Input\\ArgvInput), Object(Symfony\\Component\\Console\\Output\\ConsoleOutput))
#27 {main}

[previous exception] [object] (PDOException(code: 1045): SQLSTATE[HY000] [1045] Access denied for user 'forge'@'localhost' (using password: NO) at C:\\Users\\eutei\\OneDrive\\Área de Trabalho\\TCC-SAAU\\vendor\\laravel\\framework\\src\\Illuminate\\Database\\Connectors\\Connector.php:65)
[stacktrace]
#0 C:\\Users\\eutei\\OneDrive\\Área de Trabalho\\TCC-SAAU\\vendor\\laravel\\framework\\src\\Illuminate\\Database\\Connectors\\Connector.php(65): PDO->__construct('mysql:host=127....', 'forge', Object(SensitiveParameterValue), Array)
#1 C:\\Users\\eutei\\OneDrive\\Área de Trabalho\\TCC-SAAU\\vendor\\laravel\\framework\\src\\Illuminate\\Database\\Connectors\\Connector.php(44): Illuminate\\Database\\Connectors\\Connector->createPdoConnection('mysql:host=127....', 'forge', '', Array)
#2 C:\\Users\\eutei\\OneDrive\\Área de Trabalho\\TCC-SAAU\\vendor\\laravel\\framework\\src\\Illuminate\\Database\\Connectors\\MySqlConnector.php(24): Illuminate\\Database\\Connectors\\Connector->createConnection('mysql:host=127....', Array, Array)
#3 C:\\Users\\eutei\\OneDrive\\Área de Trabalho\\TCC-SAAU\\vendor\\laravel\\framework\\src\\Illuminate\\Database\\Connectors\\ConnectionFactory.php(184): Illuminate\\Database\\Connectors\\MySqlConnector->connect(Array)
#4 [internal function]: Illuminate\\Database\\Connectors\\ConnectionFactory->Illuminate\\Database\\Connectors\\{closure}()
#5 C:\\Users\\eutei\\OneDrive\\Área de Trabalho\\TCC-SAAU\\vendor\\laravel\\framework\\src\\Illuminate\\Database\\Connection.php(1339): call_user_func(Object(Closure))
#6 C:\\Users\\eutei\\OneDrive\\Área de Trabalho\\TCC-SAAU\\vendor\\laravel\\framework\\src\\Illuminate\\Database\\Connection.php(528): Illuminate\\Database\\Connection->getPdo()
#7 C:\\Users\\eutei\\OneDrive\\Área de Trabalho\\TCC-SAAU\\vendor\\laravel\\framework\\src\\Illuminate\\Database\\Connection.php(423): Illuminate\\Database\\Connection->getPdoForSelect(false)
#8 C:\\Users\\eutei\\OneDrive\\Área de Trabalho\\TCC-SAAU\\vendor\\laravel\\framework\\src\\Illuminate\\Database\\Connection.php(816): Illuminate\\Database\\Connection->Illuminate\\Database\\{closure}('select table_na...', Array)
#9 C:\\Users\\eutei\\OneDrive\\Área de Trabalho\\TCC-SAAU\\vendor\\laravel\\framework\\src\\Illuminate\\Database\\Connection.php(783): Illuminate\\Database\\Connection->runQueryCallback('select table_na...', Array, Object(Closure))
#10 C:\\Users\\eutei\\OneDrive\\Área de Trabalho\\TCC-SAAU\\vendor\\laravel\\framework\\src\\Illuminate\\Database\\Connection.php(414): Illuminate\\Database\\Connection->run('select table_na...', Array, Object(Closure))
#11 C:\\Users\\eutei\\OneDrive\\Área de Trabalho\\TCC-SAAU\\vendor\\laravel\\framework\\src\\Illuminate\\Database\\Connection.php(401): Illuminate\\Database\\Connection->select('select table_na...', Array, false)
#12 C:\\Users\\eutei\\OneDrive\\Área de Trabalho\\TCC-SAAU\\vendor\\laravel\\framework\\src\\Illuminate\\Database\\Schema\\MySqlBuilder.php(41): Illuminate\\Database\\Connection->selectFromWriteConnection('select table_na...')
#13 C:\\Users\\eutei\\OneDrive\\Área de Trabalho\\TCC-SAAU\\vendor\\laravel\\framework\\src\\Illuminate\\Database\\Schema\\Builder.php(165): Illuminate\\Database\\Schema\\MySqlBuilder->getTables(false)
#14 C:\\Users\\eutei\\OneDrive\\Área de Trabalho\\TCC-SAAU\\vendor\\laravel\\framework\\src\\Illuminate\\Database\\Migrations\\DatabaseMigrationRepository.php(184): Illuminate\\Database\\Schema\\Builder->hasTable('migrations')
#15 C:\\Users\\eutei\\OneDrive\\Área de Trabalho\\TCC-SAAU\\vendor\\laravel\\framework\\src\\Illuminate\\Database\\Migrations\\Migrator.php(727): Illuminate\\Database\\Migrations\\DatabaseMigrationRepository->repositoryExists()
#16 C:\\Users\\eutei\\OneDrive\\Área de Trabalho\\TCC-SAAU\\vendor\\laravel\\framework\\src\\Illuminate\\Database\\Console\\Migrations\\MigrateCommand.php(140): Illuminate\\Database\\Migrations\\Migrator->repositoryExists()
#17 C:\\Users\\eutei\\OneDrive\\Área de Trabalho\\TCC-SAAU\\vendor\\laravel\\framework\\src\\Illuminate\\Support\\helpers.php(261): Illuminate\\Database\\Console\\Migrations\\MigrateCommand->Illuminate\\Database\\Console\\Migrations\\{closure}(1)
#18 C:\\Users\\eutei\\OneDrive\\Área de Trabalho\\TCC-SAAU\\vendor\\laravel\\framework\\src\\Illuminate\\Database\\Console\\Migrations\\MigrateCommand.php(140): retry(1, Object(Closure), 0, Object(Closure))
#19 C:\\Users\\eutei\\OneDrive\\Área de Trabalho\\TCC-SAAU\\vendor\\laravel\\framework\\src\\Illuminate\\Database\\Console\\Migrations\\MigrateCommand.php(116): Illuminate\\Database\\Console\\Migrations\\MigrateCommand->repositoryExists()
#20 C:\\Users\\eutei\\OneDrive\\Área de Trabalho\\TCC-SAAU\\vendor\\laravel\\framework\\src\\Illuminate\\Database\\Console\\Migrations\\MigrateCommand.php(84): Illuminate\\Database\\Console\\Migrations\\MigrateCommand->prepareDatabase()
#21 C:\\Users\\eutei\\OneDrive\\Área de Trabalho\\TCC-SAAU\\vendor\\laravel\\framework\\src\\Illuminate\\Database\\Migrations\\Migrator.php(641): Illuminate\\Database\\Console\\Migrations\\MigrateCommand->Illuminate\\Database\\Console\\Migrations\\{closure}()
#22 C:\\Users\\eutei\\OneDrive\\Área de Trabalho\\TCC-SAAU\\vendor\\laravel\\framework\\src\\Illuminate\\Database\\Console\\Migrations\\MigrateCommand.php(83): Illuminate\\Database\\Migrations\\Migrator->usingConnection(NULL, Object(Closure))
#23 C:\\Users\\eutei\\OneDrive\\Área de Trabalho\\TCC-SAAU\\vendor\\laravel\\framework\\src\\Illuminate\\Container\\BoundMethod.php(36): Illuminate\\Database\\Console\\Migrations\\MigrateCommand->handle()
#24 C:\\Users\\eutei\\OneDrive\\Área de Trabalho\\TCC-SAAU\\vendor\\laravel\\framework\\src\\Illuminate\\Container\\Util.php(41): Illuminate\\Container\\BoundMethod::Illuminate\\Container\\{closure}()
#25 C:\\Users\\eutei\\OneDrive\\Área de Trabalho\\TCC-SAAU\\vendor\\laravel\\framework\\src\\Illuminate\\Container\\BoundMethod.php(93): Illuminate\\Container\\Util::unwrapIfClosure(Object(Closure))
#26 C:\\Users\\eutei\\OneDrive\\Área de Trabalho\\TCC-SAAU\\vendor\\laravel\\framework\\src\\Illuminate\\Container\\BoundMethod.php(35): Illuminate\\Container\\BoundMethod::callBoundMethod(Object(Illuminate\\Foundation\\Application), Array, Object(Closure))
#27 C:\\Users\\eutei\\OneDrive\\Área de Trabalho\\TCC-SAAU\\vendor\\laravel\\framework\\src\\Illuminate\\Container\\Container.php(662): Illuminate\\Container\\BoundMethod::call(Object(Illuminate\\Foundation\\Application), Array, Array, NULL)
#28 C:\\Users\\eutei\\OneDrive\\Área de Trabalho\\TCC-SAAU\\vendor\\laravel\\framework\\src\\Illuminate\\Console\\Command.php(211): Illuminate\\Container\\Container->call(Array)
#29 C:\\Users\\eutei\\OneDrive\\Área de Trabalho\\TCC-SAAU\\vendor\\symfony\\console\\Command\\Command.php(326): Illuminate\\Console\\Command->execute(Object(Symfony\\Component\\Console\\Input\\ArgvInput), Object(Illuminate\\Console\\OutputStyle))
#30 C:\\Users\\eutei\\OneDrive\\Área de Trabalho\\TCC-SAAU\\vendor\\laravel\\framework\\src\\Illuminate\\Console\\Command.php(180): Symfony\\Component\\Console\\Command\\Command->run(Object(Symfony\\Component\\Console\\Input\\ArgvInput), Object(Illuminate\\Console\\OutputStyle))
#31 C:\\Users\\eutei\\OneDrive\\Área de Trabalho\\TCC-SAAU\\vendor\\symfony\\console\\Application.php(1088): Illuminate\\Console\\Command->run(Object(Symfony\\Component\\Console\\Input\\ArgvInput), Object(Symfony\\Component\\Console\\Output\\ConsoleOutput))
#32 C:\\Users\\eutei\\OneDrive\\Área de Trabalho\\TCC-SAAU\\vendor\\symfony\\console\\Application.php(324): Symfony\\Component\\Console\\Application->doRunCommand(Object(Illuminate\\Database\\Console\\Migrations\\MigrateCommand), Object(Symfony\\Component\\Console\\Input\\ArgvInput), Object(Symfony\\Component\\Console\\Output\\ConsoleOutput))
#33 C:\\Users\\eutei\\OneDrive\\Área de Trabalho\\TCC-SAAU\\vendor\\symfony\\console\\Application.php(175): Symfony\\Component\\Console\\Application->doRun(Object(Symfony\\Component\\Console\\Input\\ArgvInput), Object(Symfony\\Component\\Console\\Output\\ConsoleOutput))
#34 C:\\Users\\eutei\\OneDrive\\Área de Trabalho\\TCC-SAAU\\vendor\\laravel\\framework\\src\\Illuminate\\Foundation\\Console\\Kernel.php(201): Symfony\\Component\\Console\\Application->run(Object(Symfony\\Component\\Console\\Input\\ArgvInput), Object(Symfony\\Component\\Console\\Output\\ConsoleOutput))
#35 C:\\Users\\eutei\\OneDrive\\Área de Trabalho\\TCC-SAAU\\artisan(35): Illuminate\\Foundation\\Console\\Kernel->handle(Object(Symfony\\Component\\Console\\Input\\ArgvInput), Object(Symfony\\Component\\Console\\Output\\ConsoleOutput))
#36 {main}
"} 
[2025-11-22 21:11:33] production.ERROR: No application encryption key has been specified. {"exception":"[object] (Illuminate\\Encryption\\MissingAppKeyException(code: 0): No application encryption key has been specified. at C:\\Users\\eutei\\OneDrive\\Área de Trabalho\\TCC-SAAU\\vendor\\laravel\\framework\\src\\Illuminate\\Encryption\\EncryptionServiceProvider.php:79)
[stacktrace]
#0 C:\\Users\\eutei\\OneDrive\\Área de Trabalho\\TCC-SAAU\\vendor\\laravel\\framework\\src\\Illuminate\\Support\\helpers.php(320): Illuminate\\Encryption\\EncryptionServiceProvider->Illuminate\\Encryption\\{closure}(NULL)
#1 C:\\Users\\eutei\\OneDrive\\Área de Trabalho\\TCC-SAAU\\vendor\\laravel\\framework\\src\\Illuminate\\Encryption\\EncryptionServiceProvider.php(77): tap(NULL, Object(Closure))
#2 C:\\Users\\eutei\\OneDrive\\Área de Trabalho\\TCC-SAAU\\vendor\\laravel\\framework\\src\\Illuminate\\Encryption\\EncryptionServiceProvider.php(60): Illuminate\\Encryption\\EncryptionServiceProvider->key(Array)
#3 C:\\Users\\eutei\\OneDrive\\Área de Trabalho\\TCC-SAAU\\vendor\\laravel\\framework\\src\\Illuminate\\Encryption\\EncryptionServiceProvider.php(32): Illuminate\\Encryption\\EncryptionServiceProvider->parseKey(Array)
#4 C:\\Users\\eutei\\OneDrive\\Área de Trabalho\\TCC-SAAU\\vendor\\laravel\\framework\\src\\Illuminate\\Container\\Container.php(908): Illuminate\\Encryption\\EncryptionServiceProvider->Illuminate\\Encryption\\{closure}(Object(Illuminate\\Foundation\\Application), Array)
#5 C:\\Users\\eutei\\OneDrive\\Área de Trabalho\\TCC-SAAU\\vendor\\laravel\\framework\\src\\Illuminate\\Container\\Container.php(795): Illuminate\\Container\\Container->build(Object(Closure))
#6 C:\\Users\\eutei\\OneDrive\\Área de Trabalho\\TCC-SAAU\\vendor\\laravel\\framework\\src\\Illuminate\\Foundation\\Application.php(986): Illuminate\\Container\\Container->resolve('encrypter', Array, true)
#7 C:\\Users\\eutei\\OneDrive\\Área de Trabalho\\TCC-SAAU\\vendor\\laravel\\framework\\src\\Illuminate\\Container\\Container.php(731): Illuminate\\Foundation\\Application->resolve('encrypter', Array)
#8 C:\\Users\\eutei\\OneDrive\\Área de Trabalho\\TCC-SAAU\\vendor\\laravel\\framework\\src\\Illuminate\\Foundation\\Application.php(971): Illuminate\\Container\\Container->make('encrypter', Array)
#9 C:\\Users\\eutei\\OneDrive\\Área de Trabalho\\TCC-SAAU\\vendor\\laravel\\framework\\src\\Illuminate\\Container\\Container.php(1066): Illuminate\\Foundation\\Application->make('encrypter')
#10 C:\\Users\\eutei\\OneDrive\\Área de Trabalho\\TCC-SAAU\\vendor\\laravel\\framework\\src\\Illuminate\\Container\\Container.php(982): Illuminate\\Container\\Container->resolveClass(Object(ReflectionParameter))
#11 C:\\Users\\eutei\\OneDrive\\Área de Trabalho\\TCC-SAAU\\vendor\\laravel\\framework\\src\\Illuminate\\Container\\Container.php(943): Illuminate\\Container\\Container->resolveDependencies(Array)
#12 C:\\Users\\eutei\\OneDrive\\Área de Trabalho\\TCC-SAAU\\vendor\\laravel\\framework\\src\\Illuminate\\Container\\Container.php(795): Illuminate\\Container\\Container->build('App\\\\Http\\\\Middle...')
#13 C:\\Users\\eutei\\OneDrive\\Área de Trabalho\\TCC-SAAU\\vendor\\laravel\\framework\\src\\Illuminate\\Foundation\\Application.php(986): Illuminate\\Container\\Container->resolve('App\\\\Http\\\\Middle...', Array, true)
#14 C:\\Users\\eutei\\OneDrive\\Área de Trabalho\\TCC-SAAU\\vendor\\laravel\\framework\\src\\Illuminate\\Container\\Container.php(731): Illuminate\\Foundation\\Application->resolve('App\\\\Http\\\\Middle...', Array)
#15 C:\\Users\\eutei\\OneDrive\\Área de Trabalho\\TCC-SAAU\\vendor\\laravel\\framework\\src\\Illuminate\\Foundation\\Application.php(971): Illuminate\\Container\\Container->make('App\\\\Http\\\\Middle...', Array)
#16 C:\\Users\\eutei\\OneDrive\\Área de Trabalho\\TCC-SAAU\\vendor\\laravel\\framework\\src\\Illuminate\\Pipeline\\Pipeline.php(172): Illuminate\\Foundation\\Application->make('App\\\\Http\\\\Middle...')
#17 C:\\Users\\eutei\\OneDrive\\Área de Trabalho\\TCC-SAAU\\vendor\\laravel\\framework\\src\\Illuminate\\Pipeline\\Pipeline.php(119): Illuminate\\Pipeline\\Pipeline->Illuminate\\Pipeline\\{closure}(Object(Illuminate\\Http\\Request))
#18 C:\\Users\\eutei\\OneDrive\\Área de Trabalho\\TCC-SAAU\\vendor\\laravel\\framework\\src\\Illuminate\\Routing\\Router.php(805): Illuminate\\Pipeline\\Pipeline->then(Object(Closure))
#19 C:\\Users\\eutei\\OneDrive\\Área de Trabalho\\TCC-SAAU\\vendor\\laravel\\framework\\src\\Illuminate\\Routing\\Router.php(784): Illuminate\\Routing\\Router->runRouteWithinStack(Object(Illuminate\\Routing\\Route), Object(Illuminate\\Http\\Request))
#20 C:\\Users\\eutei\\OneDrive\\Área de Trabalho\\TCC-SAAU\\vendor\\laravel\\framework\\src\\Illuminate\\Routing\\Router.php(748): Illuminate\\Routing\\Router->runRoute(Object(Illuminate\\Http\\Request), Object(Illuminate\\Routing\\Route))
#21 C:\\Users\\eutei\\OneDrive\\Área de Trabalho\\TCC-SAAU\\vendor\\laravel\\framework\\src\\Illuminate\\Routing\\Router.php(737): Illuminate\\Routing\\Router->dispatchToRoute(Object(Illuminate\\Http\\Request))
#22 C:\\Users\\eutei\\OneDrive\\Área de Trabalho\\TCC-SAAU\\vendor\\laravel\\framework\\src\\Illuminate\\Foundation\\Http\\Kernel.php(200): Illuminate\\Routing\\Router->dispatch(Object(Illuminate\\Http\\Request))
#23 C:\\Users\\eutei\\OneDrive\\Área de Trabalho\\TCC-SAAU\\vendor\\laravel\\framework\\src\\Illuminate\\Pipeline\\Pipeline.php(144): Illuminate\\Foundation\\Http\\Kernel->Illuminate\\Foundation\\Http\\{closure}(Object(Illuminate\\Http\\Request))
#24 C:\\Users\\eutei\\OneDrive\\Área de Trabalho\\TCC-SAAU\\vendor\\laravel\\framework\\src\\Illuminate\\Foundation\\Http\\Middleware\\TransformsRequest.php(21): Illuminate\\Pipeline\\Pipeline->Illuminate\\Pipeline\\{closure}(Object(Illuminate\\Http\\Request))
#25 C:\\Users\\eutei\\OneDrive\\Área de Trabalho\\TCC-SAAU\\vendor\\laravel\\framework\\src\\Illuminate\\Foundation\\Http\\Middleware\\ConvertEmptyStringsToNull.php(31): Illuminate\\Foundation\\Http\\Middleware\\TransformsRequest->handle(Object(Illuminate\\Http\\Request), Object(Closure))
#26 C:\\Users\\eutei\\OneDrive\\Área de Trabalho\\TCC-SAAU\\vendor\\laravel\\framework\\src\\Illuminate\\Pipeline\\Pipeline.php(183): Illuminate\\Foundation\\Http\\Middleware\\ConvertEmptyStringsToNull->handle(Object(Illuminate\\Http\\Request), Object(Closure))
#27 C:\\Users\\eutei\\OneDrive\\Área de Trabalho\\TCC-SAAU\\vendor\\laravel\\framework\\src\\Illuminate\\Foundation\\Http\\Middleware\\TransformsRequest.php(21): Illuminate\\Pipeline\\Pipeline->Illuminate\\Pipeline\\{closure}(Object(Illuminate\\Http\\Request))
#28 C:\\Users\\eutei\\OneDrive\\Área de Trabalho\\TCC-SAAU\\vendor\\laravel\\framework\\src\\Illuminate\\Foundation\\Http\\Middleware\\TrimStrings.php(40): Illuminate\\Foundation\\Http\\Middleware\\TransformsRequest->handle(Object(Illuminate\\Http\\Request), Object(Closure))
#29 C:\\Users\\eutei\\OneDrive\\Área de Trabalho\\TCC-SAAU\\vendor\\laravel\\framework\\src\\Illuminate\\Pipeline\\Pipeline.php(183): Illuminate\\Foundation\\Http\\Middleware\\TrimStrings->handle(Object(Illuminate\\Http\\Request), Object(Closure))
#30 C:\\Users\\eutei\\OneDrive\\Área de Trabalho\\TCC-SAAU\\vendor\\laravel\\framework\\src\\Illuminate\\Foundation\\Http\\Middleware\\ValidatePostSize.php(27): Illuminate\\Pipeline\\Pipeline->Illuminate\\Pipeline\\{closure}(Object(Illuminate\\Http\\Request))
#31 C:\\Users\\eutei\\OneDrive\\Área de Trabalho\\TCC-SAAU\\vendor\\laravel\\framework\\src\\Illuminate\\Pipeline\\Pipeline.php(183): Illuminate\\Foundation\\Http\\Middleware\\ValidatePostSize->handle(Object(Illuminate\\Http\\Request), Object(Closure))
#32 C:\\Users\\eutei\\OneDrive\\Área de Trabalho\\TCC-SAAU\\vendor\\laravel\\framework\\src\\Illuminate\\Foundation\\Http\\Middleware\\PreventRequestsDuringMaintenance.php(99): Illuminate\\Pipeline\\Pipeline->Illuminate\\Pipeline\\{closure}(Object(Illuminate\\Http\\Request))
#33 C:\\Users\\eutei\\OneDrive\\Área de Trabalho\\TCC-SAAU\\vendor\\laravel\\framework\\src\\Illuminate\\Pipeline\\Pipeline.php(183): Illuminate\\Foundation\\Http\\Middleware\\PreventRequestsDuringMaintenance->handle(Object(Illuminate\\Http\\Request), Object(Closure))
#34 C:\\Users\\eutei\\OneDrive\\Área de Trabalho\\TCC-SAAU\\vendor\\laravel\\framework\\src\\Illuminate\\Http\\Middleware\\HandleCors.php(49): Illuminate\\Pipeline\\Pipeline->Illuminate\\Pipeline\\{closure}(Object(Illuminate\\Http\\Request))
#35 C:\\Users\\eutei\\OneDrive\\Área de Trabalho\\TCC-SAAU\\vendor\\laravel\\framework\\src\\Illuminate\\Pipeline\\Pipeline.php(183): Illuminate\\Http\\Middleware\\HandleCors->handle(Object(Illuminate\\Http\\Request), Object(Closure))
#36 C:\\Users\\eutei\\OneDrive\\Área de Trabalho\\TCC-SAAU\\vendor\\laravel\\framework\\src\\Illuminate\\Http\\Middleware\\TrustProxies.php(39): Illuminate\\Pipeline\\Pipeline->Illuminate\\Pipeline\\{closure}(Object(Illuminate\\Http\\Request))
#37 C:\\Users\\eutei\\OneDrive\\Área de Trabalho\\TCC-SAAU\\vendor\\laravel\\framework\\src\\Illuminate\\Pipeline\\Pipeline.php(183): Illuminate\\Http\\Middleware\\TrustProxies->handle(Object(Illuminate\\Http\\Request), Object(Closure))
#38 C:\\Users\\eutei\\OneDrive\\Área de Trabalho\\TCC-SAAU\\vendor\\laravel\\framework\\src\\Illuminate\\Pipeline\\Pipeline.php(119): Illuminate\\Pipeline\\Pipeline->Illuminate\\Pipeline\\{closure}(Object(Illuminate\\Http\\Request))
#39 C:\\Users\\eutei\\OneDrive\\Área de Trabalho\\TCC-SAAU\\vendor\\laravel\\framework\\src\\Illuminate\\Foundation\\Http\\Kernel.php(175): Illuminate\\Pipeline\\Pipeline->then(Object(Closure))
#40 C:\\Users\\eutei\\OneDrive\\Área de Trabalho\\TCC-SAAU\\vendor\\laravel\\framework\\src\\Illuminate\\Foundation\\Http\\Kernel.php(144): Illuminate\\Foundation\\Http\\Kernel->sendRequestThroughRouter(Object(Illuminate\\Http\\Request))
#41 C:\\Users\\eutei\\OneDrive\\Área de Trabalho\\TCC-SAAU\\public\\index.php(51): Illuminate\\Foundation\\Http\\Kernel->handle(Object(Illuminate\\Http\\Request))
#42 C:\\Users\\eutei\\OneDrive\\Área de Trabalho\\TCC-SAAU\\vendor\\laravel\\framework\\src\\Illuminate\\Foundation\\resources\\server.php(16): require_once('C:\\\\Users\\\\eutei\\\\...')
#43 {main}
"} 
[2025-11-22 21:11:33] production.ERROR: No application encryption key has been specified. {"exception":"[object] (Illuminate\\Encryption\\MissingAppKeyException(code: 0): No application encryption key has been specified. at C:\\Users\\eutei\\OneDrive\\Área de Trabalho\\TCC-SAAU\\vendor\\laravel\\framework\\src\\Illuminate\\Encryption\\EncryptionServiceProvider.php:79)
[stacktrace]
#0 C:\\Users\\eutei\\OneDrive\\Área de Trabalho\\TCC-SAAU\\vendor\\laravel\\framework\\src\\Illuminate\\Support\\helpers.php(320): Illuminate\\Encryption\\EncryptionServiceProvider->Illuminate\\Encryption\\{closure}(NULL)
#1 C:\\Users\\eutei\\OneDrive\\Área de Trabalho\\TCC-SAAU\\vendor\\laravel\\framework\\src\\Illuminate\\Encryption\\EncryptionServiceProvider.php(77): tap(NULL, Object(Closure))
#2 C:\\Users\\eutei\\OneDrive\\Área de Trabalho\\TCC-SAAU\\vendor\\laravel\\framework\\src\\Illuminate\\Encryption\\EncryptionServiceProvider.php(60): Illuminate\\Encryption\\EncryptionServiceProvider->key(Array)
#3 C:\\Users\\eutei\\OneDrive\\Área de Trabalho\\TCC-SAAU\\vendor\\laravel\\framework\\src\\Illuminate\\Encryption\\EncryptionServiceProvider.php(32): Illuminate\\Encryption\\EncryptionServiceProvider->parseKey(Array)
#4 C:\\Users\\eutei\\OneDrive\\Área de Trabalho\\TCC-SAAU\\vendor\\laravel\\framework\\src\\Illuminate\\Container\\Container.php(908): Illuminate\\Encryption\\EncryptionServiceProvider->Illuminate\\Encryption\\{closure}(Object(Illuminate\\Foundation\\Application), Array)
#5 C:\\Users\\eutei\\OneDrive\\Área de Trabalho\\TCC-SAAU\\vendor\\laravel\\framework\\src\\Illuminate\\Container\\Container.php(795): Illuminate\\Container\\Container->build(Object(Closure))
#6 C:\\Users\\eutei\\OneDrive\\Área de Trabalho\\TCC-SAAU\\vendor\\laravel\\framework\\src\\Illuminate\\Foundation\\Application.php(986): Illuminate\\Container\\Container->resolve('encrypter', Array, true)
#7 C:\\Users\\eutei\\OneDrive\\Área de Trabalho\\TCC-SAAU\\vendor\\laravel\\framework\\src\\Illuminate\\Container\\Container.php(731): Illuminate\\Foundation\\Application->resolve('encrypter', Array)
#8 C:\\Users\\eutei\\OneDrive\\Área de Trabalho\\TCC-SAAU\\vendor\\laravel\\framework\\src\\Illuminate\\Foundation\\Application.php(971): Illuminate\\Container\\Container->make('encrypter', Array)
#9 C:\\Users\\eutei\\OneDrive\\Área de Trabalho\\TCC-SAAU\\vendor\\laravel\\framework\\src\\Illuminate\\Container\\Container.php(1066): Illuminate\\Foundation\\Application->make('encrypter')
#10 C:\\Users\\eutei\\OneDrive\\Área de Trabalho\\TCC-SAAU\\vendor\\laravel\\framework\\src\\Illuminate\\Container\\Container.php(982): Illuminate\\Container\\Container->resolveClass(Object(ReflectionParameter))
#11 C:\\Users\\eutei\\OneDrive\\Área de Trabalho\\TCC-SAAU\\vendor\\laravel\\framework\\src\\Illuminate\\Container\\Container.php(943): Illuminate\\Container\\Container->resolveDependencies(Array)
#12 C:\\Users\\eutei\\OneDrive\\Área de Trabalho\\TCC-SAAU\\vendor\\laravel\\framework\\src\\Illuminate\\Container\\Container.php(795): Illuminate\\Container\\Container->build('App\\\\Http\\\\Middle...')
#13 C:\\Users\\eutei\\OneDrive\\Área de Trabalho\\TCC-SAAU\\vendor\\laravel\\framework\\src\\Illuminate\\Foundation\\Application.php(986): Illuminate\\Container\\Container->resolve('App\\\\Http\\\\Middle...', Array, true)
#14 C:\\Users\\eutei\\OneDrive\\Área de Trabalho\\TCC-SAAU\\vendor\\laravel\\framework\\src\\Illuminate\\Container\\Container.php(731): Illuminate\\Foundation\\Application->resolve('App\\\\Http\\\\Middle...', Array)
#15 C:\\Users\\eutei\\OneDrive\\Área de Trabalho\\TCC-SAAU\\vendor\\laravel\\framework\\src\\Illuminate\\Foundation\\Application.php(971): Illuminate\\Container\\Container->make('App\\\\Http\\\\Middle...', Array)
#16 C:\\Users\\eutei\\OneDrive\\Área de Trabalho\\TCC-SAAU\\vendor\\laravel\\framework\\src\\Illuminate\\Foundation\\Http\\Kernel.php(255): Illuminate\\Foundation\\Application->make('App\\\\Http\\\\Middle...')
#17 C:\\Users\\eutei\\OneDrive\\Área de Trabalho\\TCC-SAAU\\vendor\\laravel\\framework\\src\\Illuminate\\Foundation\\Http\\Kernel.php(213): Illuminate\\Foundation\\Http\\Kernel->terminateMiddleware(Object(Illuminate\\Http\\Request), Object(Illuminate\\Http\\Response))
#18 C:\\Users\\eutei\\OneDrive\\Área de Trabalho\\TCC-SAAU\\public\\index.php(55): Illuminate\\Foundation\\Http\\Kernel->terminate(Object(Illuminate\\Http\\Request), Object(Illuminate\\Http\\Response))
#19 C:\\Users\\eutei\\OneDrive\\Área de Trabalho\\TCC-SAAU\\vendor\\laravel\\framework\\src\\Illuminate\\Foundation\\resources\\server.php(16): require_once('C:\\\\Users\\\\eutei\\\\...')
#20 {main}
"} 
[2025-11-22 21:11:37] production.ERROR: No application encryption key has been specified. {"exception":"[object] (Illuminate\\Encryption\\MissingAppKeyException(code: 0): No application encryption key has been specified. at C:\\Users\\eutei\\OneDrive\\Área de Trabalho\\TCC-SAAU\\vendor\\laravel\\framework\\src\\Illuminate\\Encryption\\EncryptionServiceProvider.php:79)
[stacktrace]
#0 C:\\Users\\eutei\\OneDrive\\Área de Trabalho\\TCC-SAAU\\vendor\\laravel\\framework\\src\\Illuminate\\Support\\helpers.php(320): Illuminate\\Encryption\\EncryptionServiceProvider->Illuminate\\Encryption\\{closure}(NULL)
#1 C:\\Users\\eutei\\OneDrive\\Área de Trabalho\\TCC-SAAU\\vendor\\laravel\\framework\\src\\Illuminate\\Encryption\\EncryptionServiceProvider.php(77): tap(NULL, Object(Closure))
#2 C:\\Users\\eutei\\OneDrive\\Área de Trabalho\\TCC-SAAU\\vendor\\laravel\\framework\\src\\Illuminate\\Encryption\\EncryptionServiceProvider.php(60): Illuminate\\Encryption\\EncryptionServiceProvider->key(Array)
#3 C:\\Users\\eutei\\OneDrive\\Área de Trabalho\\TCC-SAAU\\vendor\\laravel\\framework\\src\\Illuminate\\Encryption\\EncryptionServiceProvider.php(32): Illuminate\\Encryption\\EncryptionServiceProvider->parseKey(Array)
#4 C:\\Users\\eutei\\OneDrive\\Área de Trabalho\\TCC-SAAU\\vendor\\laravel\\framework\\src\\Illuminate\\Container\\Container.php(908): Illuminate\\Encryption\\EncryptionServiceProvider->Illuminate\\Encryption\\{closure}(Object(Illuminate\\Foundation\\Application), Array)
#5 C:\\Users\\eutei\\OneDrive\\Área de Trabalho\\TCC-SAAU\\vendor\\laravel\\framework\\src\\Illuminate\\Container\\Container.php(795): Illuminate\\Container\\Container->build(Object(Closure))
#6 C:\\Users\\eutei\\OneDrive\\Área de Trabalho\\TCC-SAAU\\vendor\\laravel\\framework\\src\\Illuminate\\Foundation\\Application.php(986): Illuminate\\Container\\Container->resolve('encrypter', Array, true)
#7 C:\\Users\\eutei\\OneDrive\\Área de Trabalho\\TCC-SAAU\\vendor\\laravel\\framework\\src\\Illuminate\\Container\\Container.php(731): Illuminate\\Foundation\\Application->resolve('encrypter', Array)
#8 C:\\Users\\eutei\\OneDrive\\Área de Trabalho\\TCC-SAAU\\vendor\\laravel\\framework\\src\\Illuminate\\Foundation\\Application.php(971): Illuminate\\Container\\Container->make('encrypter', Array)
#9 C:\\Users\\eutei\\OneDrive\\Área de Trabalho\\TCC-SAAU\\vendor\\laravel\\framework\\src\\Illuminate\\Container\\Container.php(1066): Illuminate\\Foundation\\Application->make('encrypter')
#10 C:\\Users\\eutei\\OneDrive\\Área de Trabalho\\TCC-SAAU\\vendor\\laravel\\framework\\src\\Illuminate\\Container\\Container.php(982): Illuminate\\Container\\Container->resolveClass(Object(ReflectionParameter))
#11 C:\\Users\\eutei\\OneDrive\\Área de Trabalho\\TCC-SAAU\\vendor\\laravel\\framework\\src\\Illuminate\\Container\\Container.php(943): Illuminate\\Container\\Container->resolveDependencies(Array)
#12 C:\\Users\\eutei\\OneDrive\\Área de Trabalho\\TCC-SAAU\\vendor\\laravel\\framework\\src\\Illuminate\\Container\\Container.php(795): Illuminate\\Container\\Container->build('App\\\\Http\\\\Middle...')
#13 C:\\Users\\eutei\\OneDrive\\Área de Trabalho\\TCC-SAAU\\vendor\\laravel\\framework\\src\\Illuminate\\Foundation\\Application.php(986): Illuminate\\Container\\Container->resolve('App\\\\Http\\\\Middle...', Array, true)
#14 C:\\Users\\eutei\\OneDrive\\Área de Trabalho\\TCC-SAAU\\vendor\\laravel\\framework\\src\\Illuminate\\Container\\Container.php(731): Illuminate\\Foundation\\Application->resolve('App\\\\Http\\\\Middle...', Array)
#15 C:\\Users\\eutei\\OneDrive\\Área de Trabalho\\TCC-SAAU\\vendor\\laravel\\framework\\src\\Illuminate\\Foundation\\Application.php(971): Illuminate\\Container\\Container->make('App\\\\Http\\\\Middle...', Array)
#16 C:\\Users\\eutei\\OneDrive\\Área de Trabalho\\TCC-SAAU\\vendor\\laravel\\framework\\src\\Illuminate\\Pipeline\\Pipeline.php(172): Illuminate\\Foundation\\Application->make('App\\\\Http\\\\Middle...')
#17 C:\\Users\\eutei\\OneDrive\\Área de Trabalho\\TCC-SAAU\\vendor\\laravel\\framework\\src\\Illuminate\\Pipeline\\Pipeline.php(119): Illuminate\\Pipeline\\Pipeline->Illuminate\\Pipeline\\{closure}(Object(Illuminate\\Http\\Request))
#18 C:\\Users\\eutei\\OneDrive\\Área de Trabalho\\TCC-SAAU\\vendor\\laravel\\framework\\src\\Illuminate\\Routing\\Router.php(805): Illuminate\\Pipeline\\Pipeline->then(Object(Closure))
#19 C:\\Users\\eutei\\OneDrive\\Área de Trabalho\\TCC-SAAU\\vendor\\laravel\\framework\\src\\Illuminate\\Routing\\Router.php(784): Illuminate\\Routing\\Router->runRouteWithinStack(Object(Illuminate\\Routing\\Route), Object(Illuminate\\Http\\Request))
#20 C:\\Users\\eutei\\OneDrive\\Área de Trabalho\\TCC-SAAU\\vendor\\laravel\\framework\\src\\Illuminate\\Routing\\Router.php(748): Illuminate\\Routing\\Router->runRoute(Object(Illuminate\\Http\\Request), Object(Illuminate\\Routing\\Route))
#21 C:\\Users\\eutei\\OneDrive\\Área de Trabalho\\TCC-SAAU\\vendor\\laravel\\framework\\src\\Illuminate\\Routing\\Router.php(737): Illuminate\\Routing\\Router->dispatchToRoute(Object(Illuminate\\Http\\Request))
#22 C:\\Users\\eutei\\OneDrive\\Área de Trabalho\\TCC-SAAU\\vendor\\laravel\\framework\\src\\Illuminate\\Foundation\\Http\\Kernel.php(200): Illuminate\\Routing\\Router->dispatch(Object(Illuminate\\Http\\Request))
#23 C:\\Users\\eutei\\OneDrive\\Área de Trabalho\\TCC-SAAU\\vendor\\laravel\\framework\\src\\Illuminate\\Pipeline\\Pipeline.php(144): Illuminate\\Foundation\\Http\\Kernel->Illuminate\\Foundation\\Http\\{closure}(Object(Illuminate\\Http\\Request))
#24 C:\\Users\\eutei\\OneDrive\\Área de Trabalho\\TCC-SAAU\\vendor\\laravel\\framework\\src\\Illuminate\\Foundation\\Http\\Middleware\\TransformsRequest.php(21): Illuminate\\Pipeline\\Pipeline->Illuminate\\Pipeline\\{closure}(Object(Illuminate\\Http\\Request))
#25 C:\\Users\\eutei\\OneDrive\\Área de Trabalho\\TCC-SAAU\\vendor\\laravel\\framework\\src\\Illuminate\\Foundation\\Http\\Middleware\\ConvertEmptyStringsToNull.php(31): Illuminate\\Foundation\\Http\\Middleware\\TransformsRequest->handle(Object(Illuminate\\Http\\Request), Object(Closure))
#26 C:\\Users\\eutei\\OneDrive\\Área de Trabalho\\TCC-SAAU\\vendor\\laravel\\framework\\src\\Illuminate\\Pipeline\\Pipeline.php(183): Illuminate\\Foundation\\Http\\Middleware\\ConvertEmptyStringsToNull->handle(Object(Illuminate\\Http\\Request), Object(Closure))
#27 C:\\Users\\eutei\\OneDrive\\Área de Trabalho\\TCC-SAAU\\vendor\\laravel\\framework\\src\\Illuminate\\Foundation\\Http\\Middleware\\TransformsRequest.php(21): Illuminate\\Pipeline\\Pipeline->Illuminate\\Pipeline\\{closure}(Object(Illuminate\\Http\\Request))
#28 C:\\Users\\eutei\\OneDrive\\Área de Trabalho\\TCC-SAAU\\vendor\\laravel\\framework\\src\\Illuminate\\Foundation\\Http\\Middleware\\TrimStrings.php(40): Illuminate\\Foundation\\Http\\Middleware\\TransformsRequest->handle(Object(Illuminate\\Http\\Request), Object(Closure))
#29 C:\\Users\\eutei\\OneDrive\\Área de Trabalho\\TCC-SAAU\\vendor\\laravel\\framework\\src\\Illuminate\\Pipeline\\Pipeline.php(183): Illuminate\\Foundation\\Http\\Middleware\\TrimStrings->handle(Object(Illuminate\\Http\\Request), Object(Closure))
#30 C:\\Users\\eutei\\OneDrive\\Área de Trabalho\\TCC-SAAU\\vendor\\laravel\\framework\\src\\Illuminate\\Foundation\\Http\\Middleware\\ValidatePostSize.php(27): Illuminate\\Pipeline\\Pipeline->Illuminate\\Pipeline\\{closure}(Object(Illuminate\\Http\\Request))
#31 C:\\Users\\eutei\\OneDrive\\Área de Trabalho\\TCC-SAAU\\vendor\\laravel\\framework\\src\\Illuminate\\Pipeline\\Pipeline.php(183): Illuminate\\Foundation\\Http\\Middleware\\ValidatePostSize->handle(Object(Illuminate\\Http\\Request), Object(Closure))
#32 C:\\Users\\eutei\\OneDrive\\Área de Trabalho\\TCC-SAAU\\vendor\\laravel\\framework\\src\\Illuminate\\Foundation\\Http\\Middleware\\PreventRequestsDuringMaintenance.php(99): Illuminate\\Pipeline\\Pipeline->Illuminate\\Pipeline\\{closure}(Object(Illuminate\\Http\\Request))
#33 C:\\Users\\eutei\\OneDrive\\Área de Trabalho\\TCC-SAAU\\vendor\\laravel\\framework\\src\\Illuminate\\Pipeline\\Pipeline.php(183): Illuminate\\Foundation\\Http\\Middleware\\PreventRequestsDuringMaintenance->handle(Object(Illuminate\\Http\\Request), Object(Closure))
#34 C:\\Users\\eutei\\OneDrive\\Área de Trabalho\\TCC-SAAU\\vendor\\laravel\\framework\\src\\Illuminate\\Http\\Middleware\\HandleCors.php(49): Illuminate\\Pipeline\\Pipeline->Illuminate\\Pipeline\\{closure}(Object(Illuminate\\Http\\Request))
#35 C:\\Users\\eutei\\OneDrive\\Área de Trabalho\\TCC-SAAU\\vendor\\laravel\\framework\\src\\Illuminate\\Pipeline\\Pipeline.php(183): Illuminate\\Http\\Middleware\\HandleCors->handle(Object(Illuminate\\Http\\Request), Object(Closure))
#36 C:\\Users\\eutei\\OneDrive\\Área de Trabalho\\TCC-SAAU\\vendor\\laravel\\framework\\src\\Illuminate\\Http\\Middleware\\TrustProxies.php(39): Illuminate\\Pipeline\\Pipeline->Illuminate\\Pipeline\\{closure}(Object(Illuminate\\Http\\Request))
#37 C:\\Users\\eutei\\OneDrive\\Área de Trabalho\\TCC-SAAU\\vendor\\laravel\\framework\\src\\Illuminate\\Pipeline\\Pipeline.php(183): Illuminate\\Http\\Middleware\\TrustProxies->handle(Object(Illuminate\\Http\\Request), Object(Closure))
#38 C:\\Users\\eutei\\OneDrive\\Área de Trabalho\\TCC-SAAU\\vendor\\laravel\\framework\\src\\Illuminate\\Pipeline\\Pipeline.php(119): Illuminate\\Pipeline\\Pipeline->Illuminate\\Pipeline\\{closure}(Object(Illuminate\\Http\\Request))
#39 C:\\Users\\eutei\\OneDrive\\Área de Trabalho\\TCC-SAAU\\vendor\\laravel\\framework\\src\\Illuminate\\Foundation\\Http\\Kernel.php(175): Illuminate\\Pipeline\\Pipeline->then(Object(Closure))
#40 C:\\Users\\eutei\\OneDrive\\Área de Trabalho\\TCC-SAAU\\vendor\\laravel\\framework\\src\\Illuminate\\Foundation\\Http\\Kernel.php(144): Illuminate\\Foundation\\Http\\Kernel->sendRequestThroughRouter(Object(Illuminate\\Http\\Request))
#41 C:\\Users\\eutei\\OneDrive\\Área de Trabalho\\TCC-SAAU\\public\\index.php(51): Illuminate\\Foundation\\Http\\Kernel->handle(Object(Illuminate\\Http\\Request))
#42 C:\\Users\\eutei\\OneDrive\\Área de Trabalho\\TCC-SAAU\\vendor\\laravel\\framework\\src\\Illuminate\\Foundation\\resources\\server.php(16): require_once('C:\\\\Users\\\\eutei\\\\...')
#43 {main}
"} 
[2025-11-22 21:11:37] production.ERROR: No application encryption key has been specified. {"exception":"[object] (Illuminate\\Encryption\\MissingAppKeyException(code: 0): No application encryption key has been specified. at C:\\Users\\eutei\\OneDrive\\Área de Trabalho\\TCC-SAAU\\vendor\\laravel\\framework\\src\\Illuminate\\Encryption\\EncryptionServiceProvider.php:79)
[stacktrace]
#0 C:\\Users\\eutei\\OneDrive\\Área de Trabalho\\TCC-SAAU\\vendor\\laravel\\framework\\src\\Illuminate\\Support\\helpers.php(320): Illuminate\\Encryption\\EncryptionServiceProvider->Illuminate\\Encryption\\{closure}(NULL)
#1 C:\\Users\\eutei\\OneDrive\\Área de Trabalho\\TCC-SAAU\\vendor\\laravel\\framework\\src\\Illuminate\\Encryption\\EncryptionServiceProvider.php(77): tap(NULL, Object(Closure))
#2 C:\\Users\\eutei\\OneDrive\\Área de Trabalho\\TCC-SAAU\\vendor\\laravel\\framework\\src\\Illuminate\\Encryption\\EncryptionServiceProvider.php(60): Illuminate\\Encryption\\EncryptionServiceProvider->key(Array)
#3 C:\\Users\\eutei\\OneDrive\\Área de Trabalho\\TCC-SAAU\\vendor\\laravel\\framework\\src\\Illuminate\\Encryption\\EncryptionServiceProvider.php(32): Illuminate\\Encryption\\EncryptionServiceProvider->parseKey(Array)
#4 C:\\Users\\eutei\\OneDrive\\Área de Trabalho\\TCC-SAAU\\vendor\\laravel\\framework\\src\\Illuminate\\Container\\Container.php(908): Illuminate\\Encryption\\EncryptionServiceProvider->Illuminate\\Encryption\\{closure}(Object(Illuminate\\Foundation\\Application), Array)
#5 C:\\Users\\eutei\\OneDrive\\Área de Trabalho\\TCC-SAAU\\vendor\\laravel\\framework\\src\\Illuminate\\Container\\Container.php(795): Illuminate\\Container\\Container->build(Object(Closure))
#6 C:\\Users\\eutei\\OneDrive\\Área de Trabalho\\TCC-SAAU\\vendor\\laravel\\framework\\src\\Illuminate\\Foundation\\Application.php(986): Illuminate\\Container\\Container->resolve('encrypter', Array, true)
#7 C:\\Users\\eutei\\OneDrive\\Área de Trabalho\\TCC-SAAU\\vendor\\laravel\\framework\\src\\Illuminate\\Container\\Container.php(731): Illuminate\\Foundation\\Application->resolve('encrypter', Array)
#8 C:\\Users\\eutei\\OneDrive\\Área de Trabalho\\TCC-SAAU\\vendor\\laravel\\framework\\src\\Illuminate\\Foundation\\Application.php(971): Illuminate\\Container\\Container->make('encrypter', Array)
#9 C:\\Users\\eutei\\OneDrive\\Área de Trabalho\\TCC-SAAU\\vendor\\laravel\\framework\\src\\Illuminate\\Container\\Container.php(1066): Illuminate\\Foundation\\Application->make('encrypter')
#10 C:\\Users\\eutei\\OneDrive\\Área de Trabalho\\TCC-SAAU\\vendor\\laravel\\framework\\src\\Illuminate\\Container\\Container.php(982): Illuminate\\Container\\Container->resolveClass(Object(ReflectionParameter))
#11 C:\\Users\\eutei\\OneDrive\\Área de Trabalho\\TCC-SAAU\\vendor\\laravel\\framework\\src\\Illuminate\\Container\\Container.php(943): Illuminate\\Container\\Container->resolveDependencies(Array)
#12 C:\\Users\\eutei\\OneDrive\\Área de Trabalho\\TCC-SAAU\\vendor\\laravel\\framework\\src\\Illuminate\\Container\\Container.php(795): Illuminate\\Container\\Container->build('App\\\\Http\\\\Middle...')
#13 C:\\Users\\eutei\\OneDrive\\Área de Trabalho\\TCC-SAAU\\vendor\\laravel\\framework\\src\\Illuminate\\Foundation\\Application.php(986): Illuminate\\Container\\Container->resolve('App\\\\Http\\\\Middle...', Array, true)
#14 C:\\Users\\eutei\\OneDrive\\Área de Trabalho\\TCC-SAAU\\vendor\\laravel\\framework\\src\\Illuminate\\Container\\Container.php(731): Illuminate\\Foundation\\Application->resolve('App\\\\Http\\\\Middle...', Array)
#15 C:\\Users\\eutei\\OneDrive\\Área de Trabalho\\TCC-SAAU\\vendor\\laravel\\framework\\src\\Illuminate\\Foundation\\Application.php(971): Illuminate\\Container\\Container->make('App\\\\Http\\\\Middle...', Array)
#16 C:\\Users\\eutei\\OneDrive\\Área de Trabalho\\TCC-SAAU\\vendor\\laravel\\framework\\src\\Illuminate\\Foundation\\Http\\Kernel.php(255): Illuminate\\Foundation\\Application->make('App\\\\Http\\\\Middle...')
#17 C:\\Users\\eutei\\OneDrive\\Área de Trabalho\\TCC-SAAU\\vendor\\laravel\\framework\\src\\Illuminate\\Foundation\\Http\\Kernel.php(213): Illuminate\\Foundation\\Http\\Kernel->terminateMiddleware(Object(Illuminate\\Http\\Request), Object(Illuminate\\Http\\Response))
#18 C:\\Users\\eutei\\OneDrive\\Área de Trabalho\\TCC-SAAU\\public\\index.php(55): Illuminate\\Foundation\\Http\\Kernel->terminate(Object(Illuminate\\Http\\Request), Object(Illuminate\\Http\\Response))
#19 C:\\Users\\eutei\\OneDrive\\Área de Trabalho\\TCC-SAAU\\vendor\\laravel\\framework\\src\\Illuminate\\Foundation\\resources\\server.php(16): require_once('C:\\\\Users\\\\eutei\\\\...')
#20 {main}
"} 
[2025-11-22 21:11:46] production.ERROR: No application encryption key has been specified. {"exception":"[object] (Illuminate\\Encryption\\MissingAppKeyException(code: 0): No application encryption key has been specified. at C:\\Users\\eutei\\OneDrive\\Área de Trabalho\\TCC-SAAU\\vendor\\laravel\\framework\\src\\Illuminate\\Encryption\\EncryptionServiceProvider.php:79)
[stacktrace]
#0 C:\\Users\\eutei\\OneDrive\\Área de Trabalho\\TCC-SAAU\\vendor\\laravel\\framework\\src\\Illuminate\\Support\\helpers.php(320): Illuminate\\Encryption\\EncryptionServiceProvider->Illuminate\\Encryption\\{closure}(NULL)
#1 C:\\Users\\eutei\\OneDrive\\Área de Trabalho\\TCC-SAAU\\vendor\\laravel\\framework\\src\\Illuminate\\Encryption\\EncryptionServiceProvider.php(77): tap(NULL, Object(Closure))
#2 C:\\Users\\eutei\\OneDrive\\Área de Trabalho\\TCC-SAAU\\vendor\\laravel\\framework\\src\\Illuminate\\Encryption\\EncryptionServiceProvider.php(60): Illuminate\\Encryption\\EncryptionServiceProvider->key(Array)
#3 C:\\Users\\eutei\\OneDrive\\Área de Trabalho\\TCC-SAAU\\vendor\\laravel\\framework\\src\\Illuminate\\Encryption\\EncryptionServiceProvider.php(32): Illuminate\\Encryption\\EncryptionServiceProvider->parseKey(Array)
#4 C:\\Users\\eutei\\OneDrive\\Área de Trabalho\\TCC-SAAU\\vendor\\laravel\\framework\\src\\Illuminate\\Container\\Container.php(908): Illuminate\\Encryption\\EncryptionServiceProvider->Illuminate\\Encryption\\{closure}(Object(Illuminate\\Foundation\\Application), Array)
#5 C:\\Users\\eutei\\OneDrive\\Área de Trabalho\\TCC-SAAU\\vendor\\laravel\\framework\\src\\Illuminate\\Container\\Container.php(795): Illuminate\\Container\\Container->build(Object(Closure))
#6 C:\\Users\\eutei\\OneDrive\\Área de Trabalho\\TCC-SAAU\\vendor\\laravel\\framework\\src\\Illuminate\\Foundation\\Application.php(986): Illuminate\\Container\\Container->resolve('encrypter', Array, true)
#7 C:\\Users\\eutei\\OneDrive\\Área de Trabalho\\TCC-SAAU\\vendor\\laravel\\framework\\src\\Illuminate\\Container\\Container.php(731): Illuminate\\Foundation\\Application->resolve('encrypter', Array)
#8 C:\\Users\\eutei\\OneDrive\\Área de Trabalho\\TCC-SAAU\\vendor\\laravel\\framework\\src\\Illuminate\\Foundation\\Application.php(971): Illuminate\\Container\\Container->make('encrypter', Array)
#9 C:\\Users\\eutei\\OneDrive\\Área de Trabalho\\TCC-SAAU\\vendor\\laravel\\framework\\src\\Illuminate\\Container\\Container.php(1066): Illuminate\\Foundation\\Application->make('encrypter')
#10 C:\\Users\\eutei\\OneDrive\\Área de Trabalho\\TCC-SAAU\\vendor\\laravel\\framework\\src\\Illuminate\\Container\\Container.php(982): Illuminate\\Container\\Container->resolveClass(Object(ReflectionParameter))
#11 C:\\Users\\eutei\\OneDrive\\Área de Trabalho\\TCC-SAAU\\vendor\\laravel\\framework\\src\\Illuminate\\Container\\Container.php(943): Illuminate\\Container\\Container->resolveDependencies(Array)
#12 C:\\Users\\eutei\\OneDrive\\Área de Trabalho\\TCC-SAAU\\vendor\\laravel\\framework\\src\\Illuminate\\Container\\Container.php(795): Illuminate\\Container\\Container->build('App\\\\Http\\\\Middle...')
#13 C:\\Users\\eutei\\OneDrive\\Área de Trabalho\\TCC-SAAU\\vendor\\laravel\\framework\\src\\Illuminate\\Foundation\\Application.php(986): Illuminate\\Container\\Container->resolve('App\\\\Http\\\\Middle...', Array, true)
#14 C:\\Users\\eutei\\OneDrive\\Área de Trabalho\\TCC-SAAU\\vendor\\laravel\\framework\\src\\Illuminate\\Container\\Container.php(731): Illuminate\\Foundation\\Application->resolve('App\\\\Http\\\\Middle...', Array)
#15 C:\\Users\\eutei\\OneDrive\\Área de Trabalho\\TCC-SAAU\\vendor\\laravel\\framework\\src\\Illuminate\\Foundation\\Application.php(971): Illuminate\\Container\\Container->make('App\\\\Http\\\\Middle...', Array)
#16 C:\\Users\\eutei\\OneDrive\\Área de Trabalho\\TCC-SAAU\\vendor\\laravel\\framework\\src\\Illuminate\\Pipeline\\Pipeline.php(172): Illuminate\\Foundation\\Application->make('App\\\\Http\\\\Middle...')
#17 C:\\Users\\eutei\\OneDrive\\Área de Trabalho\\TCC-SAAU\\vendor\\laravel\\framework\\src\\Illuminate\\Pipeline\\Pipeline.php(119): Illuminate\\Pipeline\\Pipeline->Illuminate\\Pipeline\\{closure}(Object(Illuminate\\Http\\Request))
#18 C:\\Users\\eutei\\OneDrive\\Área de Trabalho\\TCC-SAAU\\vendor\\laravel\\framework\\src\\Illuminate\\Routing\\Router.php(805): Illuminate\\Pipeline\\Pipeline->then(Object(Closure))
#19 C:\\Users\\eutei\\OneDrive\\Área de Trabalho\\TCC-SAAU\\vendor\\laravel\\framework\\src\\Illuminate\\Routing\\Router.php(784): Illuminate\\Routing\\Router->runRouteWithinStack(Object(Illuminate\\Routing\\Route), Object(Illuminate\\Http\\Request))
#20 C:\\Users\\eutei\\OneDrive\\Área de Trabalho\\TCC-SAAU\\vendor\\laravel\\framework\\src\\Illuminate\\Routing\\Router.php(748): Illuminate\\Routing\\Router->runRoute(Object(Illuminate\\Http\\Request), Object(Illuminate\\Routing\\Route))
#21 C:\\Users\\eutei\\OneDrive\\Área de Trabalho\\TCC-SAAU\\vendor\\laravel\\framework\\src\\Illuminate\\Routing\\Router.php(737): Illuminate\\Routing\\Router->dispatchToRoute(Object(Illuminate\\Http\\Request))
#22 C:\\Users\\eutei\\OneDrive\\Área de Trabalho\\TCC-SAAU\\vendor\\laravel\\framework\\src\\Illuminate\\Foundation\\Http\\Kernel.php(200): Illuminate\\Routing\\Router->dispatch(Object(Illuminate\\Http\\Request))
#23 C:\\Users\\eutei\\OneDrive\\Área de Trabalho\\TCC-SAAU\\vendor\\laravel\\framework\\src\\Illuminate\\Pipeline\\Pipeline.php(144): Illuminate\\Foundation\\Http\\Kernel->Illuminate\\Foundation\\Http\\{closure}(Object(Illuminate\\Http\\Request))
#24 C:\\Users\\eutei\\OneDrive\\Área de Trabalho\\TCC-SAAU\\vendor\\laravel\\framework\\src\\Illuminate\\Foundation\\Http\\Middleware\\TransformsRequest.php(21): Illuminate\\Pipeline\\Pipeline->Illuminate\\Pipeline\\{closure}(Object(Illuminate\\Http\\Request))
#25 C:\\Users\\eutei\\OneDrive\\Área de Trabalho\\TCC-SAAU\\vendor\\laravel\\framework\\src\\Illuminate\\Foundation\\Http\\Middleware\\ConvertEmptyStringsToNull.php(31): Illuminate\\Foundation\\Http\\Middleware\\TransformsRequest->handle(Object(Illuminate\\Http\\Request), Object(Closure))
#26 C:\\Users\\eutei\\OneDrive\\Área de Trabalho\\TCC-SAAU\\vendor\\laravel\\framework\\src\\Illuminate\\Pipeline\\Pipeline.php(183): Illuminate\\Foundation\\Http\\Middleware\\ConvertEmptyStringsToNull->handle(Object(Illuminate\\Http\\Request), Object(Closure))
#27 C:\\Users\\eutei\\OneDrive\\Área de Trabalho\\TCC-SAAU\\vendor\\laravel\\framework\\src\\Illuminate\\Foundation\\Http\\Middleware\\TransformsRequest.php(21): Illuminate\\Pipeline\\Pipeline->Illuminate\\Pipeline\\{closure}(Object(Illuminate\\Http\\Request))
#28 C:\\Users\\eutei\\OneDrive\\Área de Trabalho\\TCC-SAAU\\vendor\\laravel\\framework\\src\\Illuminate\\Foundation\\Http\\Middleware\\TrimStrings.php(40): Illuminate\\Foundation\\Http\\Middleware\\TransformsRequest->handle(Object(Illuminate\\Http\\Request), Object(Closure))
#29 C:\\Users\\eutei\\OneDrive\\Área de Trabalho\\TCC-SAAU\\vendor\\laravel\\framework\\src\\Illuminate\\Pipeline\\Pipeline.php(183): Illuminate\\Foundation\\Http\\Middleware\\TrimStrings->handle(Object(Illuminate\\Http\\Request), Object(Closure))
#30 C:\\Users\\eutei\\OneDrive\\Área de Trabalho\\TCC-SAAU\\vendor\\laravel\\framework\\src\\Illuminate\\Foundation\\Http\\Middleware\\ValidatePostSize.php(27): Illuminate\\Pipeline\\Pipeline->Illuminate\\Pipeline\\{closure}(Object(Illuminate\\Http\\Request))
#31 C:\\Users\\eutei\\OneDrive\\Área de Trabalho\\TCC-SAAU\\vendor\\laravel\\framework\\src\\Illuminate\\Pipeline\\Pipeline.php(183): Illuminate\\Foundation\\Http\\Middleware\\ValidatePostSize->handle(Object(Illuminate\\Http\\Request), Object(Closure))
#32 C:\\Users\\eutei\\OneDrive\\Área de Trabalho\\TCC-SAAU\\vendor\\laravel\\framework\\src\\Illuminate\\Foundation\\Http\\Middleware\\PreventRequestsDuringMaintenance.php(99): Illuminate\\Pipeline\\Pipeline->Illuminate\\Pipeline\\{closure}(Object(Illuminate\\Http\\Request))
#33 C:\\Users\\eutei\\OneDrive\\Área de Trabalho\\TCC-SAAU\\vendor\\laravel\\framework\\src\\Illuminate\\Pipeline\\Pipeline.php(183): Illuminate\\Foundation\\Http\\Middleware\\PreventRequestsDuringMaintenance->handle(Object(Illuminate\\Http\\Request), Object(Closure))
#34 C:\\Users\\eutei\\OneDrive\\Área de Trabalho\\TCC-SAAU\\vendor\\laravel\\framework\\src\\Illuminate\\Http\\Middleware\\HandleCors.php(49): Illuminate\\Pipeline\\Pipeline->Illuminate\\Pipeline\\{closure}(Object(Illuminate\\Http\\Request))
#35 C:\\Users\\eutei\\OneDrive\\Área de Trabalho\\TCC-SAAU\\vendor\\laravel\\framework\\src\\Illuminate\\Pipeline\\Pipeline.php(183): Illuminate\\Http\\Middleware\\HandleCors->handle(Object(Illuminate\\Http\\Request), Object(Closure))
#36 C:\\Users\\eutei\\OneDrive\\Área de Trabalho\\TCC-SAAU\\vendor\\laravel\\framework\\src\\Illuminate\\Http\\Middleware\\TrustProxies.php(39): Illuminate\\Pipeline\\Pipeline->Illuminate\\Pipeline\\{closure}(Object(Illuminate\\Http\\Request))
#37 C:\\Users\\eutei\\OneDrive\\Área de Trabalho\\TCC-SAAU\\vendor\\laravel\\framework\\src\\Illuminate\\Pipeline\\Pipeline.php(183): Illuminate\\Http\\Middleware\\TrustProxies->handle(Object(Illuminate\\Http\\Request), Object(Closure))
#38 C:\\Users\\eutei\\OneDrive\\Área de Trabalho\\TCC-SAAU\\vendor\\laravel\\framework\\src\\Illuminate\\Pipeline\\Pipeline.php(119): Illuminate\\Pipeline\\Pipeline->Illuminate\\Pipeline\\{closure}(Object(Illuminate\\Http\\Request))
#39 C:\\Users\\eutei\\OneDrive\\Área de Trabalho\\TCC-SAAU\\vendor\\laravel\\framework\\src\\Illuminate\\Foundation\\Http\\Kernel.php(175): Illuminate\\Pipeline\\Pipeline->then(Object(Closure))
#40 C:\\Users\\eutei\\OneDrive\\Área de Trabalho\\TCC-SAAU\\vendor\\laravel\\framework\\src\\Illuminate\\Foundation\\Http\\Kernel.php(144): Illuminate\\Foundation\\Http\\Kernel->sendRequestThroughRouter(Object(Illuminate\\Http\\Request))
#41 C:\\Users\\eutei\\OneDrive\\Área de Trabalho\\TCC-SAAU\\public\\index.php(51): Illuminate\\Foundation\\Http\\Kernel->handle(Object(Illuminate\\Http\\Request))
#42 C:\\Users\\eutei\\OneDrive\\Área de Trabalho\\TCC-SAAU\\vendor\\laravel\\framework\\src\\Illuminate\\Foundation\\resources\\server.php(16): require_once('C:\\\\Users\\\\eutei\\\\...')
#43 {main}
"} 
[2025-11-22 21:11:46] production.ERROR: No application encryption key has been specified. {"exception":"[object] (Illuminate\\Encryption\\MissingAppKeyException(code: 0): No application encryption key has been specified. at C:\\Users\\eutei\\OneDrive\\Área de Trabalho\\TCC-SAAU\\vendor\\laravel\\framework\\src\\Illuminate\\Encryption\\EncryptionServiceProvider.php:79)
[stacktrace]
#0 C:\\Users\\eutei\\OneDrive\\Área de Trabalho\\TCC-SAAU\\vendor\\laravel\\framework\\src\\Illuminate\\Support\\helpers.php(320): Illuminate\\Encryption\\EncryptionServiceProvider->Illuminate\\Encryption\\{closure}(NULL)
#1 C:\\Users\\eutei\\OneDrive\\Área de Trabalho\\TCC-SAAU\\vendor\\laravel\\framework\\src\\Illuminate\\Encryption\\EncryptionServiceProvider.php(77): tap(NULL, Object(Closure))
#2 C:\\Users\\eutei\\OneDrive\\Área de Trabalho\\TCC-SAAU\\vendor\\laravel\\framework\\src\\Illuminate\\Encryption\\EncryptionServiceProvider.php(60): Illuminate\\Encryption\\EncryptionServiceProvider->key(Array)
#3 C:\\Users\\eutei\\OneDrive\\Área de Trabalho\\TCC-SAAU\\vendor\\laravel\\framework\\src\\Illuminate\\Encryption\\EncryptionServiceProvider.php(32): Illuminate\\Encryption\\EncryptionServiceProvider->parseKey(Array)
#4 C:\\Users\\eutei\\OneDrive\\Área de Trabalho\\TCC-SAAU\\vendor\\laravel\\framework\\src\\Illuminate\\Container\\Container.php(908): Illuminate\\Encryption\\EncryptionServiceProvider->Illuminate\\Encryption\\{closure}(Object(Illuminate\\Foundation\\Application), Array)
#5 C:\\Users\\eutei\\OneDrive\\Área de Trabalho\\TCC-SAAU\\vendor\\laravel\\framework\\src\\Illuminate\\Container\\Container.php(795): Illuminate\\Container\\Container->build(Object(Closure))
#6 C:\\Users\\eutei\\OneDrive\\Área de Trabalho\\TCC-SAAU\\vendor\\laravel\\framework\\src\\Illuminate\\Foundation\\Application.php(986): Illuminate\\Container\\Container->resolve('encrypter', Array, true)
#7 C:\\Users\\eutei\\OneDrive\\Área de Trabalho\\TCC-SAAU\\vendor\\laravel\\framework\\src\\Illuminate\\Container\\Container.php(731): Illuminate\\Foundation\\Application->resolve('encrypter', Array)
#8 C:\\Users\\eutei\\OneDrive\\Área de Trabalho\\TCC-SAAU\\vendor\\laravel\\framework\\src\\Illuminate\\Foundation\\Application.php(971): Illuminate\\Container\\Container->make('encrypter', Array)
#9 C:\\Users\\eutei\\OneDrive\\Área de Trabalho\\TCC-SAAU\\vendor\\laravel\\framework\\src\\Illuminate\\Container\\Container.php(1066): Illuminate\\Foundation\\Application->make('encrypter')
#10 C:\\Users\\eutei\\OneDrive\\Área de Trabalho\\TCC-SAAU\\vendor\\laravel\\framework\\src\\Illuminate\\Container\\Container.php(982): Illuminate\\Container\\Container->resolveClass(Object(ReflectionParameter))
#11 C:\\Users\\eutei\\OneDrive\\Área de Trabalho\\TCC-SAAU\\vendor\\laravel\\framework\\src\\Illuminate\\Container\\Container.php(943): Illuminate\\Container\\Container->resolveDependencies(Array)
#12 C:\\Users\\eutei\\OneDrive\\Área de Trabalho\\TCC-SAAU\\vendor\\laravel\\framework\\src\\Illuminate\\Container\\Container.php(795): Illuminate\\Container\\Container->build('App\\\\Http\\\\Middle...')
#13 C:\\Users\\eutei\\OneDrive\\Área de Trabalho\\TCC-SAAU\\vendor\\laravel\\framework\\src\\Illuminate\\Foundation\\Application.php(986): Illuminate\\Container\\Container->resolve('App\\\\Http\\\\Middle...', Array, true)
#14 C:\\Users\\eutei\\OneDrive\\Área de Trabalho\\TCC-SAAU\\vendor\\laravel\\framework\\src\\Illuminate\\Container\\Container.php(731): Illuminate\\Foundation\\Application->resolve('App\\\\Http\\\\Middle...', Array)
#15 C:\\Users\\eutei\\OneDrive\\Área de Trabalho\\TCC-SAAU\\vendor\\laravel\\framework\\src\\Illuminate\\Foundation\\Application.php(971): Illuminate\\Container\\Container->make('App\\\\Http\\\\Middle...', Array)
#16 C:\\Users\\eutei\\OneDrive\\Área de Trabalho\\TCC-SAAU\\vendor\\laravel\\framework\\src\\Illuminate\\Foundation\\Http\\Kernel.php(255): Illuminate\\Foundation\\Application->make('App\\\\Http\\\\Middle...')
#17 C:\\Users\\eutei\\OneDrive\\Área de Trabalho\\TCC-SAAU\\vendor\\laravel\\framework\\src\\Illuminate\\Foundation\\Http\\Kernel.php(213): Illuminate\\Foundation\\Http\\Kernel->terminateMiddleware(Object(Illuminate\\Http\\Request), Object(Illuminate\\Http\\Response))
#18 C:\\Users\\eutei\\OneDrive\\Área de Trabalho\\TCC-SAAU\\public\\index.php(55): Illuminate\\Foundation\\Http\\Kernel->terminate(Object(Illuminate\\Http\\Request), Object(Illuminate\\Http\\Response))
#19 C:\\Users\\eutei\\OneDrive\\Área de Trabalho\\TCC-SAAU\\vendor\\laravel\\framework\\src\\Illuminate\\Foundation\\resources\\server.php(16): require_once('C:\\\\Users\\\\eutei\\\\...')
#20 {main}
"} 
[2025-11-22 21:27:02] production.ERROR: filemtime(): stat failed for C:\Users\eutei\OneDrive\Área de Trabalho\TCC-SAAU\.env {"exception":"[object] (ErrorException(code: 0): filemtime(): stat failed for C:\\Users\\eutei\\OneDrive\\Área de Trabalho\\TCC-SAAU\\.env at C:\\Users\\eutei\\OneDrive\\Área de Trabalho\\TCC-SAAU\\vendor\\laravel\\framework\\src\\Illuminate\\Foundation\\Console\\ServeCommand.php:102)
[stacktrace]
#0 C:\\Users\\eutei\\OneDrive\\Área de Trabalho\\TCC-SAAU\\vendor\\laravel\\framework\\src\\Illuminate\\Foundation\\Bootstrap\\HandleExceptions.php(255): Illuminate\\Foundation\\Bootstrap\\HandleExceptions->handleError(2, 'filemtime(): st...', 'C:\\\\Users\\\\eutei\\\\...', 102)
#1 [internal function]: Illuminate\\Foundation\\Bootstrap\\HandleExceptions->Illuminate\\Foundation\\Bootstrap\\{closure}(2, 'filemtime(): st...', 'C:\\\\Users\\\\eutei\\\\...', 102)
#2 C:\\Users\\eutei\\OneDrive\\Área de Trabalho\\TCC-SAAU\\vendor\\laravel\\framework\\src\\Illuminate\\Foundation\\Console\\ServeCommand.php(102): filemtime('C:\\\\Users\\\\eutei\\\\...')
#3 C:\\Users\\eutei\\OneDrive\\Área de Trabalho\\TCC-SAAU\\vendor\\laravel\\framework\\src\\Illuminate\\Container\\BoundMethod.php(36): Illuminate\\Foundation\\Console\\ServeCommand->handle()
#4 C:\\Users\\eutei\\OneDrive\\Área de Trabalho\\TCC-SAAU\\vendor\\laravel\\framework\\src\\Illuminate\\Container\\Util.php(41): Illuminate\\Container\\BoundMethod::Illuminate\\Container\\{closure}()
#5 C:\\Users\\eutei\\OneDrive\\Área de Trabalho\\TCC-SAAU\\vendor\\laravel\\framework\\src\\Illuminate\\Container\\BoundMethod.php(93): Illuminate\\Container\\Util::unwrapIfClosure(Object(Closure))
#6 C:\\Users\\eutei\\OneDrive\\Área de Trabalho\\TCC-SAAU\\vendor\\laravel\\framework\\src\\Illuminate\\Container\\BoundMethod.php(35): Illuminate\\Container\\BoundMethod::callBoundMethod(Object(Illuminate\\Foundation\\Application), Array, Object(Closure))
#7 C:\\Users\\eutei\\OneDrive\\Área de Trabalho\\TCC-SAAU\\vendor\\laravel\\framework\\src\\Illuminate\\Container\\Container.php(662): Illuminate\\Container\\BoundMethod::call(Object(Illuminate\\Foundation\\Application), Array, Array, NULL)
#8 C:\\Users\\eutei\\OneDrive\\Área de Trabalho\\TCC-SAAU\\vendor\\laravel\\framework\\src\\Illuminate\\Console\\Command.php(211): Illuminate\\Container\\Container->call(Array)
#9 C:\\Users\\eutei\\OneDrive\\Área de Trabalho\\TCC-SAAU\\vendor\\symfony\\console\\Command\\Command.php(326): Illuminate\\Console\\Command->execute(Object(Symfony\\Component\\Console\\Input\\ArgvInput), Object(Illuminate\\Console\\OutputStyle))
#10 C:\\Users\\eutei\\OneDrive\\Área de Trabalho\\TCC-SAAU\\vendor\\laravel\\framework\\src\\Illuminate\\Console\\Command.php(180): Symfony\\Component\\Console\\Command\\Command->run(Object(Symfony\\Component\\Console\\Input\\ArgvInput), Object(Illuminate\\Console\\OutputStyle))
#11 C:\\Users\\eutei\\OneDrive\\Área de Trabalho\\TCC-SAAU\\vendor\\symfony\\console\\Application.php(1088): Illuminate\\Console\\Command->run(Object(Symfony\\Component\\Console\\Input\\ArgvInput), Object(Symfony\\Component\\Console\\Output\\ConsoleOutput))
#12 C:\\Users\\eutei\\OneDrive\\Área de Trabalho\\TCC-SAAU\\vendor\\symfony\\console\\Application.php(324): Symfony\\Component\\Console\\Application->doRunCommand(Object(Illuminate\\Foundation\\Console\\ServeCommand), Object(Symfony\\Component\\Console\\Input\\ArgvInput), Object(Symfony\\Component\\Console\\Output\\ConsoleOutput))
#13 C:\\Users\\eutei\\OneDrive\\Área de Trabalho\\TCC-SAAU\\vendor\\symfony\\console\\Application.php(175): Symfony\\Component\\Console\\Application->doRun(Object(Symfony\\Component\\Console\\Input\\ArgvInput), Object(Symfony\\Component\\Console\\Output\\ConsoleOutput))
#14 C:\\Users\\eutei\\OneDrive\\Área de Trabalho\\TCC-SAAU\\vendor\\laravel\\framework\\src\\Illuminate\\Foundation\\Console\\Kernel.php(201): Symfony\\Component\\Console\\Application->run(Object(Symfony\\Component\\Console\\Input\\ArgvInput), Object(Symfony\\Component\\Console\\Output\\ConsoleOutput))
#15 C:\\Users\\eutei\\OneDrive\\Área de Trabalho\\TCC-SAAU\\artisan(35): Illuminate\\Foundation\\Console\\Kernel->handle(Object(Symfony\\Component\\Console\\Input\\ArgvInput), Object(Symfony\\Component\\Console\\Output\\ConsoleOutput))
#16 {main}
"} 
[2025-11-22 21:28:14] local.ERROR: SQLSTATE[HY000] [1049] Unknown database 'laravel' (Connection: mysql, SQL: select count(*) as aggregate from `animals`) {"exception":"[object] (Illuminate\\Database\\QueryException(code: 1049): SQLSTATE[HY000] [1049] Unknown database 'laravel' (Connection: mysql, SQL: select count(*) as aggregate from `animals`) at C:\\Users\\eutei\\OneDrive\\Área de Trabalho\\TCC-SAAU\\vendor\\laravel\\framework\\src\\Illuminate\\Database\\Connection.php:829)
[stacktrace]
#0 C:\\Users\\eutei\\OneDrive\\Área de Trabalho\\TCC-SAAU\\vendor\\laravel\\framework\\src\\Illuminate\\Database\\Connection.php(783): Illuminate\\Database\\Connection->runQueryCallback('select count(*)...', Array, Object(Closure))
#1 C:\\Users\\eutei\\OneDrive\\Área de Trabalho\\TCC-SAAU\\vendor\\laravel\\framework\\src\\Illuminate\\Database\\Connection.php(414): Illuminate\\Database\\Connection->run('select count(*)...', Array, Object(Closure))
#2 C:\\Users\\eutei\\OneDrive\\Área de Trabalho\\TCC-SAAU\\vendor\\laravel\\framework\\src\\Illuminate\\Database\\Query\\Builder.php(2913): Illuminate\\Database\\Connection->select('select count(*)...', Array, true)
#3 C:\\Users\\eutei\\OneDrive\\Área de Trabalho\\TCC-SAAU\\vendor\\laravel\\framework\\src\\Illuminate\\Database\\Query\\Builder.php(2902): Illuminate\\Database\\Query\\Builder->runSelect()
#4 C:\\Users\\eutei\\OneDrive\\Área de Trabalho\\TCC-SAAU\\vendor\\laravel\\framework\\src\\Illuminate\\Database\\Query\\Builder.php(3456): Illuminate\\Database\\Query\\Builder->Illuminate\\Database\\Query\\{closure}()
#5 C:\\Users\\eutei\\OneDrive\\Área de Trabalho\\TCC-SAAU\\vendor\\laravel\\framework\\src\\Illuminate\\Database\\Query\\Builder.php(2901): Illuminate\\Database\\Query\\Builder->onceWithColumns(Array, Object(Closure))
#6 C:\\Users\\eutei\\OneDrive\\Área de Trabalho\\TCC-SAAU\\vendor\\laravel\\framework\\src\\Illuminate\\Database\\Query\\Builder.php(3383): Illuminate\\Database\\Query\\Builder->get(Array)
#7 C:\\Users\\eutei\\OneDrive\\Área de Trabalho\\TCC-SAAU\\vendor\\laravel\\framework\\src\\Illuminate\\Database\\Query\\Builder.php(3311): Illuminate\\Database\\Query\\Builder->aggregate('count', Array)
#8 C:\\Users\\eutei\\OneDrive\\Área de Trabalho\\TCC-SAAU\\vendor\\laravel\\framework\\src\\Illuminate\\Database\\Eloquent\\Builder.php(1982): Illuminate\\Database\\Query\\Builder->count()
#9 C:\\Users\\eutei\\OneDrive\\Área de Trabalho\\TCC-SAAU\\vendor\\laravel\\framework\\src\\Illuminate\\Support\\Traits\\ForwardsCalls.php(23): Illuminate\\Database\\Eloquent\\Builder->__call('count', Array)
#10 C:\\Users\\eutei\\OneDrive\\Área de Trabalho\\TCC-SAAU\\vendor\\laravel\\framework\\src\\Illuminate\\Database\\Eloquent\\Model.php(2335): Illuminate\\Database\\Eloquent\\Model->forwardCallTo(Object(Illuminate\\Database\\Eloquent\\Builder), 'count', Array)
#11 C:\\Users\\eutei\\OneDrive\\Área de Trabalho\\TCC-SAAU\\vendor\\laravel\\framework\\src\\Illuminate\\Database\\Eloquent\\Model.php(2347): Illuminate\\Database\\Eloquent\\Model->__call('count', Array)
#12 C:\\Users\\eutei\\OneDrive\\Área de Trabalho\\TCC-SAAU\\app\\Http\\Controllers\\PublicController.php(18): Illuminate\\Database\\Eloquent\\Model::__callStatic('count', Array)
#13 C:\\Users\\eutei\\OneDrive\\Área de Trabalho\\TCC-SAAU\\vendor\\laravel\\framework\\src\\Illuminate\\Routing\\Controller.php(54): App\\Http\\Controllers\\PublicController->home()
#14 C:\\Users\\eutei\\OneDrive\\Área de Trabalho\\TCC-SAAU\\vendor\\laravel\\framework\\src\\Illuminate\\Routing\\ControllerDispatcher.php(43): Illuminate\\Routing\\Controller->callAction('home', Array)
#15 C:\\Users\\eutei\\OneDrive\\Área de Trabalho\\TCC-SAAU\\vendor\\laravel\\framework\\src\\Illuminate\\Routing\\Route.php(259): Illuminate\\Routing\\ControllerDispatcher->dispatch(Object(Illuminate\\Routing\\Route), Object(App\\Http\\Controllers\\PublicController), 'home')
#16 C:\\Users\\eutei\\OneDrive\\Área de Trabalho\\TCC-SAAU\\vendor\\laravel\\framework\\src\\Illuminate\\Routing\\Route.php(205): Illuminate\\Routing\\Route->runController()
#17 C:\\Users\\eutei\\OneDrive\\Área de Trabalho\\TCC-SAAU\\vendor\\laravel\\framework\\src\\Illuminate\\Routing\\Router.php(806): Illuminate\\Routing\\Route->run()
#18 C:\\Users\\eutei\\OneDrive\\Área de Trabalho\\TCC-SAAU\\vendor\\laravel\\framework\\src\\Illuminate\\Pipeline\\Pipeline.php(144): Illuminate\\Routing\\Router->Illuminate\\Routing\\{closure}(Object(Illuminate\\Http\\Request))
#19 C:\\Users\\eutei\\OneDrive\\Área de Trabalho\\TCC-SAAU\\vendor\\laravel\\framework\\src\\Illuminate\\Routing\\Middleware\\SubstituteBindings.php(50): Illuminate\\Pipeline\\Pipeline->Illuminate\\Pipeline\\{closure}(Object(Illuminate\\Http\\Request))
#20 C:\\Users\\eutei\\OneDrive\\Área de Trabalho\\TCC-SAAU\\vendor\\laravel\\framework\\src\\Illuminate\\Pipeline\\Pipeline.php(183): Illuminate\\Routing\\Middleware\\SubstituteBindings->handle(Object(Illuminate\\Http\\Request), Object(Closure))
#21 C:\\Users\\eutei\\OneDrive\\Área de Trabalho\\TCC-SAAU\\vendor\\laravel\\framework\\src\\Illuminate\\Foundation\\Http\\Middleware\\VerifyCsrfToken.php(78): Illuminate\\Pipeline\\Pipeline->Illuminate\\Pipeline\\{closure}(Object(Illuminate\\Http\\Request))
#22 C:\\Users\\eutei\\OneDrive\\Área de Trabalho\\TCC-SAAU\\vendor\\laravel\\framework\\src\\Illuminate\\Pipeline\\Pipeline.php(183): Illuminate\\Foundation\\Http\\Middleware\\VerifyCsrfToken->handle(Object(Illuminate\\Http\\Request), Object(Closure))
#23 C:\\Users\\eutei\\OneDrive\\Área de Trabalho\\TCC-SAAU\\vendor\\laravel\\framework\\src\\Illuminate\\View\\Middleware\\ShareErrorsFromSession.php(49): Illuminate\\Pipeline\\Pipeline->Illuminate\\Pipeline\\{closure}(Object(Illuminate\\Http\\Request))
#24 C:\\Users\\eutei\\OneDrive\\Área de Trabalho\\TCC-SAAU\\vendor\\laravel\\framework\\src\\Illuminate\\Pipeline\\Pipeline.php(183): Illuminate\\View\\Middleware\\ShareErrorsFromSession->handle(Object(Illuminate\\Http\\Request), Object(Closure))
#25 C:\\Users\\eutei\\OneDrive\\Área de Trabalho\\TCC-SAAU\\vendor\\laravel\\framework\\src\\Illuminate\\Session\\Middleware\\StartSession.php(121): Illuminate\\Pipeline\\Pipeline->Illuminate\\Pipeline\\{closure}(Object(Illuminate\\Http\\Request))
#26 C:\\Users\\eutei\\OneDrive\\Área de Trabalho\\TCC-SAAU\\vendor\\laravel\\framework\\src\\Illuminate\\Session\\Middleware\\StartSession.php(64): Illuminate\\Session\\Middleware\\StartSession->handleStatefulRequest(Object(Illuminate\\Http\\Request), Object(Illuminate\\Session\\Store), Object(Closure))
#27 C:\\Users\\eutei\\OneDrive\\Área de Trabalho\\TCC-SAAU\\vendor\\laravel\\framework\\src\\Illuminate\\Pipeline\\Pipeline.php(183): Illuminate\\Session\\Middleware\\StartSession->handle(Object(Illuminate\\Http\\Request), Object(Closure))
#28 C:\\Users\\eutei\\OneDrive\\Área de Trabalho\\TCC-SAAU\\vendor\\laravel\\framework\\src\\Illuminate\\Cookie\\Middleware\\AddQueuedCookiesToResponse.php(37): Illuminate\\Pipeline\\Pipeline->Illuminate\\Pipeline\\{closure}(Object(Illuminate\\Http\\Request))
#29 C:\\Users\\eutei\\OneDrive\\Área de Trabalho\\TCC-SAAU\\vendor\\laravel\\framework\\src\\Illuminate\\Pipeline\\Pipeline.php(183): Illuminate\\Cookie\\Middleware\\AddQueuedCookiesToResponse->handle(Object(Illuminate\\Http\\Request), Object(Closure))
#30 C:\\Users\\eutei\\OneDrive\\Área de Trabalho\\TCC-SAAU\\vendor\\laravel\\framework\\src\\Illuminate\\Cookie\\Middleware\\EncryptCookies.php(67): Illuminate\\Pipeline\\Pipeline->Illuminate\\Pipeline\\{closure}(Object(Illuminate\\Http\\Request))
#31 C:\\Users\\eutei\\OneDrive\\Área de Trabalho\\TCC-SAAU\\vendor\\laravel\\framework\\src\\Illuminate\\Pipeline\\Pipeline.php(183): Illuminate\\Cookie\\Middleware\\EncryptCookies->handle(Object(Illuminate\\Http\\Request), Object(Closure))
#32 C:\\Users\\eutei\\OneDrive\\Área de Trabalho\\TCC-SAAU\\vendor\\laravel\\framework\\src\\Illuminate\\Pipeline\\Pipeline.php(119): Illuminate\\Pipeline\\Pipeline->Illuminate\\Pipeline\\{closure}(Object(Illuminate\\Http\\Request))
#33 C:\\Users\\eutei\\OneDrive\\Área de Trabalho\\TCC-SAAU\\vendor\\laravel\\framework\\src\\Illuminate\\Routing\\Router.php(805): Illuminate\\Pipeline\\Pipeline->then(Object(Closure))
#34 C:\\Users\\eutei\\OneDrive\\Área de Trabalho\\TCC-SAAU\\vendor\\laravel\\framework\\src\\Illuminate\\Routing\\Router.php(784): Illuminate\\Routing\\Router->runRouteWithinStack(Object(Illuminate\\Routing\\Route), Object(Illuminate\\Http\\Request))
#35 C:\\Users\\eutei\\OneDrive\\Área de Trabalho\\TCC-SAAU\\vendor\\laravel\\framework\\src\\Illuminate\\Routing\\Router.php(748): Illuminate\\Routing\\Router->runRoute(Object(Illuminate\\Http\\Request), Object(Illuminate\\Routing\\Route))
#36 C:\\Users\\eutei\\OneDrive\\Área de Trabalho\\TCC-SAAU\\vendor\\laravel\\framework\\src\\Illuminate\\Routing\\Router.php(737): Illuminate\\Routing\\Router->dispatchToRoute(Object(Illuminate\\Http\\Request))
#37 C:\\Users\\eutei\\OneDrive\\Área de Trabalho\\TCC-SAAU\\vendor\\laravel\\framework\\src\\Illuminate\\Foundation\\Http\\Kernel.php(200): Illuminate\\Routing\\Router->dispatch(Object(Illuminate\\Http\\Request))
#38 C:\\Users\\eutei\\OneDrive\\Área de Trabalho\\TCC-SAAU\\vendor\\laravel\\framework\\src\\Illuminate\\Pipeline\\Pipeline.php(144): Illuminate\\Foundation\\Http\\Kernel->Illuminate\\Foundation\\Http\\{closure}(Object(Illuminate\\Http\\Request))
#39 C:\\Users\\eutei\\OneDrive\\Área de Trabalho\\TCC-SAAU\\vendor\\laravel\\framework\\src\\Illuminate\\Foundation\\Http\\Middleware\\TransformsRequest.php(21): Illuminate\\Pipeline\\Pipeline->Illuminate\\Pipeline\\{closure}(Object(Illuminate\\Http\\Request))
#40 C:\\Users\\eutei\\OneDrive\\Área de Trabalho\\TCC-SAAU\\vendor\\laravel\\framework\\src\\Illuminate\\Foundation\\Http\\Middleware\\ConvertEmptyStringsToNull.php(31): Illuminate\\Foundation\\Http\\Middleware\\TransformsRequest->handle(Object(Illuminate\\Http\\Request), Object(Closure))
#41 C:\\Users\\eutei\\OneDrive\\Área de Trabalho\\TCC-SAAU\\vendor\\laravel\\framework\\src\\Illuminate\\Pipeline\\Pipeline.php(183): Illuminate\\Foundation\\Http\\Middleware\\ConvertEmptyStringsToNull->handle(Object(Illuminate\\Http\\Request), Object(Closure))
#42 C:\\Users\\eutei\\OneDrive\\Área de Trabalho\\TCC-SAAU\\vendor\\laravel\\framework\\src\\Illuminate\\Foundation\\Http\\Middleware\\TransformsRequest.php(21): Illuminate\\Pipeline\\Pipeline->Illuminate\\Pipeline\\{closure}(Object(Illuminate\\Http\\Request))
#43 C:\\Users\\eutei\\OneDrive\\Área de Trabalho\\TCC-SAAU\\vendor\\laravel\\framework\\src\\Illuminate\\Foundation\\Http\\Middleware\\TrimStrings.php(40): Illuminate\\Foundation\\Http\\Middleware\\TransformsRequest->handle(Object(Illuminate\\Http\\Request), Object(Closure))
#44 C:\\Users\\eutei\\OneDrive\\Área de Trabalho\\TCC-SAAU\\vendor\\laravel\\framework\\src\\Illuminate\\Pipeline\\Pipeline.php(183): Illuminate\\Foundation\\Http\\Middleware\\TrimStrings->handle(Object(Illuminate\\Http\\Request), Object(Closure))
#45 C:\\Users\\eutei\\OneDrive\\Área de Trabalho\\TCC-SAAU\\vendor\\laravel\\framework\\src\\Illuminate\\Foundation\\Http\\Middleware\\ValidatePostSize.php(27): Illuminate\\Pipeline\\Pipeline->Illuminate\\Pipeline\\{closure}(Object(Illuminate\\Http\\Request))
#46 C:\\Users\\eutei\\OneDrive\\Área de Trabalho\\TCC-SAAU\\vendor\\laravel\\framework\\src\\Illuminate\\Pipeline\\Pipeline.php(183): Illuminate\\Foundation\\Http\\Middleware\\ValidatePostSize->handle(Object(Illuminate\\Http\\Request), Object(Closure))
#47 C:\\Users\\eutei\\OneDrive\\Área de Trabalho\\TCC-SAAU\\vendor\\laravel\\framework\\src\\Illuminate\\Foundation\\Http\\Middleware\\PreventRequestsDuringMaintenance.php(99): Illuminate\\Pipeline\\Pipeline->Illuminate\\Pipeline\\{closure}(Object(Illuminate\\Http\\Request))
#48 C:\\Users\\eutei\\OneDrive\\Área de Trabalho\\TCC-SAAU\\vendor\\laravel\\framework\\src\\Illuminate\\Pipeline\\Pipeline.php(183): Illuminate\\Foundation\\Http\\Middleware\\PreventRequestsDuringMaintenance->handle(Object(Illuminate\\Http\\Request), Object(Closure))
#49 C:\\Users\\eutei\\OneDrive\\Área de Trabalho\\TCC-SAAU\\vendor\\laravel\\framework\\src\\Illuminate\\Http\\Middleware\\HandleCors.php(49): Illuminate\\Pipeline\\Pipeline->Illuminate\\Pipeline\\{closure}(Object(Illuminate\\Http\\Request))
#50 C:\\Users\\eutei\\OneDrive\\Área de Trabalho\\TCC-SAAU\\vendor\\laravel\\framework\\src\\Illuminate\\Pipeline\\Pipeline.php(183): Illuminate\\Http\\Middleware\\HandleCors->handle(Object(Illuminate\\Http\\Request), Object(Closure))
#51 C:\\Users\\eutei\\OneDrive\\Área de Trabalho\\TCC-SAAU\\vendor\\laravel\\framework\\src\\Illuminate\\Http\\Middleware\\TrustProxies.php(39): Illuminate\\Pipeline\\Pipeline->Illuminate\\Pipeline\\{closure}(Object(Illuminate\\Http\\Request))
#52 C:\\Users\\eutei\\OneDrive\\Área de Trabalho\\TCC-SAAU\\vendor\\laravel\\framework\\src\\Illuminate\\Pipeline\\Pipeline.php(183): Illuminate\\Http\\Middleware\\TrustProxies->handle(Object(Illuminate\\Http\\Request), Object(Closure))
#53 C:\\Users\\eutei\\OneDrive\\Área de Trabalho\\TCC-SAAU\\vendor\\laravel\\framework\\src\\Illuminate\\Pipeline\\Pipeline.php(119): Illuminate\\Pipeline\\Pipeline->Illuminate\\Pipeline\\{closure}(Object(Illuminate\\Http\\Request))
#54 C:\\Users\\eutei\\OneDrive\\Área de Trabalho\\TCC-SAAU\\vendor\\laravel\\framework\\src\\Illuminate\\Foundation\\Http\\Kernel.php(175): Illuminate\\Pipeline\\Pipeline->then(Object(Closure))
#55 C:\\Users\\eutei\\OneDrive\\Área de Trabalho\\TCC-SAAU\\vendor\\laravel\\framework\\src\\Illuminate\\Foundation\\Http\\Kernel.php(144): Illuminate\\Foundation\\Http\\Kernel->sendRequestThroughRouter(Object(Illuminate\\Http\\Request))
#56 C:\\Users\\eutei\\OneDrive\\Área de Trabalho\\TCC-SAAU\\public\\index.php(51): Illuminate\\Foundation\\Http\\Kernel->handle(Object(Illuminate\\Http\\Request))
#57 C:\\Users\\eutei\\OneDrive\\Área de Trabalho\\TCC-SAAU\\vendor\\laravel\\framework\\src\\Illuminate\\Foundation\\resources\\server.php(16): require_once('C:\\\\Users\\\\eutei\\\\...')
#58 {main}

[previous exception] [object] (PDOException(code: 1049): SQLSTATE[HY000] [1049] Unknown database 'laravel' at C:\\Users\\eutei\\OneDrive\\Área de Trabalho\\TCC-SAAU\\vendor\\laravel\\framework\\src\\Illuminate\\Database\\Connectors\\Connector.php:65)
[stacktrace]
#0 C:\\Users\\eutei\\OneDrive\\Área de Trabalho\\TCC-SAAU\\vendor\\laravel\\framework\\src\\Illuminate\\Database\\Connectors\\Connector.php(65): PDO->__construct('mysql:host=127....', 'root', Object(SensitiveParameterValue), Array)
#1 C:\\Users\\eutei\\OneDrive\\Área de Trabalho\\TCC-SAAU\\vendor\\laravel\\framework\\src\\Illuminate\\Database\\Connectors\\Connector.php(44): Illuminate\\Database\\Connectors\\Connector->createPdoConnection('mysql:host=127....', 'root', '', Array)
#2 C:\\Users\\eutei\\OneDrive\\Área de Trabalho\\TCC-SAAU\\vendor\\laravel\\framework\\src\\Illuminate\\Database\\Connectors\\MySqlConnector.php(24): Illuminate\\Database\\Connectors\\Connector->createConnection('mysql:host=127....', Array, Array)
#3 C:\\Users\\eutei\\OneDrive\\Área de Trabalho\\TCC-SAAU\\vendor\\laravel\\framework\\src\\Illuminate\\Database\\Connectors\\ConnectionFactory.php(184): Illuminate\\Database\\Connectors\\MySqlConnector->connect(Array)
#4 [internal function]: Illuminate\\Database\\Connectors\\ConnectionFactory->Illuminate\\Database\\Connectors\\{closure}()
#5 C:\\Users\\eutei\\OneDrive\\Área de Trabalho\\TCC-SAAU\\vendor\\laravel\\framework\\src\\Illuminate\\Database\\Connection.php(1339): call_user_func(Object(Closure))
#6 C:\\Users\\eutei\\OneDrive\\Área de Trabalho\\TCC-SAAU\\vendor\\laravel\\framework\\src\\Illuminate\\Database\\Connection.php(1375): Illuminate\\Database\\Connection->getPdo()
#7 C:\\Users\\eutei\\OneDrive\\Área de Trabalho\\TCC-SAAU\\vendor\\laravel\\framework\\src\\Illuminate\\Database\\Connection.php(528): Illuminate\\Database\\Connection->getReadPdo()
#8 C:\\Users\\eutei\\OneDrive\\Área de Trabalho\\TCC-SAAU\\vendor\\laravel\\framework\\src\\Illuminate\\Database\\Connection.php(423): Illuminate\\Database\\Connection->getPdoForSelect(true)
#9 C:\\Users\\eutei\\OneDrive\\Área de Trabalho\\TCC-SAAU\\vendor\\laravel\\framework\\src\\Illuminate\\Database\\Connection.php(816): Illuminate\\Database\\Connection->Illuminate\\Database\\{closure}('select count(*)...', Array)
#10 C:\\Users\\eutei\\OneDrive\\Área de Trabalho\\TCC-SAAU\\vendor\\laravel\\framework\\src\\Illuminate\\Database\\Connection.php(783): Illuminate\\Database\\Connection->runQueryCallback('select count(*)...', Array, Object(Closure))
#11 C:\\Users\\eutei\\OneDrive\\Área de Trabalho\\TCC-SAAU\\vendor\\laravel\\framework\\src\\Illuminate\\Database\\Connection.php(414): Illuminate\\Database\\Connection->run('select count(*)...', Array, Object(Closure))
#12 C:\\Users\\eutei\\OneDrive\\Área de Trabalho\\TCC-SAAU\\vendor\\laravel\\framework\\src\\Illuminate\\Database\\Query\\Builder.php(2913): Illuminate\\Database\\Connection->select('select count(*)...', Array, true)
#13 C:\\Users\\eutei\\OneDrive\\Área de Trabalho\\TCC-SAAU\\vendor\\laravel\\framework\\src\\Illuminate\\Database\\Query\\Builder.php(2902): Illuminate\\Database\\Query\\Builder->runSelect()
#14 C:\\Users\\eutei\\OneDrive\\Área de Trabalho\\TCC-SAAU\\vendor\\laravel\\framework\\src\\Illuminate\\Database\\Query\\Builder.php(3456): Illuminate\\Database\\Query\\Builder->Illuminate\\Database\\Query\\{closure}()
#15 C:\\Users\\eutei\\OneDrive\\Área de Trabalho\\TCC-SAAU\\vendor\\laravel\\framework\\src\\Illuminate\\Database\\Query\\Builder.php(2901): Illuminate\\Database\\Query\\Builder->onceWithColumns(Array, Object(Closure))
#16 C:\\Users\\eutei\\OneDrive\\Área de Trabalho\\TCC-SAAU\\vendor\\laravel\\framework\\src\\Illuminate\\Database\\Query\\Builder.php(3383): Illuminate\\Database\\Query\\Builder->get(Array)
#17 C:\\Users\\eutei\\OneDrive\\Área de Trabalho\\TCC-SAAU\\vendor\\laravel\\framework\\src\\Illuminate\\Database\\Query\\Builder.php(3311): Illuminate\\Database\\Query\\Builder->aggregate('count', Array)
#18 C:\\Users\\eutei\\OneDrive\\Área de Trabalho\\TCC-SAAU\\vendor\\laravel\\framework\\src\\Illuminate\\Database\\Eloquent\\Builder.php(1982): Illuminate\\Database\\Query\\Builder->count()
#19 C:\\Users\\eutei\\OneDrive\\Área de Trabalho\\TCC-SAAU\\vendor\\laravel\\framework\\src\\Illuminate\\Support\\Traits\\ForwardsCalls.php(23): Illuminate\\Database\\Eloquent\\Builder->__call('count', Array)
#20 C:\\Users\\eutei\\OneDrive\\Área de Trabalho\\TCC-SAAU\\vendor\\laravel\\framework\\src\\Illuminate\\Database\\Eloquent\\Model.php(2335): Illuminate\\Database\\Eloquent\\Model->forwardCallTo(Object(Illuminate\\Database\\Eloquent\\Builder), 'count', Array)
#21 C:\\Users\\eutei\\OneDrive\\Área de Trabalho\\TCC-SAAU\\vendor\\laravel\\framework\\src\\Illuminate\\Database\\Eloquent\\Model.php(2347): Illuminate\\Database\\Eloquent\\Model->__call('count', Array)
#22 C:\\Users\\eutei\\OneDrive\\Área de Trabalho\\TCC-SAAU\\app\\Http\\Controllers\\PublicController.php(18): Illuminate\\Database\\Eloquent\\Model::__callStatic('count', Array)
#23 C:\\Users\\eutei\\OneDrive\\Área de Trabalho\\TCC-SAAU\\vendor\\laravel\\framework\\src\\Illuminate\\Routing\\Controller.php(54): App\\Http\\Controllers\\PublicController->home()
#24 C:\\Users\\eutei\\OneDrive\\Área de Trabalho\\TCC-SAAU\\vendor\\laravel\\framework\\src\\Illuminate\\Routing\\ControllerDispatcher.php(43): Illuminate\\Routing\\Controller->callAction('home', Array)
#25 C:\\Users\\eutei\\OneDrive\\Área de Trabalho\\TCC-SAAU\\vendor\\laravel\\framework\\src\\Illuminate\\Routing\\Route.php(259): Illuminate\\Routing\\ControllerDispatcher->dispatch(Object(Illuminate\\Routing\\Route), Object(App\\Http\\Controllers\\PublicController), 'home')
#26 C:\\Users\\eutei\\OneDrive\\Área de Trabalho\\TCC-SAAU\\vendor\\laravel\\framework\\src\\Illuminate\\Routing\\Route.php(205): Illuminate\\Routing\\Route->runController()
#27 C:\\Users\\eutei\\OneDrive\\Área de Trabalho\\TCC-SAAU\\vendor\\laravel\\framework\\src\\Illuminate\\Routing\\Router.php(806): Illuminate\\Routing\\Route->run()
#28 C:\\Users\\eutei\\OneDrive\\Área de Trabalho\\TCC-SAAU\\vendor\\laravel\\framework\\src\\Illuminate\\Pipeline\\Pipeline.php(144): Illuminate\\Routing\\Router->Illuminate\\Routing\\{closure}(Object(Illuminate\\Http\\Request))
#29 C:\\Users\\eutei\\OneDrive\\Área de Trabalho\\TCC-SAAU\\vendor\\laravel\\framework\\src\\Illuminate\\Routing\\Middleware\\SubstituteBindings.php(50): Illuminate\\Pipeline\\Pipeline->Illuminate\\Pipeline\\{closure}(Object(Illuminate\\Http\\Request))
#30 C:\\Users\\eutei\\OneDrive\\Área de Trabalho\\TCC-SAAU\\vendor\\laravel\\framework\\src\\Illuminate\\Pipeline\\Pipeline.php(183): Illuminate\\Routing\\Middleware\\SubstituteBindings->handle(Object(Illuminate\\Http\\Request), Object(Closure))
#31 C:\\Users\\eutei\\OneDrive\\Área de Trabalho\\TCC-SAAU\\vendor\\laravel\\framework\\src\\Illuminate\\Foundation\\Http\\Middleware\\VerifyCsrfToken.php(78): Illuminate\\Pipeline\\Pipeline->Illuminate\\Pipeline\\{closure}(Object(Illuminate\\Http\\Request))
#32 C:\\Users\\eutei\\OneDrive\\Área de Trabalho\\TCC-SAAU\\vendor\\laravel\\framework\\src\\Illuminate\\Pipeline\\Pipeline.php(183): Illuminate\\Foundation\\Http\\Middleware\\VerifyCsrfToken->handle(Object(Illuminate\\Http\\Request), Object(Closure))
#33 C:\\Users\\eutei\\OneDrive\\Área de Trabalho\\TCC-SAAU\\vendor\\laravel\\framework\\src\\Illuminate\\View\\Middleware\\ShareErrorsFromSession.php(49): Illuminate\\Pipeline\\Pipeline->Illuminate\\Pipeline\\{closure}(Object(Illuminate\\Http\\Request))
#34 C:\\Users\\eutei\\OneDrive\\Área de Trabalho\\TCC-SAAU\\vendor\\laravel\\framework\\src\\Illuminate\\Pipeline\\Pipeline.php(183): Illuminate\\View\\Middleware\\ShareErrorsFromSession->handle(Object(Illuminate\\Http\\Request), Object(Closure))
#35 C:\\Users\\eutei\\OneDrive\\Área de Trabalho\\TCC-SAAU\\vendor\\laravel\\framework\\src\\Illuminate\\Session\\Middleware\\StartSession.php(121): Illuminate\\Pipeline\\Pipeline->Illuminate\\Pipeline\\{closure}(Object(Illuminate\\Http\\Request))
#36 C:\\Users\\eutei\\OneDrive\\Área de Trabalho\\TCC-SAAU\\vendor\\laravel\\framework\\src\\Illuminate\\Session\\Middleware\\StartSession.php(64): Illuminate\\Session\\Middleware\\StartSession->handleStatefulRequest(Object(Illuminate\\Http\\Request), Object(Illuminate\\Session\\Store), Object(Closure))
#37 C:\\Users\\eutei\\OneDrive\\Área de Trabalho\\TCC-SAAU\\vendor\\laravel\\framework\\src\\Illuminate\\Pipeline\\Pipeline.php(183): Illuminate\\Session\\Middleware\\StartSession->handle(Object(Illuminate\\Http\\Request), Object(Closure))
#38 C:\\Users\\eutei\\OneDrive\\Área de Trabalho\\TCC-SAAU\\vendor\\laravel\\framework\\src\\Illuminate\\Cookie\\Middleware\\AddQueuedCookiesToResponse.php(37): Illuminate\\Pipeline\\Pipeline->Illuminate\\Pipeline\\{closure}(Object(Illuminate\\Http\\Request))
#39 C:\\Users\\eutei\\OneDrive\\Área de Trabalho\\TCC-SAAU\\vendor\\laravel\\framework\\src\\Illuminate\\Pipeline\\Pipeline.php(183): Illuminate\\Cookie\\Middleware\\AddQueuedCookiesToResponse->handle(Object(Illuminate\\Http\\Request), Object(Closure))
#40 C:\\Users\\eutei\\OneDrive\\Área de Trabalho\\TCC-SAAU\\vendor\\laravel\\framework\\src\\Illuminate\\Cookie\\Middleware\\EncryptCookies.php(67): Illuminate\\Pipeline\\Pipeline->Illuminate\\Pipeline\\{closure}(Object(Illuminate\\Http\\Request))
#41 C:\\Users\\eutei\\OneDrive\\Área de Trabalho\\TCC-SAAU\\vendor\\laravel\\framework\\src\\Illuminate\\Pipeline\\Pipeline.php(183): Illuminate\\Cookie\\Middleware\\EncryptCookies->handle(Object(Illuminate\\Http\\Request), Object(Closure))
#42 C:\\Users\\eutei\\OneDrive\\Área de Trabalho\\TCC-SAAU\\vendor\\laravel\\framework\\src\\Illuminate\\Pipeline\\Pipeline.php(119): Illuminate\\Pipeline\\Pipeline->Illuminate\\Pipeline\\{closure}(Object(Illuminate\\Http\\Request))
#43 C:\\Users\\eutei\\OneDrive\\Área de Trabalho\\TCC-SAAU\\vendor\\laravel\\framework\\src\\Illuminate\\Routing\\Router.php(805): Illuminate\\Pipeline\\Pipeline->then(Object(Closure))
#44 C:\\Users\\eutei\\OneDrive\\Área de Trabalho\\TCC-SAAU\\vendor\\laravel\\framework\\src\\Illuminate\\Routing\\Router.php(784): Illuminate\\Routing\\Router->runRouteWithinStack(Object(Illuminate\\Routing\\Route), Object(Illuminate\\Http\\Request))
#45 C:\\Users\\eutei\\OneDrive\\Área de Trabalho\\TCC-SAAU\\vendor\\laravel\\framework\\src\\Illuminate\\Routing\\Router.php(748): Illuminate\\Routing\\Router->runRoute(Object(Illuminate\\Http\\Request), Object(Illuminate\\Routing\\Route))
#46 C:\\Users\\eutei\\OneDrive\\Área de Trabalho\\TCC-SAAU\\vendor\\laravel\\framework\\src\\Illuminate\\Routing\\Router.php(737): Illuminate\\Routing\\Router->dispatchToRoute(Object(Illuminate\\Http\\Request))
#47 C:\\Users\\eutei\\OneDrive\\Área de Trabalho\\TCC-SAAU\\vendor\\laravel\\framework\\src\\Illuminate\\Foundation\\Http\\Kernel.php(200): Illuminate\\Routing\\Router->dispatch(Object(Illuminate\\Http\\Request))
#48 C:\\Users\\eutei\\OneDrive\\Área de Trabalho\\TCC-SAAU\\vendor\\laravel\\framework\\src\\Illuminate\\Pipeline\\Pipeline.php(144): Illuminate\\Foundation\\Http\\Kernel->Illuminate\\Foundation\\Http\\{closure}(Object(Illuminate\\Http\\Request))
#49 C:\\Users\\eutei\\OneDrive\\Área de Trabalho\\TCC-SAAU\\vendor\\laravel\\framework\\src\\Illuminate\\Foundation\\Http\\Middleware\\TransformsRequest.php(21): Illuminate\\Pipeline\\Pipeline->Illuminate\\Pipeline\\{closure}(Object(Illuminate\\Http\\Request))
#50 C:\\Users\\eutei\\OneDrive\\Área de Trabalho\\TCC-SAAU\\vendor\\laravel\\framework\\src\\Illuminate\\Foundation\\Http\\Middleware\\ConvertEmptyStringsToNull.php(31): Illuminate\\Foundation\\Http\\Middleware\\TransformsRequest->handle(Object(Illuminate\\Http\\Request), Object(Closure))
#51 C:\\Users\\eutei\\OneDrive\\Área de Trabalho\\TCC-SAAU\\vendor\\laravel\\framework\\src\\Illuminate\\Pipeline\\Pipeline.php(183): Illuminate\\Foundation\\Http\\Middleware\\ConvertEmptyStringsToNull->handle(Object(Illuminate\\Http\\Request), Object(Closure))
#52 C:\\Users\\eutei\\OneDrive\\Área de Trabalho\\TCC-SAAU\\vendor\\laravel\\framework\\src\\Illuminate\\Foundation\\Http\\Middleware\\TransformsRequest.php(21): Illuminate\\Pipeline\\Pipeline->Illuminate\\Pipeline\\{closure}(Object(Illuminate\\Http\\Request))
#53 C:\\Users\\eutei\\OneDrive\\Área de Trabalho\\TCC-SAAU\\vendor\\laravel\\framework\\src\\Illuminate\\Foundation\\Http\\Middleware\\TrimStrings.php(40): Illuminate\\Foundation\\Http\\Middleware\\TransformsRequest->handle(Object(Illuminate\\Http\\Request), Object(Closure))
#54 C:\\Users\\eutei\\OneDrive\\Área de Trabalho\\TCC-SAAU\\vendor\\laravel\\framework\\src\\Illuminate\\Pipeline\\Pipeline.php(183): Illuminate\\Foundation\\Http\\Middleware\\TrimStrings->handle(Object(Illuminate\\Http\\Request), Object(Closure))
#55 C:\\Users\\eutei\\OneDrive\\Área de Trabalho\\TCC-SAAU\\vendor\\laravel\\framework\\src\\Illuminate\\Foundation\\Http\\Middleware\\ValidatePostSize.php(27): Illuminate\\Pipeline\\Pipeline->Illuminate\\Pipeline\\{closure}(Object(Illuminate\\Http\\Request))
#56 C:\\Users\\eutei\\OneDrive\\Área de Trabalho\\TCC-SAAU\\vendor\\laravel\\framework\\src\\Illuminate\\Pipeline\\Pipeline.php(183): Illuminate\\Foundation\\Http\\Middleware\\ValidatePostSize->handle(Object(Illuminate\\Http\\Request), Object(Closure))
#57 C:\\Users\\eutei\\OneDrive\\Área de Trabalho\\TCC-SAAU\\vendor\\laravel\\framework\\src\\Illuminate\\Foundation\\Http\\Middleware\\PreventRequestsDuringMaintenance.php(99): Illuminate\\Pipeline\\Pipeline->Illuminate\\Pipeline\\{closure}(Object(Illuminate\\Http\\Request))
#58 C:\\Users\\eutei\\OneDrive\\Área de Trabalho\\TCC-SAAU\\vendor\\laravel\\framework\\src\\Illuminate\\Pipeline\\Pipeline.php(183): Illuminate\\Foundation\\Http\\Middleware\\PreventRequestsDuringMaintenance->handle(Object(Illuminate\\Http\\Request), Object(Closure))
#59 C:\\Users\\eutei\\OneDrive\\Área de Trabalho\\TCC-SAAU\\vendor\\laravel\\framework\\src\\Illuminate\\Http\\Middleware\\HandleCors.php(49): Illuminate\\Pipeline\\Pipeline->Illuminate\\Pipeline\\{closure}(Object(Illuminate\\Http\\Request))
#60 C:\\Users\\eutei\\OneDrive\\Área de Trabalho\\TCC-SAAU\\vendor\\laravel\\framework\\src\\Illuminate\\Pipeline\\Pipeline.php(183): Illuminate\\Http\\Middleware\\HandleCors->handle(Object(Illuminate\\Http\\Request), Object(Closure))
#61 C:\\Users\\eutei\\OneDrive\\Área de Trabalho\\TCC-SAAU\\vendor\\laravel\\framework\\src\\Illuminate\\Http\\Middleware\\TrustProxies.php(39): Illuminate\\Pipeline\\Pipeline->Illuminate\\Pipeline\\{closure}(Object(Illuminate\\Http\\Request))
#62 C:\\Users\\eutei\\OneDrive\\Área de Trabalho\\TCC-SAAU\\vendor\\laravel\\framework\\src\\Illuminate\\Pipeline\\Pipeline.php(183): Illuminate\\Http\\Middleware\\TrustProxies->handle(Object(Illuminate\\Http\\Request), Object(Closure))
#63 C:\\Users\\eutei\\OneDrive\\Área de Trabalho\\TCC-SAAU\\vendor\\laravel\\framework\\src\\Illuminate\\Pipeline\\Pipeline.php(119): Illuminate\\Pipeline\\Pipeline->Illuminate\\Pipeline\\{closure}(Object(Illuminate\\Http\\Request))
#64 C:\\Users\\eutei\\OneDrive\\Área de Trabalho\\TCC-SAAU\\vendor\\laravel\\framework\\src\\Illuminate\\Foundation\\Http\\Kernel.php(175): Illuminate\\Pipeline\\Pipeline->then(Object(Closure))
#65 C:\\Users\\eutei\\OneDrive\\Área de Trabalho\\TCC-SAAU\\vendor\\laravel\\framework\\src\\Illuminate\\Foundation\\Http\\Kernel.php(144): Illuminate\\Foundation\\Http\\Kernel->sendRequestThroughRouter(Object(Illuminate\\Http\\Request))
#66 C:\\Users\\eutei\\OneDrive\\Área de Trabalho\\TCC-SAAU\\public\\index.php(51): Illuminate\\Foundation\\Http\\Kernel->handle(Object(Illuminate\\Http\\Request))
#67 C:\\Users\\eutei\\OneDrive\\Área de Trabalho\\TCC-SAAU\\vendor\\laravel\\framework\\src\\Illuminate\\Foundation\\resources\\server.php(16): require_once('C:\\\\Users\\\\eutei\\\\...')
#68 {main}
"} 
[2025-11-22 21:28:45] local.ERROR: SQLSTATE[HY000] [1049] Unknown database 'laravel' (Connection: mysql, SQL: select count(*) as aggregate from `animals`) {"exception":"[object] (Illuminate\\Database\\QueryException(code: 1049): SQLSTATE[HY000] [1049] Unknown database 'laravel' (Connection: mysql, SQL: select count(*) as aggregate from `animals`) at C:\\Users\\eutei\\OneDrive\\Área de Trabalho\\TCC-SAAU\\vendor\\laravel\\framework\\src\\Illuminate\\Database\\Connection.php:829)
[stacktrace]
#0 C:\\Users\\eutei\\OneDrive\\Área de Trabalho\\TCC-SAAU\\vendor\\laravel\\framework\\src\\Illuminate\\Database\\Connection.php(783): Illuminate\\Database\\Connection->runQueryCallback('select count(*)...', Array, Object(Closure))
#1 C:\\Users\\eutei\\OneDrive\\Área de Trabalho\\TCC-SAAU\\vendor\\laravel\\framework\\src\\Illuminate\\Database\\Connection.php(414): Illuminate\\Database\\Connection->run('select count(*)...', Array, Object(Closure))
#2 C:\\Users\\eutei\\OneDrive\\Área de Trabalho\\TCC-SAAU\\vendor\\laravel\\framework\\src\\Illuminate\\Database\\Query\\Builder.php(2913): Illuminate\\Database\\Connection->select('select count(*)...', Array, true)
#3 C:\\Users\\eutei\\OneDrive\\Área de Trabalho\\TCC-SAAU\\vendor\\laravel\\framework\\src\\Illuminate\\Database\\Query\\Builder.php(2902): Illuminate\\Database\\Query\\Builder->runSelect()
#4 C:\\Users\\eutei\\OneDrive\\Área de Trabalho\\TCC-SAAU\\vendor\\laravel\\framework\\src\\Illuminate\\Database\\Query\\Builder.php(3456): Illuminate\\Database\\Query\\Builder->Illuminate\\Database\\Query\\{closure}()
#5 C:\\Users\\eutei\\OneDrive\\Área de Trabalho\\TCC-SAAU\\vendor\\laravel\\framework\\src\\Illuminate\\Database\\Query\\Builder.php(2901): Illuminate\\Database\\Query\\Builder->onceWithColumns(Array, Object(Closure))
#6 C:\\Users\\eutei\\OneDrive\\Área de Trabalho\\TCC-SAAU\\vendor\\laravel\\framework\\src\\Illuminate\\Database\\Query\\Builder.php(3383): Illuminate\\Database\\Query\\Builder->get(Array)
#7 C:\\Users\\eutei\\OneDrive\\Área de Trabalho\\TCC-SAAU\\vendor\\laravel\\framework\\src\\Illuminate\\Database\\Query\\Builder.php(3311): Illuminate\\Database\\Query\\Builder->aggregate('count', Array)
#8 C:\\Users\\eutei\\OneDrive\\Área de Trabalho\\TCC-SAAU\\vendor\\laravel\\framework\\src\\Illuminate\\Database\\Eloquent\\Builder.php(1982): Illuminate\\Database\\Query\\Builder->count()
#9 C:\\Users\\eutei\\OneDrive\\Área de Trabalho\\TCC-SAAU\\vendor\\laravel\\framework\\src\\Illuminate\\Support\\Traits\\ForwardsCalls.php(23): Illuminate\\Database\\Eloquent\\Builder->__call('count', Array)
#10 C:\\Users\\eutei\\OneDrive\\Área de Trabalho\\TCC-SAAU\\vendor\\laravel\\framework\\src\\Illuminate\\Database\\Eloquent\\Model.php(2335): Illuminate\\Database\\Eloquent\\Model->forwardCallTo(Object(Illuminate\\Database\\Eloquent\\Builder), 'count', Array)
#11 C:\\Users\\eutei\\OneDrive\\Área de Trabalho\\TCC-SAAU\\vendor\\laravel\\framework\\src\\Illuminate\\Database\\Eloquent\\Model.php(2347): Illuminate\\Database\\Eloquent\\Model->__call('count', Array)
#12 C:\\Users\\eutei\\OneDrive\\Área de Trabalho\\TCC-SAAU\\app\\Http\\Controllers\\PublicController.php(18): Illuminate\\Database\\Eloquent\\Model::__callStatic('count', Array)
#13 C:\\Users\\eutei\\OneDrive\\Área de Trabalho\\TCC-SAAU\\vendor\\laravel\\framework\\src\\Illuminate\\Routing\\Controller.php(54): App\\Http\\Controllers\\PublicController->home()
#14 C:\\Users\\eutei\\OneDrive\\Área de Trabalho\\TCC-SAAU\\vendor\\laravel\\framework\\src\\Illuminate\\Routing\\ControllerDispatcher.php(43): Illuminate\\Routing\\Controller->callAction('home', Array)
#15 C:\\Users\\eutei\\OneDrive\\Área de Trabalho\\TCC-SAAU\\vendor\\laravel\\framework\\src\\Illuminate\\Routing\\Route.php(259): Illuminate\\Routing\\ControllerDispatcher->dispatch(Object(Illuminate\\Routing\\Route), Object(App\\Http\\Controllers\\PublicController), 'home')
#16 C:\\Users\\eutei\\OneDrive\\Área de Trabalho\\TCC-SAAU\\vendor\\laravel\\framework\\src\\Illuminate\\Routing\\Route.php(205): Illuminate\\Routing\\Route->runController()
#17 C:\\Users\\eutei\\OneDrive\\Área de Trabalho\\TCC-SAAU\\vendor\\laravel\\framework\\src\\Illuminate\\Routing\\Router.php(806): Illuminate\\Routing\\Route->run()
#18 C:\\Users\\eutei\\OneDrive\\Área de Trabalho\\TCC-SAAU\\vendor\\laravel\\framework\\src\\Illuminate\\Pipeline\\Pipeline.php(144): Illuminate\\Routing\\Router->Illuminate\\Routing\\{closure}(Object(Illuminate\\Http\\Request))
#19 C:\\Users\\eutei\\OneDrive\\Área de Trabalho\\TCC-SAAU\\vendor\\laravel\\framework\\src\\Illuminate\\Routing\\Middleware\\SubstituteBindings.php(50): Illuminate\\Pipeline\\Pipeline->Illuminate\\Pipeline\\{closure}(Object(Illuminate\\Http\\Request))
#20 C:\\Users\\eutei\\OneDrive\\Área de Trabalho\\TCC-SAAU\\vendor\\laravel\\framework\\src\\Illuminate\\Pipeline\\Pipeline.php(183): Illuminate\\Routing\\Middleware\\SubstituteBindings->handle(Object(Illuminate\\Http\\Request), Object(Closure))
#21 C:\\Users\\eutei\\OneDrive\\Área de Trabalho\\TCC-SAAU\\vendor\\laravel\\framework\\src\\Illuminate\\Foundation\\Http\\Middleware\\VerifyCsrfToken.php(78): Illuminate\\Pipeline\\Pipeline->Illuminate\\Pipeline\\{closure}(Object(Illuminate\\Http\\Request))
#22 C:\\Users\\eutei\\OneDrive\\Área de Trabalho\\TCC-SAAU\\vendor\\laravel\\framework\\src\\Illuminate\\Pipeline\\Pipeline.php(183): Illuminate\\Foundation\\Http\\Middleware\\VerifyCsrfToken->handle(Object(Illuminate\\Http\\Request), Object(Closure))
#23 C:\\Users\\eutei\\OneDrive\\Área de Trabalho\\TCC-SAAU\\vendor\\laravel\\framework\\src\\Illuminate\\View\\Middleware\\ShareErrorsFromSession.php(49): Illuminate\\Pipeline\\Pipeline->Illuminate\\Pipeline\\{closure}(Object(Illuminate\\Http\\Request))
#24 C:\\Users\\eutei\\OneDrive\\Área de Trabalho\\TCC-SAAU\\vendor\\laravel\\framework\\src\\Illuminate\\Pipeline\\Pipeline.php(183): Illuminate\\View\\Middleware\\ShareErrorsFromSession->handle(Object(Illuminate\\Http\\Request), Object(Closure))
#25 C:\\Users\\eutei\\OneDrive\\Área de Trabalho\\TCC-SAAU\\vendor\\laravel\\framework\\src\\Illuminate\\Session\\Middleware\\StartSession.php(121): Illuminate\\Pipeline\\Pipeline->Illuminate\\Pipeline\\{closure}(Object(Illuminate\\Http\\Request))
#26 C:\\Users\\eutei\\OneDrive\\Área de Trabalho\\TCC-SAAU\\vendor\\laravel\\framework\\src\\Illuminate\\Session\\Middleware\\StartSession.php(64): Illuminate\\Session\\Middleware\\StartSession->handleStatefulRequest(Object(Illuminate\\Http\\Request), Object(Illuminate\\Session\\Store), Object(Closure))
#27 C:\\Users\\eutei\\OneDrive\\Área de Trabalho\\TCC-SAAU\\vendor\\laravel\\framework\\src\\Illuminate\\Pipeline\\Pipeline.php(183): Illuminate\\Session\\Middleware\\StartSession->handle(Object(Illuminate\\Http\\Request), Object(Closure))
#28 C:\\Users\\eutei\\OneDrive\\Área de Trabalho\\TCC-SAAU\\vendor\\laravel\\framework\\src\\Illuminate\\Cookie\\Middleware\\AddQueuedCookiesToResponse.php(37): Illuminate\\Pipeline\\Pipeline->Illuminate\\Pipeline\\{closure}(Object(Illuminate\\Http\\Request))
#29 C:\\Users\\eutei\\OneDrive\\Área de Trabalho\\TCC-SAAU\\vendor\\laravel\\framework\\src\\Illuminate\\Pipeline\\Pipeline.php(183): Illuminate\\Cookie\\Middleware\\AddQueuedCookiesToResponse->handle(Object(Illuminate\\Http\\Request), Object(Closure))
#30 C:\\Users\\eutei\\OneDrive\\Área de Trabalho\\TCC-SAAU\\vendor\\laravel\\framework\\src\\Illuminate\\Cookie\\Middleware\\EncryptCookies.php(67): Illuminate\\Pipeline\\Pipeline->Illuminate\\Pipeline\\{closure}(Object(Illuminate\\Http\\Request))
#31 C:\\Users\\eutei\\OneDrive\\Área de Trabalho\\TCC-SAAU\\vendor\\laravel\\framework\\src\\Illuminate\\Pipeline\\Pipeline.php(183): Illuminate\\Cookie\\Middleware\\EncryptCookies->handle(Object(Illuminate\\Http\\Request), Object(Closure))
#32 C:\\Users\\eutei\\OneDrive\\Área de Trabalho\\TCC-SAAU\\vendor\\laravel\\framework\\src\\Illuminate\\Pipeline\\Pipeline.php(119): Illuminate\\Pipeline\\Pipeline->Illuminate\\Pipeline\\{closure}(Object(Illuminate\\Http\\Request))
#33 C:\\Users\\eutei\\OneDrive\\Área de Trabalho\\TCC-SAAU\\vendor\\laravel\\framework\\src\\Illuminate\\Routing\\Router.php(805): Illuminate\\Pipeline\\Pipeline->then(Object(Closure))
#34 C:\\Users\\eutei\\OneDrive\\Área de Trabalho\\TCC-SAAU\\vendor\\laravel\\framework\\src\\Illuminate\\Routing\\Router.php(784): Illuminate\\Routing\\Router->runRouteWithinStack(Object(Illuminate\\Routing\\Route), Object(Illuminate\\Http\\Request))
#35 C:\\Users\\eutei\\OneDrive\\Área de Trabalho\\TCC-SAAU\\vendor\\laravel\\framework\\src\\Illuminate\\Routing\\Router.php(748): Illuminate\\Routing\\Router->runRoute(Object(Illuminate\\Http\\Request), Object(Illuminate\\Routing\\Route))
#36 C:\\Users\\eutei\\OneDrive\\Área de Trabalho\\TCC-SAAU\\vendor\\laravel\\framework\\src\\Illuminate\\Routing\\Router.php(737): Illuminate\\Routing\\Router->dispatchToRoute(Object(Illuminate\\Http\\Request))
#37 C:\\Users\\eutei\\OneDrive\\Área de Trabalho\\TCC-SAAU\\vendor\\laravel\\framework\\src\\Illuminate\\Foundation\\Http\\Kernel.php(200): Illuminate\\Routing\\Router->dispatch(Object(Illuminate\\Http\\Request))
#38 C:\\Users\\eutei\\OneDrive\\Área de Trabalho\\TCC-SAAU\\vendor\\laravel\\framework\\src\\Illuminate\\Pipeline\\Pipeline.php(144): Illuminate\\Foundation\\Http\\Kernel->Illuminate\\Foundation\\Http\\{closure}(Object(Illuminate\\Http\\Request))
#39 C:\\Users\\eutei\\OneDrive\\Área de Trabalho\\TCC-SAAU\\vendor\\laravel\\framework\\src\\Illuminate\\Foundation\\Http\\Middleware\\TransformsRequest.php(21): Illuminate\\Pipeline\\Pipeline->Illuminate\\Pipeline\\{closure}(Object(Illuminate\\Http\\Request))
#40 C:\\Users\\eutei\\OneDrive\\Área de Trabalho\\TCC-SAAU\\vendor\\laravel\\framework\\src\\Illuminate\\Foundation\\Http\\Middleware\\ConvertEmptyStringsToNull.php(31): Illuminate\\Foundation\\Http\\Middleware\\TransformsRequest->handle(Object(Illuminate\\Http\\Request), Object(Closure))
#41 C:\\Users\\eutei\\OneDrive\\Área de Trabalho\\TCC-SAAU\\vendor\\laravel\\framework\\src\\Illuminate\\Pipeline\\Pipeline.php(183): Illuminate\\Foundation\\Http\\Middleware\\ConvertEmptyStringsToNull->handle(Object(Illuminate\\Http\\Request), Object(Closure))
#42 C:\\Users\\eutei\\OneDrive\\Área de Trabalho\\TCC-SAAU\\vendor\\laravel\\framework\\src\\Illuminate\\Foundation\\Http\\Middleware\\TransformsRequest.php(21): Illuminate\\Pipeline\\Pipeline->Illuminate\\Pipeline\\{closure}(Object(Illuminate\\Http\\Request))
#43 C:\\Users\\eutei\\OneDrive\\Área de Trabalho\\TCC-SAAU\\vendor\\laravel\\framework\\src\\Illuminate\\Foundation\\Http\\Middleware\\TrimStrings.php(40): Illuminate\\Foundation\\Http\\Middleware\\TransformsRequest->handle(Object(Illuminate\\Http\\Request), Object(Closure))
#44 C:\\Users\\eutei\\OneDrive\\Área de Trabalho\\TCC-SAAU\\vendor\\laravel\\framework\\src\\Illuminate\\Pipeline\\Pipeline.php(183): Illuminate\\Foundation\\Http\\Middleware\\TrimStrings->handle(Object(Illuminate\\Http\\Request), Object(Closure))
#45 C:\\Users\\eutei\\OneDrive\\Área de Trabalho\\TCC-SAAU\\vendor\\laravel\\framework\\src\\Illuminate\\Foundation\\Http\\Middleware\\ValidatePostSize.php(27): Illuminate\\Pipeline\\Pipeline->Illuminate\\Pipeline\\{closure}(Object(Illuminate\\Http\\Request))
#46 C:\\Users\\eutei\\OneDrive\\Área de Trabalho\\TCC-SAAU\\vendor\\laravel\\framework\\src\\Illuminate\\Pipeline\\Pipeline.php(183): Illuminate\\Foundation\\Http\\Middleware\\ValidatePostSize->handle(Object(Illuminate\\Http\\Request), Object(Closure))
#47 C:\\Users\\eutei\\OneDrive\\Área de Trabalho\\TCC-SAAU\\vendor\\laravel\\framework\\src\\Illuminate\\Foundation\\Http\\Middleware\\PreventRequestsDuringMaintenance.php(99): Illuminate\\Pipeline\\Pipeline->Illuminate\\Pipeline\\{closure}(Object(Illuminate\\Http\\Request))
#48 C:\\Users\\eutei\\OneDrive\\Área de Trabalho\\TCC-SAAU\\vendor\\laravel\\framework\\src\\Illuminate\\Pipeline\\Pipeline.php(183): Illuminate\\Foundation\\Http\\Middleware\\PreventRequestsDuringMaintenance->handle(Object(Illuminate\\Http\\Request), Object(Closure))
#49 C:\\Users\\eutei\\OneDrive\\Área de Trabalho\\TCC-SAAU\\vendor\\laravel\\framework\\src\\Illuminate\\Http\\Middleware\\HandleCors.php(49): Illuminate\\Pipeline\\Pipeline->Illuminate\\Pipeline\\{closure}(Object(Illuminate\\Http\\Request))
#50 C:\\Users\\eutei\\OneDrive\\Área de Trabalho\\TCC-SAAU\\vendor\\laravel\\framework\\src\\Illuminate\\Pipeline\\Pipeline.php(183): Illuminate\\Http\\Middleware\\HandleCors->handle(Object(Illuminate\\Http\\Request), Object(Closure))
#51 C:\\Users\\eutei\\OneDrive\\Área de Trabalho\\TCC-SAAU\\vendor\\laravel\\framework\\src\\Illuminate\\Http\\Middleware\\TrustProxies.php(39): Illuminate\\Pipeline\\Pipeline->Illuminate\\Pipeline\\{closure}(Object(Illuminate\\Http\\Request))
#52 C:\\Users\\eutei\\OneDrive\\Área de Trabalho\\TCC-SAAU\\vendor\\laravel\\framework\\src\\Illuminate\\Pipeline\\Pipeline.php(183): Illuminate\\Http\\Middleware\\TrustProxies->handle(Object(Illuminate\\Http\\Request), Object(Closure))
#53 C:\\Users\\eutei\\OneDrive\\Área de Trabalho\\TCC-SAAU\\vendor\\laravel\\framework\\src\\Illuminate\\Pipeline\\Pipeline.php(119): Illuminate\\Pipeline\\Pipeline->Illuminate\\Pipeline\\{closure}(Object(Illuminate\\Http\\Request))
#54 C:\\Users\\eutei\\OneDrive\\Área de Trabalho\\TCC-SAAU\\vendor\\laravel\\framework\\src\\Illuminate\\Foundation\\Http\\Kernel.php(175): Illuminate\\Pipeline\\Pipeline->then(Object(Closure))
#55 C:\\Users\\eutei\\OneDrive\\Área de Trabalho\\TCC-SAAU\\vendor\\laravel\\framework\\src\\Illuminate\\Foundation\\Http\\Kernel.php(144): Illuminate\\Foundation\\Http\\Kernel->sendRequestThroughRouter(Object(Illuminate\\Http\\Request))
#56 C:\\Users\\eutei\\OneDrive\\Área de Trabalho\\TCC-SAAU\\public\\index.php(51): Illuminate\\Foundation\\Http\\Kernel->handle(Object(Illuminate\\Http\\Request))
#57 C:\\Users\\eutei\\OneDrive\\Área de Trabalho\\TCC-SAAU\\vendor\\laravel\\framework\\src\\Illuminate\\Foundation\\resources\\server.php(16): require_once('C:\\\\Users\\\\eutei\\\\...')
#58 {main}

[previous exception] [object] (PDOException(code: 1049): SQLSTATE[HY000] [1049] Unknown database 'laravel' at C:\\Users\\eutei\\OneDrive\\Área de Trabalho\\TCC-SAAU\\vendor\\laravel\\framework\\src\\Illuminate\\Database\\Connectors\\Connector.php:65)
[stacktrace]
#0 C:\\Users\\eutei\\OneDrive\\Área de Trabalho\\TCC-SAAU\\vendor\\laravel\\framework\\src\\Illuminate\\Database\\Connectors\\Connector.php(65): PDO->__construct('mysql:host=127....', 'root', Object(SensitiveParameterValue), Array)
#1 C:\\Users\\eutei\\OneDrive\\Área de Trabalho\\TCC-SAAU\\vendor\\laravel\\framework\\src\\Illuminate\\Database\\Connectors\\Connector.php(44): Illuminate\\Database\\Connectors\\Connector->createPdoConnection('mysql:host=127....', 'root', '', Array)
#2 C:\\Users\\eutei\\OneDrive\\Área de Trabalho\\TCC-SAAU\\vendor\\laravel\\framework\\src\\Illuminate\\Database\\Connectors\\MySqlConnector.php(24): Illuminate\\Database\\Connectors\\Connector->createConnection('mysql:host=127....', Array, Array)
#3 C:\\Users\\eutei\\OneDrive\\Área de Trabalho\\TCC-SAAU\\vendor\\laravel\\framework\\src\\Illuminate\\Database\\Connectors\\ConnectionFactory.php(184): Illuminate\\Database\\Connectors\\MySqlConnector->connect(Array)
#4 [internal function]: Illuminate\\Database\\Connectors\\ConnectionFactory->Illuminate\\Database\\Connectors\\{closure}()
#5 C:\\Users\\eutei\\OneDrive\\Área de Trabalho\\TCC-SAAU\\vendor\\laravel\\framework\\src\\Illuminate\\Database\\Connection.php(1339): call_user_func(Object(Closure))
#6 C:\\Users\\eutei\\OneDrive\\Área de Trabalho\\TCC-SAAU\\vendor\\laravel\\framework\\src\\Illuminate\\Database\\Connection.php(1375): Illuminate\\Database\\Connection->getPdo()
#7 C:\\Users\\eutei\\OneDrive\\Área de Trabalho\\TCC-SAAU\\vendor\\laravel\\framework\\src\\Illuminate\\Database\\Connection.php(528): Illuminate\\Database\\Connection->getReadPdo()
#8 C:\\Users\\eutei\\OneDrive\\Área de Trabalho\\TCC-SAAU\\vendor\\laravel\\framework\\src\\Illuminate\\Database\\Connection.php(423): Illuminate\\Database\\Connection->getPdoForSelect(true)
#9 C:\\Users\\eutei\\OneDrive\\Área de Trabalho\\TCC-SAAU\\vendor\\laravel\\framework\\src\\Illuminate\\Database\\Connection.php(816): Illuminate\\Database\\Connection->Illuminate\\Database\\{closure}('select count(*)...', Array)
#10 C:\\Users\\eutei\\OneDrive\\Área de Trabalho\\TCC-SAAU\\vendor\\laravel\\framework\\src\\Illuminate\\Database\\Connection.php(783): Illuminate\\Database\\Connection->runQueryCallback('select count(*)...', Array, Object(Closure))
#11 C:\\Users\\eutei\\OneDrive\\Área de Trabalho\\TCC-SAAU\\vendor\\laravel\\framework\\src\\Illuminate\\Database\\Connection.php(414): Illuminate\\Database\\Connection->run('select count(*)...', Array, Object(Closure))
#12 C:\\Users\\eutei\\OneDrive\\Área de Trabalho\\TCC-SAAU\\vendor\\laravel\\framework\\src\\Illuminate\\Database\\Query\\Builder.php(2913): Illuminate\\Database\\Connection->select('select count(*)...', Array, true)
#13 C:\\Users\\eutei\\OneDrive\\Área de Trabalho\\TCC-SAAU\\vendor\\laravel\\framework\\src\\Illuminate\\Database\\Query\\Builder.php(2902): Illuminate\\Database\\Query\\Builder->runSelect()
#14 C:\\Users\\eutei\\OneDrive\\Área de Trabalho\\TCC-SAAU\\vendor\\laravel\\framework\\src\\Illuminate\\Database\\Query\\Builder.php(3456): Illuminate\\Database\\Query\\Builder->Illuminate\\Database\\Query\\{closure}()
#15 C:\\Users\\eutei\\OneDrive\\Área de Trabalho\\TCC-SAAU\\vendor\\laravel\\framework\\src\\Illuminate\\Database\\Query\\Builder.php(2901): Illuminate\\Database\\Query\\Builder->onceWithColumns(Array, Object(Closure))
#16 C:\\Users\\eutei\\OneDrive\\Área de Trabalho\\TCC-SAAU\\vendor\\laravel\\framework\\src\\Illuminate\\Database\\Query\\Builder.php(3383): Illuminate\\Database\\Query\\Builder->get(Array)
#17 C:\\Users\\eutei\\OneDrive\\Área de Trabalho\\TCC-SAAU\\vendor\\laravel\\framework\\src\\Illuminate\\Database\\Query\\Builder.php(3311): Illuminate\\Database\\Query\\Builder->aggregate('count', Array)
#18 C:\\Users\\eutei\\OneDrive\\Área de Trabalho\\TCC-SAAU\\vendor\\laravel\\framework\\src\\Illuminate\\Database\\Eloquent\\Builder.php(1982): Illuminate\\Database\\Query\\Builder->count()
#19 C:\\Users\\eutei\\OneDrive\\Área de Trabalho\\TCC-SAAU\\vendor\\laravel\\framework\\src\\Illuminate\\Support\\Traits\\ForwardsCalls.php(23): Illuminate\\Database\\Eloquent\\Builder->__call('count', Array)
#20 C:\\Users\\eutei\\OneDrive\\Área de Trabalho\\TCC-SAAU\\vendor\\laravel\\framework\\src\\Illuminate\\Database\\Eloquent\\Model.php(2335): Illuminate\\Database\\Eloquent\\Model->forwardCallTo(Object(Illuminate\\Database\\Eloquent\\Builder), 'count', Array)
#21 C:\\Users\\eutei\\OneDrive\\Área de Trabalho\\TCC-SAAU\\vendor\\laravel\\framework\\src\\Illuminate\\Database\\Eloquent\\Model.php(2347): Illuminate\\Database\\Eloquent\\Model->__call('count', Array)
#22 C:\\Users\\eutei\\OneDrive\\Área de Trabalho\\TCC-SAAU\\app\\Http\\Controllers\\PublicController.php(18): Illuminate\\Database\\Eloquent\\Model::__callStatic('count', Array)
#23 C:\\Users\\eutei\\OneDrive\\Área de Trabalho\\TCC-SAAU\\vendor\\laravel\\framework\\src\\Illuminate\\Routing\\Controller.php(54): App\\Http\\Controllers\\PublicController->home()
#24 C:\\Users\\eutei\\OneDrive\\Área de Trabalho\\TCC-SAAU\\vendor\\laravel\\framework\\src\\Illuminate\\Routing\\ControllerDispatcher.php(43): Illuminate\\Routing\\Controller->callAction('home', Array)
#25 C:\\Users\\eutei\\OneDrive\\Área de Trabalho\\TCC-SAAU\\vendor\\laravel\\framework\\src\\Illuminate\\Routing\\Route.php(259): Illuminate\\Routing\\ControllerDispatcher->dispatch(Object(Illuminate\\Routing\\Route), Object(App\\Http\\Controllers\\PublicController), 'home')
#26 C:\\Users\\eutei\\OneDrive\\Área de Trabalho\\TCC-SAAU\\vendor\\laravel\\framework\\src\\Illuminate\\Routing\\Route.php(205): Illuminate\\Routing\\Route->runController()
#27 C:\\Users\\eutei\\OneDrive\\Área de Trabalho\\TCC-SAAU\\vendor\\laravel\\framework\\src\\Illuminate\\Routing\\Router.php(806): Illuminate\\Routing\\Route->run()
#28 C:\\Users\\eutei\\OneDrive\\Área de Trabalho\\TCC-SAAU\\vendor\\laravel\\framework\\src\\Illuminate\\Pipeline\\Pipeline.php(144): Illuminate\\Routing\\Router->Illuminate\\Routing\\{closure}(Object(Illuminate\\Http\\Request))
#29 C:\\Users\\eutei\\OneDrive\\Área de Trabalho\\TCC-SAAU\\vendor\\laravel\\framework\\src\\Illuminate\\Routing\\Middleware\\SubstituteBindings.php(50): Illuminate\\Pipeline\\Pipeline->Illuminate\\Pipeline\\{closure}(Object(Illuminate\\Http\\Request))
#30 C:\\Users\\eutei\\OneDrive\\Área de Trabalho\\TCC-SAAU\\vendor\\laravel\\framework\\src\\Illuminate\\Pipeline\\Pipeline.php(183): Illuminate\\Routing\\Middleware\\SubstituteBindings->handle(Object(Illuminate\\Http\\Request), Object(Closure))
#31 C:\\Users\\eutei\\OneDrive\\Área de Trabalho\\TCC-SAAU\\vendor\\laravel\\framework\\src\\Illuminate\\Foundation\\Http\\Middleware\\VerifyCsrfToken.php(78): Illuminate\\Pipeline\\Pipeline->Illuminate\\Pipeline\\{closure}(Object(Illuminate\\Http\\Request))
#32 C:\\Users\\eutei\\OneDrive\\Área de Trabalho\\TCC-SAAU\\vendor\\laravel\\framework\\src\\Illuminate\\Pipeline\\Pipeline.php(183): Illuminate\\Foundation\\Http\\Middleware\\VerifyCsrfToken->handle(Object(Illuminate\\Http\\Request), Object(Closure))
#33 C:\\Users\\eutei\\OneDrive\\Área de Trabalho\\TCC-SAAU\\vendor\\laravel\\framework\\src\\Illuminate\\View\\Middleware\\ShareErrorsFromSession.php(49): Illuminate\\Pipeline\\Pipeline->Illuminate\\Pipeline\\{closure}(Object(Illuminate\\Http\\Request))
#34 C:\\Users\\eutei\\OneDrive\\Área de Trabalho\\TCC-SAAU\\vendor\\laravel\\framework\\src\\Illuminate\\Pipeline\\Pipeline.php(183): Illuminate\\View\\Middleware\\ShareErrorsFromSession->handle(Object(Illuminate\\Http\\Request), Object(Closure))
#35 C:\\Users\\eutei\\OneDrive\\Área de Trabalho\\TCC-SAAU\\vendor\\laravel\\framework\\src\\Illuminate\\Session\\Middleware\\StartSession.php(121): Illuminate\\Pipeline\\Pipeline->Illuminate\\Pipeline\\{closure}(Object(Illuminate\\Http\\Request))
#36 C:\\Users\\eutei\\OneDrive\\Área de Trabalho\\TCC-SAAU\\vendor\\laravel\\framework\\src\\Illuminate\\Session\\Middleware\\StartSession.php(64): Illuminate\\Session\\Middleware\\StartSession->handleStatefulRequest(Object(Illuminate\\Http\\Request), Object(Illuminate\\Session\\Store), Object(Closure))
#37 C:\\Users\\eutei\\OneDrive\\Área de Trabalho\\TCC-SAAU\\vendor\\laravel\\framework\\src\\Illuminate\\Pipeline\\Pipeline.php(183): Illuminate\\Session\\Middleware\\StartSession->handle(Object(Illuminate\\Http\\Request), Object(Closure))
#38 C:\\Users\\eutei\\OneDrive\\Área de Trabalho\\TCC-SAAU\\vendor\\laravel\\framework\\src\\Illuminate\\Cookie\\Middleware\\AddQueuedCookiesToResponse.php(37): Illuminate\\Pipeline\\Pipeline->Illuminate\\Pipeline\\{closure}(Object(Illuminate\\Http\\Request))
#39 C:\\Users\\eutei\\OneDrive\\Área de Trabalho\\TCC-SAAU\\vendor\\laravel\\framework\\src\\Illuminate\\Pipeline\\Pipeline.php(183): Illuminate\\Cookie\\Middleware\\AddQueuedCookiesToResponse->handle(Object(Illuminate\\Http\\Request), Object(Closure))
#40 C:\\Users\\eutei\\OneDrive\\Área de Trabalho\\TCC-SAAU\\vendor\\laravel\\framework\\src\\Illuminate\\Cookie\\Middleware\\EncryptCookies.php(67): Illuminate\\Pipeline\\Pipeline->Illuminate\\Pipeline\\{closure}(Object(Illuminate\\Http\\Request))
#41 C:\\Users\\eutei\\OneDrive\\Área de Trabalho\\TCC-SAAU\\vendor\\laravel\\framework\\src\\Illuminate\\Pipeline\\Pipeline.php(183): Illuminate\\Cookie\\Middleware\\EncryptCookies->handle(Object(Illuminate\\Http\\Request), Object(Closure))
#42 C:\\Users\\eutei\\OneDrive\\Área de Trabalho\\TCC-SAAU\\vendor\\laravel\\framework\\src\\Illuminate\\Pipeline\\Pipeline.php(119): Illuminate\\Pipeline\\Pipeline->Illuminate\\Pipeline\\{closure}(Object(Illuminate\\Http\\Request))
#43 C:\\Users\\eutei\\OneDrive\\Área de Trabalho\\TCC-SAAU\\vendor\\laravel\\framework\\src\\Illuminate\\Routing\\Router.php(805): Illuminate\\Pipeline\\Pipeline->then(Object(Closure))
#44 C:\\Users\\eutei\\OneDrive\\Área de Trabalho\\TCC-SAAU\\vendor\\laravel\\framework\\src\\Illuminate\\Routing\\Router.php(784): Illuminate\\Routing\\Router->runRouteWithinStack(Object(Illuminate\\Routing\\Route), Object(Illuminate\\Http\\Request))
#45 C:\\Users\\eutei\\OneDrive\\Área de Trabalho\\TCC-SAAU\\vendor\\laravel\\framework\\src\\Illuminate\\Routing\\Router.php(748): Illuminate\\Routing\\Router->runRoute(Object(Illuminate\\Http\\Request), Object(Illuminate\\Routing\\Route))
#46 C:\\Users\\eutei\\OneDrive\\Área de Trabalho\\TCC-SAAU\\vendor\\laravel\\framework\\src\\Illuminate\\Routing\\Router.php(737): Illuminate\\Routing\\Router->dispatchToRoute(Object(Illuminate\\Http\\Request))
#47 C:\\Users\\eutei\\OneDrive\\Área de Trabalho\\TCC-SAAU\\vendor\\laravel\\framework\\src\\Illuminate\\Foundation\\Http\\Kernel.php(200): Illuminate\\Routing\\Router->dispatch(Object(Illuminate\\Http\\Request))
#48 C:\\Users\\eutei\\OneDrive\\Área de Trabalho\\TCC-SAAU\\vendor\\laravel\\framework\\src\\Illuminate\\Pipeline\\Pipeline.php(144): Illuminate\\Foundation\\Http\\Kernel->Illuminate\\Foundation\\Http\\{closure}(Object(Illuminate\\Http\\Request))
#49 C:\\Users\\eutei\\OneDrive\\Área de Trabalho\\TCC-SAAU\\vendor\\laravel\\framework\\src\\Illuminate\\Foundation\\Http\\Middleware\\TransformsRequest.php(21): Illuminate\\Pipeline\\Pipeline->Illuminate\\Pipeline\\{closure}(Object(Illuminate\\Http\\Request))
#50 C:\\Users\\eutei\\OneDrive\\Área de Trabalho\\TCC-SAAU\\vendor\\laravel\\framework\\src\\Illuminate\\Foundation\\Http\\Middleware\\ConvertEmptyStringsToNull.php(31): Illuminate\\Foundation\\Http\\Middleware\\TransformsRequest->handle(Object(Illuminate\\Http\\Request), Object(Closure))
#51 C:\\Users\\eutei\\OneDrive\\Área de Trabalho\\TCC-SAAU\\vendor\\laravel\\framework\\src\\Illuminate\\Pipeline\\Pipeline.php(183): Illuminate\\Foundation\\Http\\Middleware\\ConvertEmptyStringsToNull->handle(Object(Illuminate\\Http\\Request), Object(Closure))
#52 C:\\Users\\eutei\\OneDrive\\Área de Trabalho\\TCC-SAAU\\vendor\\laravel\\framework\\src\\Illuminate\\Foundation\\Http\\Middleware\\TransformsRequest.php(21): Illuminate\\Pipeline\\Pipeline->Illuminate\\Pipeline\\{closure}(Object(Illuminate\\Http\\Request))
#53 C:\\Users\\eutei\\OneDrive\\Área de Trabalho\\TCC-SAAU\\vendor\\laravel\\framework\\src\\Illuminate\\Foundation\\Http\\Middleware\\TrimStrings.php(40): Illuminate\\Foundation\\Http\\Middleware\\TransformsRequest->handle(Object(Illuminate\\Http\\Request), Object(Closure))
#54 C:\\Users\\eutei\\OneDrive\\Área de Trabalho\\TCC-SAAU\\vendor\\laravel\\framework\\src\\Illuminate\\Pipeline\\Pipeline.php(183): Illuminate\\Foundation\\Http\\Middleware\\TrimStrings->handle(Object(Illuminate\\Http\\Request), Object(Closure))
#55 C:\\Users\\eutei\\OneDrive\\Área de Trabalho\\TCC-SAAU\\vendor\\laravel\\framework\\src\\Illuminate\\Foundation\\Http\\Middleware\\ValidatePostSize.php(27): Illuminate\\Pipeline\\Pipeline->Illuminate\\Pipeline\\{closure}(Object(Illuminate\\Http\\Request))
#56 C:\\Users\\eutei\\OneDrive\\Área de Trabalho\\TCC-SAAU\\vendor\\laravel\\framework\\src\\Illuminate\\Pipeline\\Pipeline.php(183): Illuminate\\Foundation\\Http\\Middleware\\ValidatePostSize->handle(Object(Illuminate\\Http\\Request), Object(Closure))
#57 C:\\Users\\eutei\\OneDrive\\Área de Trabalho\\TCC-SAAU\\vendor\\laravel\\framework\\src\\Illuminate\\Foundation\\Http\\Middleware\\PreventRequestsDuringMaintenance.php(99): Illuminate\\Pipeline\\Pipeline->Illuminate\\Pipeline\\{closure}(Object(Illuminate\\Http\\Request))
#58 C:\\Users\\eutei\\OneDrive\\Área de Trabalho\\TCC-SAAU\\vendor\\laravel\\framework\\src\\Illuminate\\Pipeline\\Pipeline.php(183): Illuminate\\Foundation\\Http\\Middleware\\PreventRequestsDuringMaintenance->handle(Object(Illuminate\\Http\\Request), Object(Closure))
#59 C:\\Users\\eutei\\OneDrive\\Área de Trabalho\\TCC-SAAU\\vendor\\laravel\\framework\\src\\Illuminate\\Http\\Middleware\\HandleCors.php(49): Illuminate\\Pipeline\\Pipeline->Illuminate\\Pipeline\\{closure}(Object(Illuminate\\Http\\Request))
#60 C:\\Users\\eutei\\OneDrive\\Área de Trabalho\\TCC-SAAU\\vendor\\laravel\\framework\\src\\Illuminate\\Pipeline\\Pipeline.php(183): Illuminate\\Http\\Middleware\\HandleCors->handle(Object(Illuminate\\Http\\Request), Object(Closure))
#61 C:\\Users\\eutei\\OneDrive\\Área de Trabalho\\TCC-SAAU\\vendor\\laravel\\framework\\src\\Illuminate\\Http\\Middleware\\TrustProxies.php(39): Illuminate\\Pipeline\\Pipeline->Illuminate\\Pipeline\\{closure}(Object(Illuminate\\Http\\Request))
#62 C:\\Users\\eutei\\OneDrive\\Área de Trabalho\\TCC-SAAU\\vendor\\laravel\\framework\\src\\Illuminate\\Pipeline\\Pipeline.php(183): Illuminate\\Http\\Middleware\\TrustProxies->handle(Object(Illuminate\\Http\\Request), Object(Closure))
#63 C:\\Users\\eutei\\OneDrive\\Área de Trabalho\\TCC-SAAU\\vendor\\laravel\\framework\\src\\Illuminate\\Pipeline\\Pipeline.php(119): Illuminate\\Pipeline\\Pipeline->Illuminate\\Pipeline\\{closure}(Object(Illuminate\\Http\\Request))
#64 C:\\Users\\eutei\\OneDrive\\Área de Trabalho\\TCC-SAAU\\vendor\\laravel\\framework\\src\\Illuminate\\Foundation\\Http\\Kernel.php(175): Illuminate\\Pipeline\\Pipeline->then(Object(Closure))
#65 C:\\Users\\eutei\\OneDrive\\Área de Trabalho\\TCC-SAAU\\vendor\\laravel\\framework\\src\\Illuminate\\Foundation\\Http\\Kernel.php(144): Illuminate\\Foundation\\Http\\Kernel->sendRequestThroughRouter(Object(Illuminate\\Http\\Request))
#66 C:\\Users\\eutei\\OneDrive\\Área de Trabalho\\TCC-SAAU\\public\\index.php(51): Illuminate\\Foundation\\Http\\Kernel->handle(Object(Illuminate\\Http\\Request))
#67 C:\\Users\\eutei\\OneDrive\\Área de Trabalho\\TCC-SAAU\\vendor\\laravel\\framework\\src\\Illuminate\\Foundation\\resources\\server.php(16): require_once('C:\\\\Users\\\\eutei\\\\...')
#68 {main}
"} 
[2025-11-22 21:29:09] local.ERROR: SQLSTATE[HY000] [1049] Unknown database 'laravel' (Connection: mysql, SQL: select count(*) as aggregate from `animals`) {"exception":"[object] (Illuminate\\Database\\QueryException(code: 1049): SQLSTATE[HY000] [1049] Unknown database 'laravel' (Connection: mysql, SQL: select count(*) as aggregate from `animals`) at C:\\Users\\eutei\\OneDrive\\Área de Trabalho\\TCC-SAAU\\vendor\\laravel\\framework\\src\\Illuminate\\Database\\Connection.php:829)
[stacktrace]
#0 C:\\Users\\eutei\\OneDrive\\Área de Trabalho\\TCC-SAAU\\vendor\\laravel\\framework\\src\\Illuminate\\Database\\Connection.php(783): Illuminate\\Database\\Connection->runQueryCallback('select count(*)...', Array, Object(Closure))
#1 C:\\Users\\eutei\\OneDrive\\Área de Trabalho\\TCC-SAAU\\vendor\\laravel\\framework\\src\\Illuminate\\Database\\Connection.php(414): Illuminate\\Database\\Connection->run('select count(*)...', Array, Object(Closure))
#2 C:\\Users\\eutei\\OneDrive\\Área de Trabalho\\TCC-SAAU\\vendor\\laravel\\framework\\src\\Illuminate\\Database\\Query\\Builder.php(2913): Illuminate\\Database\\Connection->select('select count(*)...', Array, true)
#3 C:\\Users\\eutei\\OneDrive\\Área de Trabalho\\TCC-SAAU\\vendor\\laravel\\framework\\src\\Illuminate\\Database\\Query\\Builder.php(2902): Illuminate\\Database\\Query\\Builder->runSelect()
#4 C:\\Users\\eutei\\OneDrive\\Área de Trabalho\\TCC-SAAU\\vendor\\laravel\\framework\\src\\Illuminate\\Database\\Query\\Builder.php(3456): Illuminate\\Database\\Query\\Builder->Illuminate\\Database\\Query\\{closure}()
#5 C:\\Users\\eutei\\OneDrive\\Área de Trabalho\\TCC-SAAU\\vendor\\laravel\\framework\\src\\Illuminate\\Database\\Query\\Builder.php(2901): Illuminate\\Database\\Query\\Builder->onceWithColumns(Array, Object(Closure))
#6 C:\\Users\\eutei\\OneDrive\\Área de Trabalho\\TCC-SAAU\\vendor\\laravel\\framework\\src\\Illuminate\\Database\\Query\\Builder.php(3383): Illuminate\\Database\\Query\\Builder->get(Array)
#7 C:\\Users\\eutei\\OneDrive\\Área de Trabalho\\TCC-SAAU\\vendor\\laravel\\framework\\src\\Illuminate\\Database\\Query\\Builder.php(3311): Illuminate\\Database\\Query\\Builder->aggregate('count', Array)
#8 C:\\Users\\eutei\\OneDrive\\Área de Trabalho\\TCC-SAAU\\vendor\\laravel\\framework\\src\\Illuminate\\Database\\Eloquent\\Builder.php(1982): Illuminate\\Database\\Query\\Builder->count()
#9 C:\\Users\\eutei\\OneDrive\\Área de Trabalho\\TCC-SAAU\\vendor\\laravel\\framework\\src\\Illuminate\\Support\\Traits\\ForwardsCalls.php(23): Illuminate\\Database\\Eloquent\\Builder->__call('count', Array)
#10 C:\\Users\\eutei\\OneDrive\\Área de Trabalho\\TCC-SAAU\\vendor\\laravel\\framework\\src\\Illuminate\\Database\\Eloquent\\Model.php(2335): Illuminate\\Database\\Eloquent\\Model->forwardCallTo(Object(Illuminate\\Database\\Eloquent\\Builder), 'count', Array)
#11 C:\\Users\\eutei\\OneDrive\\Área de Trabalho\\TCC-SAAU\\vendor\\laravel\\framework\\src\\Illuminate\\Database\\Eloquent\\Model.php(2347): Illuminate\\Database\\Eloquent\\Model->__call('count', Array)
#12 C:\\Users\\eutei\\OneDrive\\Área de Trabalho\\TCC-SAAU\\app\\Http\\Controllers\\PublicController.php(18): Illuminate\\Database\\Eloquent\\Model::__callStatic('count', Array)
#13 C:\\Users\\eutei\\OneDrive\\Área de Trabalho\\TCC-SAAU\\vendor\\laravel\\framework\\src\\Illuminate\\Routing\\Controller.php(54): App\\Http\\Controllers\\PublicController->home()
#14 C:\\Users\\eutei\\OneDrive\\Área de Trabalho\\TCC-SAAU\\vendor\\laravel\\framework\\src\\Illuminate\\Routing\\ControllerDispatcher.php(43): Illuminate\\Routing\\Controller->callAction('home', Array)
#15 C:\\Users\\eutei\\OneDrive\\Área de Trabalho\\TCC-SAAU\\vendor\\laravel\\framework\\src\\Illuminate\\Routing\\Route.php(259): Illuminate\\Routing\\ControllerDispatcher->dispatch(Object(Illuminate\\Routing\\Route), Object(App\\Http\\Controllers\\PublicController), 'home')
#16 C:\\Users\\eutei\\OneDrive\\Área de Trabalho\\TCC-SAAU\\vendor\\laravel\\framework\\src\\Illuminate\\Routing\\Route.php(205): Illuminate\\Routing\\Route->runController()
#17 C:\\Users\\eutei\\OneDrive\\Área de Trabalho\\TCC-SAAU\\vendor\\laravel\\framework\\src\\Illuminate\\Routing\\Router.php(806): Illuminate\\Routing\\Route->run()
#18 C:\\Users\\eutei\\OneDrive\\Área de Trabalho\\TCC-SAAU\\vendor\\laravel\\framework\\src\\Illuminate\\Pipeline\\Pipeline.php(144): Illuminate\\Routing\\Router->Illuminate\\Routing\\{closure}(Object(Illuminate\\Http\\Request))
#19 C:\\Users\\eutei\\OneDrive\\Área de Trabalho\\TCC-SAAU\\vendor\\laravel\\framework\\src\\Illuminate\\Routing\\Middleware\\SubstituteBindings.php(50): Illuminate\\Pipeline\\Pipeline->Illuminate\\Pipeline\\{closure}(Object(Illuminate\\Http\\Request))
#20 C:\\Users\\eutei\\OneDrive\\Área de Trabalho\\TCC-SAAU\\vendor\\laravel\\framework\\src\\Illuminate\\Pipeline\\Pipeline.php(183): Illuminate\\Routing\\Middleware\\SubstituteBindings->handle(Object(Illuminate\\Http\\Request), Object(Closure))
#21 C:\\Users\\eutei\\OneDrive\\Área de Trabalho\\TCC-SAAU\\vendor\\laravel\\framework\\src\\Illuminate\\Foundation\\Http\\Middleware\\VerifyCsrfToken.php(78): Illuminate\\Pipeline\\Pipeline->Illuminate\\Pipeline\\{closure}(Object(Illuminate\\Http\\Request))
#22 C:\\Users\\eutei\\OneDrive\\Área de Trabalho\\TCC-SAAU\\vendor\\laravel\\framework\\src\\Illuminate\\Pipeline\\Pipeline.php(183): Illuminate\\Foundation\\Http\\Middleware\\VerifyCsrfToken->handle(Object(Illuminate\\Http\\Request), Object(Closure))
#23 C:\\Users\\eutei\\OneDrive\\Área de Trabalho\\TCC-SAAU\\vendor\\laravel\\framework\\src\\Illuminate\\View\\Middleware\\ShareErrorsFromSession.php(49): Illuminate\\Pipeline\\Pipeline->Illuminate\\Pipeline\\{closure}(Object(Illuminate\\Http\\Request))
#24 C:\\Users\\eutei\\OneDrive\\Área de Trabalho\\TCC-SAAU\\vendor\\laravel\\framework\\src\\Illuminate\\Pipeline\\Pipeline.php(183): Illuminate\\View\\Middleware\\ShareErrorsFromSession->handle(Object(Illuminate\\Http\\Request), Object(Closure))
#25 C:\\Users\\eutei\\OneDrive\\Área de Trabalho\\TCC-SAAU\\vendor\\laravel\\framework\\src\\Illuminate\\Session\\Middleware\\StartSession.php(121): Illuminate\\Pipeline\\Pipeline->Illuminate\\Pipeline\\{closure}(Object(Illuminate\\Http\\Request))
#26 C:\\Users\\eutei\\OneDrive\\Área de Trabalho\\TCC-SAAU\\vendor\\laravel\\framework\\src\\Illuminate\\Session\\Middleware\\StartSession.php(64): Illuminate\\Session\\Middleware\\StartSession->handleStatefulRequest(Object(Illuminate\\Http\\Request), Object(Illuminate\\Session\\Store), Object(Closure))
#27 C:\\Users\\eutei\\OneDrive\\Área de Trabalho\\TCC-SAAU\\vendor\\laravel\\framework\\src\\Illuminate\\Pipeline\\Pipeline.php(183): Illuminate\\Session\\Middleware\\StartSession->handle(Object(Illuminate\\Http\\Request), Object(Closure))
#28 C:\\Users\\eutei\\OneDrive\\Área de Trabalho\\TCC-SAAU\\vendor\\laravel\\framework\\src\\Illuminate\\Cookie\\Middleware\\AddQueuedCookiesToResponse.php(37): Illuminate\\Pipeline\\Pipeline->Illuminate\\Pipeline\\{closure}(Object(Illuminate\\Http\\Request))
#29 C:\\Users\\eutei\\OneDrive\\Área de Trabalho\\TCC-SAAU\\vendor\\laravel\\framework\\src\\Illuminate\\Pipeline\\Pipeline.php(183): Illuminate\\Cookie\\Middleware\\AddQueuedCookiesToResponse->handle(Object(Illuminate\\Http\\Request), Object(Closure))
#30 C:\\Users\\eutei\\OneDrive\\Área de Trabalho\\TCC-SAAU\\vendor\\laravel\\framework\\src\\Illuminate\\Cookie\\Middleware\\EncryptCookies.php(67): Illuminate\\Pipeline\\Pipeline->Illuminate\\Pipeline\\{closure}(Object(Illuminate\\Http\\Request))
#31 C:\\Users\\eutei\\OneDrive\\Área de Trabalho\\TCC-SAAU\\vendor\\laravel\\framework\\src\\Illuminate\\Pipeline\\Pipeline.php(183): Illuminate\\Cookie\\Middleware\\EncryptCookies->handle(Object(Illuminate\\Http\\Request), Object(Closure))
#32 C:\\Users\\eutei\\OneDrive\\Área de Trabalho\\TCC-SAAU\\vendor\\laravel\\framework\\src\\Illuminate\\Pipeline\\Pipeline.php(119): Illuminate\\Pipeline\\Pipeline->Illuminate\\Pipeline\\{closure}(Object(Illuminate\\Http\\Request))
#33 C:\\Users\\eutei\\OneDrive\\Área de Trabalho\\TCC-SAAU\\vendor\\laravel\\framework\\src\\Illuminate\\Routing\\Router.php(805): Illuminate\\Pipeline\\Pipeline->then(Object(Closure))
#34 C:\\Users\\eutei\\OneDrive\\Área de Trabalho\\TCC-SAAU\\vendor\\laravel\\framework\\src\\Illuminate\\Routing\\Router.php(784): Illuminate\\Routing\\Router->runRouteWithinStack(Object(Illuminate\\Routing\\Route), Object(Illuminate\\Http\\Request))
#35 C:\\Users\\eutei\\OneDrive\\Área de Trabalho\\TCC-SAAU\\vendor\\laravel\\framework\\src\\Illuminate\\Routing\\Router.php(748): Illuminate\\Routing\\Router->runRoute(Object(Illuminate\\Http\\Request), Object(Illuminate\\Routing\\Route))
#36 C:\\Users\\eutei\\OneDrive\\Área de Trabalho\\TCC-SAAU\\vendor\\laravel\\framework\\src\\Illuminate\\Routing\\Router.php(737): Illuminate\\Routing\\Router->dispatchToRoute(Object(Illuminate\\Http\\Request))
#37 C:\\Users\\eutei\\OneDrive\\Área de Trabalho\\TCC-SAAU\\vendor\\laravel\\framework\\src\\Illuminate\\Foundation\\Http\\Kernel.php(200): Illuminate\\Routing\\Router->dispatch(Object(Illuminate\\Http\\Request))
#38 C:\\Users\\eutei\\OneDrive\\Área de Trabalho\\TCC-SAAU\\vendor\\laravel\\framework\\src\\Illuminate\\Pipeline\\Pipeline.php(144): Illuminate\\Foundation\\Http\\Kernel->Illuminate\\Foundation\\Http\\{closure}(Object(Illuminate\\Http\\Request))
#39 C:\\Users\\eutei\\OneDrive\\Área de Trabalho\\TCC-SAAU\\vendor\\laravel\\framework\\src\\Illuminate\\Foundation\\Http\\Middleware\\TransformsRequest.php(21): Illuminate\\Pipeline\\Pipeline->Illuminate\\Pipeline\\{closure}(Object(Illuminate\\Http\\Request))
#40 C:\\Users\\eutei\\OneDrive\\Área de Trabalho\\TCC-SAAU\\vendor\\laravel\\framework\\src\\Illuminate\\Foundation\\Http\\Middleware\\ConvertEmptyStringsToNull.php(31): Illuminate\\Foundation\\Http\\Middleware\\TransformsRequest->handle(Object(Illuminate\\Http\\Request), Object(Closure))
#41 C:\\Users\\eutei\\OneDrive\\Área de Trabalho\\TCC-SAAU\\vendor\\laravel\\framework\\src\\Illuminate\\Pipeline\\Pipeline.php(183): Illuminate\\Foundation\\Http\\Middleware\\ConvertEmptyStringsToNull->handle(Object(Illuminate\\Http\\Request), Object(Closure))
#42 C:\\Users\\eutei\\OneDrive\\Área de Trabalho\\TCC-SAAU\\vendor\\laravel\\framework\\src\\Illuminate\\Foundation\\Http\\Middleware\\TransformsRequest.php(21): Illuminate\\Pipeline\\Pipeline->Illuminate\\Pipeline\\{closure}(Object(Illuminate\\Http\\Request))
#43 C:\\Users\\eutei\\OneDrive\\Área de Trabalho\\TCC-SAAU\\vendor\\laravel\\framework\\src\\Illuminate\\Foundation\\Http\\Middleware\\TrimStrings.php(40): Illuminate\\Foundation\\Http\\Middleware\\TransformsRequest->handle(Object(Illuminate\\Http\\Request), Object(Closure))
#44 C:\\Users\\eutei\\OneDrive\\Área de Trabalho\\TCC-SAAU\\vendor\\laravel\\framework\\src\\Illuminate\\Pipeline\\Pipeline.php(183): Illuminate\\Foundation\\Http\\Middleware\\TrimStrings->handle(Object(Illuminate\\Http\\Request), Object(Closure))
#45 C:\\Users\\eutei\\OneDrive\\Área de Trabalho\\TCC-SAAU\\vendor\\laravel\\framework\\src\\Illuminate\\Foundation\\Http\\Middleware\\ValidatePostSize.php(27): Illuminate\\Pipeline\\Pipeline->Illuminate\\Pipeline\\{closure}(Object(Illuminate\\Http\\Request))
#46 C:\\Users\\eutei\\OneDrive\\Área de Trabalho\\TCC-SAAU\\vendor\\laravel\\framework\\src\\Illuminate\\Pipeline\\Pipeline.php(183): Illuminate\\Foundation\\Http\\Middleware\\ValidatePostSize->handle(Object(Illuminate\\Http\\Request), Object(Closure))
#47 C:\\Users\\eutei\\OneDrive\\Área de Trabalho\\TCC-SAAU\\vendor\\laravel\\framework\\src\\Illuminate\\Foundation\\Http\\Middleware\\PreventRequestsDuringMaintenance.php(99): Illuminate\\Pipeline\\Pipeline->Illuminate\\Pipeline\\{closure}(Object(Illuminate\\Http\\Request))
#48 C:\\Users\\eutei\\OneDrive\\Área de Trabalho\\TCC-SAAU\\vendor\\laravel\\framework\\src\\Illuminate\\Pipeline\\Pipeline.php(183): Illuminate\\Foundation\\Http\\Middleware\\PreventRequestsDuringMaintenance->handle(Object(Illuminate\\Http\\Request), Object(Closure))
#49 C:\\Users\\eutei\\OneDrive\\Área de Trabalho\\TCC-SAAU\\vendor\\laravel\\framework\\src\\Illuminate\\Http\\Middleware\\HandleCors.php(49): Illuminate\\Pipeline\\Pipeline->Illuminate\\Pipeline\\{closure}(Object(Illuminate\\Http\\Request))
#50 C:\\Users\\eutei\\OneDrive\\Área de Trabalho\\TCC-SAAU\\vendor\\laravel\\framework\\src\\Illuminate\\Pipeline\\Pipeline.php(183): Illuminate\\Http\\Middleware\\HandleCors->handle(Object(Illuminate\\Http\\Request), Object(Closure))
#51 C:\\Users\\eutei\\OneDrive\\Área de Trabalho\\TCC-SAAU\\vendor\\laravel\\framework\\src\\Illuminate\\Http\\Middleware\\TrustProxies.php(39): Illuminate\\Pipeline\\Pipeline->Illuminate\\Pipeline\\{closure}(Object(Illuminate\\Http\\Request))
#52 C:\\Users\\eutei\\OneDrive\\Área de Trabalho\\TCC-SAAU\\vendor\\laravel\\framework\\src\\Illuminate\\Pipeline\\Pipeline.php(183): Illuminate\\Http\\Middleware\\TrustProxies->handle(Object(Illuminate\\Http\\Request), Object(Closure))
#53 C:\\Users\\eutei\\OneDrive\\Área de Trabalho\\TCC-SAAU\\vendor\\laravel\\framework\\src\\Illuminate\\Pipeline\\Pipeline.php(119): Illuminate\\Pipeline\\Pipeline->Illuminate\\Pipeline\\{closure}(Object(Illuminate\\Http\\Request))
#54 C:\\Users\\eutei\\OneDrive\\Área de Trabalho\\TCC-SAAU\\vendor\\laravel\\framework\\src\\Illuminate\\Foundation\\Http\\Kernel.php(175): Illuminate\\Pipeline\\Pipeline->then(Object(Closure))
#55 C:\\Users\\eutei\\OneDrive\\Área de Trabalho\\TCC-SAAU\\vendor\\laravel\\framework\\src\\Illuminate\\Foundation\\Http\\Kernel.php(144): Illuminate\\Foundation\\Http\\Kernel->sendRequestThroughRouter(Object(Illuminate\\Http\\Request))
#56 C:\\Users\\eutei\\OneDrive\\Área de Trabalho\\TCC-SAAU\\public\\index.php(51): Illuminate\\Foundation\\Http\\Kernel->handle(Object(Illuminate\\Http\\Request))
#57 C:\\Users\\eutei\\OneDrive\\Área de Trabalho\\TCC-SAAU\\vendor\\laravel\\framework\\src\\Illuminate\\Foundation\\resources\\server.php(16): require_once('C:\\\\Users\\\\eutei\\\\...')
#58 {main}

[previous exception] [object] (PDOException(code: 1049): SQLSTATE[HY000] [1049] Unknown database 'laravel' at C:\\Users\\eutei\\OneDrive\\Área de Trabalho\\TCC-SAAU\\vendor\\laravel\\framework\\src\\Illuminate\\Database\\Connectors\\Connector.php:65)
[stacktrace]
#0 C:\\Users\\eutei\\OneDrive\\Área de Trabalho\\TCC-SAAU\\vendor\\laravel\\framework\\src\\Illuminate\\Database\\Connectors\\Connector.php(65): PDO->__construct('mysql:host=127....', 'root', Object(SensitiveParameterValue), Array)
#1 C:\\Users\\eutei\\OneDrive\\Área de Trabalho\\TCC-SAAU\\vendor\\laravel\\framework\\src\\Illuminate\\Database\\Connectors\\Connector.php(44): Illuminate\\Database\\Connectors\\Connector->createPdoConnection('mysql:host=127....', 'root', '', Array)
#2 C:\\Users\\eutei\\OneDrive\\Área de Trabalho\\TCC-SAAU\\vendor\\laravel\\framework\\src\\Illuminate\\Database\\Connectors\\MySqlConnector.php(24): Illuminate\\Database\\Connectors\\Connector->createConnection('mysql:host=127....', Array, Array)
#3 C:\\Users\\eutei\\OneDrive\\Área de Trabalho\\TCC-SAAU\\vendor\\laravel\\framework\\src\\Illuminate\\Database\\Connectors\\ConnectionFactory.php(184): Illuminate\\Database\\Connectors\\MySqlConnector->connect(Array)
#4 [internal function]: Illuminate\\Database\\Connectors\\ConnectionFactory->Illuminate\\Database\\Connectors\\{closure}()
#5 C:\\Users\\eutei\\OneDrive\\Área de Trabalho\\TCC-SAAU\\vendor\\laravel\\framework\\src\\Illuminate\\Database\\Connection.php(1339): call_user_func(Object(Closure))
#6 C:\\Users\\eutei\\OneDrive\\Área de Trabalho\\TCC-SAAU\\vendor\\laravel\\framework\\src\\Illuminate\\Database\\Connection.php(1375): Illuminate\\Database\\Connection->getPdo()
#7 C:\\Users\\eutei\\OneDrive\\Área de Trabalho\\TCC-SAAU\\vendor\\laravel\\framework\\src\\Illuminate\\Database\\Connection.php(528): Illuminate\\Database\\Connection->getReadPdo()
#8 C:\\Users\\eutei\\OneDrive\\Área de Trabalho\\TCC-SAAU\\vendor\\laravel\\framework\\src\\Illuminate\\Database\\Connection.php(423): Illuminate\\Database\\Connection->getPdoForSelect(true)
#9 C:\\Users\\eutei\\OneDrive\\Área de Trabalho\\TCC-SAAU\\vendor\\laravel\\framework\\src\\Illuminate\\Database\\Connection.php(816): Illuminate\\Database\\Connection->Illuminate\\Database\\{closure}('select count(*)...', Array)
#10 C:\\Users\\eutei\\OneDrive\\Área de Trabalho\\TCC-SAAU\\vendor\\laravel\\framework\\src\\Illuminate\\Database\\Connection.php(783): Illuminate\\Database\\Connection->runQueryCallback('select count(*)...', Array, Object(Closure))
#11 C:\\Users\\eutei\\OneDrive\\Área de Trabalho\\TCC-SAAU\\vendor\\laravel\\framework\\src\\Illuminate\\Database\\Connection.php(414): Illuminate\\Database\\Connection->run('select count(*)...', Array, Object(Closure))
#12 C:\\Users\\eutei\\OneDrive\\Área de Trabalho\\TCC-SAAU\\vendor\\laravel\\framework\\src\\Illuminate\\Database\\Query\\Builder.php(2913): Illuminate\\Database\\Connection->select('select count(*)...', Array, true)
#13 C:\\Users\\eutei\\OneDrive\\Área de Trabalho\\TCC-SAAU\\vendor\\laravel\\framework\\src\\Illuminate\\Database\\Query\\Builder.php(2902): Illuminate\\Database\\Query\\Builder->runSelect()
#14 C:\\Users\\eutei\\OneDrive\\Área de Trabalho\\TCC-SAAU\\vendor\\laravel\\framework\\src\\Illuminate\\Database\\Query\\Builder.php(3456): Illuminate\\Database\\Query\\Builder->Illuminate\\Database\\Query\\{closure}()
#15 C:\\Users\\eutei\\OneDrive\\Área de Trabalho\\TCC-SAAU\\vendor\\laravel\\framework\\src\\Illuminate\\Database\\Query\\Builder.php(2901): Illuminate\\Database\\Query\\Builder->onceWithColumns(Array, Object(Closure))
#16 C:\\Users\\eutei\\OneDrive\\Área de Trabalho\\TCC-SAAU\\vendor\\laravel\\framework\\src\\Illuminate\\Database\\Query\\Builder.php(3383): Illuminate\\Database\\Query\\Builder->get(Array)
#17 C:\\Users\\eutei\\OneDrive\\Área de Trabalho\\TCC-SAAU\\vendor\\laravel\\framework\\src\\Illuminate\\Database\\Query\\Builder.php(3311): Illuminate\\Database\\Query\\Builder->aggregate('count', Array)
#18 C:\\Users\\eutei\\OneDrive\\Área de Trabalho\\TCC-SAAU\\vendor\\laravel\\framework\\src\\Illuminate\\Database\\Eloquent\\Builder.php(1982): Illuminate\\Database\\Query\\Builder->count()
#19 C:\\Users\\eutei\\OneDrive\\Área de Trabalho\\TCC-SAAU\\vendor\\laravel\\framework\\src\\Illuminate\\Support\\Traits\\ForwardsCalls.php(23): Illuminate\\Database\\Eloquent\\Builder->__call('count', Array)
#20 C:\\Users\\eutei\\OneDrive\\Área de Trabalho\\TCC-SAAU\\vendor\\laravel\\framework\\src\\Illuminate\\Database\\Eloquent\\Model.php(2335): Illuminate\\Database\\Eloquent\\Model->forwardCallTo(Object(Illuminate\\Database\\Eloquent\\Builder), 'count', Array)
#21 C:\\Users\\eutei\\OneDrive\\Área de Trabalho\\TCC-SAAU\\vendor\\laravel\\framework\\src\\Illuminate\\Database\\Eloquent\\Model.php(2347): Illuminate\\Database\\Eloquent\\Model->__call('count', Array)
#22 C:\\Users\\eutei\\OneDrive\\Área de Trabalho\\TCC-SAAU\\app\\Http\\Controllers\\PublicController.php(18): Illuminate\\Database\\Eloquent\\Model::__callStatic('count', Array)
#23 C:\\Users\\eutei\\OneDrive\\Área de Trabalho\\TCC-SAAU\\vendor\\laravel\\framework\\src\\Illuminate\\Routing\\Controller.php(54): App\\Http\\Controllers\\PublicController->home()
#24 C:\\Users\\eutei\\OneDrive\\Área de Trabalho\\TCC-SAAU\\vendor\\laravel\\framework\\src\\Illuminate\\Routing\\ControllerDispatcher.php(43): Illuminate\\Routing\\Controller->callAction('home', Array)
#25 C:\\Users\\eutei\\OneDrive\\Área de Trabalho\\TCC-SAAU\\vendor\\laravel\\framework\\src\\Illuminate\\Routing\\Route.php(259): Illuminate\\Routing\\ControllerDispatcher->dispatch(Object(Illuminate\\Routing\\Route), Object(App\\Http\\Controllers\\PublicController), 'home')
#26 C:\\Users\\eutei\\OneDrive\\Área de Trabalho\\TCC-SAAU\\vendor\\laravel\\framework\\src\\Illuminate\\Routing\\Route.php(205): Illuminate\\Routing\\Route->runController()
#27 C:\\Users\\eutei\\OneDrive\\Área de Trabalho\\TCC-SAAU\\vendor\\laravel\\framework\\src\\Illuminate\\Routing\\Router.php(806): Illuminate\\Routing\\Route->run()
#28 C:\\Users\\eutei\\OneDrive\\Área de Trabalho\\TCC-SAAU\\vendor\\laravel\\framework\\src\\Illuminate\\Pipeline\\Pipeline.php(144): Illuminate\\Routing\\Router->Illuminate\\Routing\\{closure}(Object(Illuminate\\Http\\Request))
#29 C:\\Users\\eutei\\OneDrive\\Área de Trabalho\\TCC-SAAU\\vendor\\laravel\\framework\\src\\Illuminate\\Routing\\Middleware\\SubstituteBindings.php(50): Illuminate\\Pipeline\\Pipeline->Illuminate\\Pipeline\\{closure}(Object(Illuminate\\Http\\Request))
#30 C:\\Users\\eutei\\OneDrive\\Área de Trabalho\\TCC-SAAU\\vendor\\laravel\\framework\\src\\Illuminate\\Pipeline\\Pipeline.php(183): Illuminate\\Routing\\Middleware\\SubstituteBindings->handle(Object(Illuminate\\Http\\Request), Object(Closure))
#31 C:\\Users\\eutei\\OneDrive\\Área de Trabalho\\TCC-SAAU\\vendor\\laravel\\framework\\src\\Illuminate\\Foundation\\Http\\Middleware\\VerifyCsrfToken.php(78): Illuminate\\Pipeline\\Pipeline->Illuminate\\Pipeline\\{closure}(Object(Illuminate\\Http\\Request))
#32 C:\\Users\\eutei\\OneDrive\\Área de Trabalho\\TCC-SAAU\\vendor\\laravel\\framework\\src\\Illuminate\\Pipeline\\Pipeline.php(183): Illuminate\\Foundation\\Http\\Middleware\\VerifyCsrfToken->handle(Object(Illuminate\\Http\\Request), Object(Closure))
#33 C:\\Users\\eutei\\OneDrive\\Área de Trabalho\\TCC-SAAU\\vendor\\laravel\\framework\\src\\Illuminate\\View\\Middleware\\ShareErrorsFromSession.php(49): Illuminate\\Pipeline\\Pipeline->Illuminate\\Pipeline\\{closure}(Object(Illuminate\\Http\\Request))
#34 C:\\Users\\eutei\\OneDrive\\Área de Trabalho\\TCC-SAAU\\vendor\\laravel\\framework\\src\\Illuminate\\Pipeline\\Pipeline.php(183): Illuminate\\View\\Middleware\\ShareErrorsFromSession->handle(Object(Illuminate\\Http\\Request), Object(Closure))
#35 C:\\Users\\eutei\\OneDrive\\Área de Trabalho\\TCC-SAAU\\vendor\\laravel\\framework\\src\\Illuminate\\Session\\Middleware\\StartSession.php(121): Illuminate\\Pipeline\\Pipeline->Illuminate\\Pipeline\\{closure}(Object(Illuminate\\Http\\Request))
#36 C:\\Users\\eutei\\OneDrive\\Área de Trabalho\\TCC-SAAU\\vendor\\laravel\\framework\\src\\Illuminate\\Session\\Middleware\\StartSession.php(64): Illuminate\\Session\\Middleware\\StartSession->handleStatefulRequest(Object(Illuminate\\Http\\Request), Object(Illuminate\\Session\\Store), Object(Closure))
#37 C:\\Users\\eutei\\OneDrive\\Área de Trabalho\\TCC-SAAU\\vendor\\laravel\\framework\\src\\Illuminate\\Pipeline\\Pipeline.php(183): Illuminate\\Session\\Middleware\\StartSession->handle(Object(Illuminate\\Http\\Request), Object(Closure))
#38 C:\\Users\\eutei\\OneDrive\\Área de Trabalho\\TCC-SAAU\\vendor\\laravel\\framework\\src\\Illuminate\\Cookie\\Middleware\\AddQueuedCookiesToResponse.php(37): Illuminate\\Pipeline\\Pipeline->Illuminate\\Pipeline\\{closure}(Object(Illuminate\\Http\\Request))
#39 C:\\Users\\eutei\\OneDrive\\Área de Trabalho\\TCC-SAAU\\vendor\\laravel\\framework\\src\\Illuminate\\Pipeline\\Pipeline.php(183): Illuminate\\Cookie\\Middleware\\AddQueuedCookiesToResponse->handle(Object(Illuminate\\Http\\Request), Object(Closure))
#40 C:\\Users\\eutei\\OneDrive\\Área de Trabalho\\TCC-SAAU\\vendor\\laravel\\framework\\src\\Illuminate\\Cookie\\Middleware\\EncryptCookies.php(67): Illuminate\\Pipeline\\Pipeline->Illuminate\\Pipeline\\{closure}(Object(Illuminate\\Http\\Request))
#41 C:\\Users\\eutei\\OneDrive\\Área de Trabalho\\TCC-SAAU\\vendor\\laravel\\framework\\src\\Illuminate\\Pipeline\\Pipeline.php(183): Illuminate\\Cookie\\Middleware\\EncryptCookies->handle(Object(Illuminate\\Http\\Request), Object(Closure))
#42 C:\\Users\\eutei\\OneDrive\\Área de Trabalho\\TCC-SAAU\\vendor\\laravel\\framework\\src\\Illuminate\\Pipeline\\Pipeline.php(119): Illuminate\\Pipeline\\Pipeline->Illuminate\\Pipeline\\{closure}(Object(Illuminate\\Http\\Request))
#43 C:\\Users\\eutei\\OneDrive\\Área de Trabalho\\TCC-SAAU\\vendor\\laravel\\framework\\src\\Illuminate\\Routing\\Router.php(805): Illuminate\\Pipeline\\Pipeline->then(Object(Closure))
#44 C:\\Users\\eutei\\OneDrive\\Área de Trabalho\\TCC-SAAU\\vendor\\laravel\\framework\\src\\Illuminate\\Routing\\Router.php(784): Illuminate\\Routing\\Router->runRouteWithinStack(Object(Illuminate\\Routing\\Route), Object(Illuminate\\Http\\Request))
#45 C:\\Users\\eutei\\OneDrive\\Área de Trabalho\\TCC-SAAU\\vendor\\laravel\\framework\\src\\Illuminate\\Routing\\Router.php(748): Illuminate\\Routing\\Router->runRoute(Object(Illuminate\\Http\\Request), Object(Illuminate\\Routing\\Route))
#46 C:\\Users\\eutei\\OneDrive\\Área de Trabalho\\TCC-SAAU\\vendor\\laravel\\framework\\src\\Illuminate\\Routing\\Router.php(737): Illuminate\\Routing\\Router->dispatchToRoute(Object(Illuminate\\Http\\Request))
#47 C:\\Users\\eutei\\OneDrive\\Área de Trabalho\\TCC-SAAU\\vendor\\laravel\\framework\\src\\Illuminate\\Foundation\\Http\\Kernel.php(200): Illuminate\\Routing\\Router->dispatch(Object(Illuminate\\Http\\Request))
#48 C:\\Users\\eutei\\OneDrive\\Área de Trabalho\\TCC-SAAU\\vendor\\laravel\\framework\\src\\Illuminate\\Pipeline\\Pipeline.php(144): Illuminate\\Foundation\\Http\\Kernel->Illuminate\\Foundation\\Http\\{closure}(Object(Illuminate\\Http\\Request))
#49 C:\\Users\\eutei\\OneDrive\\Área de Trabalho\\TCC-SAAU\\vendor\\laravel\\framework\\src\\Illuminate\\Foundation\\Http\\Middleware\\TransformsRequest.php(21): Illuminate\\Pipeline\\Pipeline->Illuminate\\Pipeline\\{closure}(Object(Illuminate\\Http\\Request))
#50 C:\\Users\\eutei\\OneDrive\\Área de Trabalho\\TCC-SAAU\\vendor\\laravel\\framework\\src\\Illuminate\\Foundation\\Http\\Middleware\\ConvertEmptyStringsToNull.php(31): Illuminate\\Foundation\\Http\\Middleware\\TransformsRequest->handle(Object(Illuminate\\Http\\Request), Object(Closure))
#51 C:\\Users\\eutei\\OneDrive\\Área de Trabalho\\TCC-SAAU\\vendor\\laravel\\framework\\src\\Illuminate\\Pipeline\\Pipeline.php(183): Illuminate\\Foundation\\Http\\Middleware\\ConvertEmptyStringsToNull->handle(Object(Illuminate\\Http\\Request), Object(Closure))
#52 C:\\Users\\eutei\\OneDrive\\Área de Trabalho\\TCC-SAAU\\vendor\\laravel\\framework\\src\\Illuminate\\Foundation\\Http\\Middleware\\TransformsRequest.php(21): Illuminate\\Pipeline\\Pipeline->Illuminate\\Pipeline\\{closure}(Object(Illuminate\\Http\\Request))
#53 C:\\Users\\eutei\\OneDrive\\Área de Trabalho\\TCC-SAAU\\vendor\\laravel\\framework\\src\\Illuminate\\Foundation\\Http\\Middleware\\TrimStrings.php(40): Illuminate\\Foundation\\Http\\Middleware\\TransformsRequest->handle(Object(Illuminate\\Http\\Request), Object(Closure))
#54 C:\\Users\\eutei\\OneDrive\\Área de Trabalho\\TCC-SAAU\\vendor\\laravel\\framework\\src\\Illuminate\\Pipeline\\Pipeline.php(183): Illuminate\\Foundation\\Http\\Middleware\\TrimStrings->handle(Object(Illuminate\\Http\\Request), Object(Closure))
#55 C:\\Users\\eutei\\OneDrive\\Área de Trabalho\\TCC-SAAU\\vendor\\laravel\\framework\\src\\Illuminate\\Foundation\\Http\\Middleware\\ValidatePostSize.php(27): Illuminate\\Pipeline\\Pipeline->Illuminate\\Pipeline\\{closure}(Object(Illuminate\\Http\\Request))
#56 C:\\Users\\eutei\\OneDrive\\Área de Trabalho\\TCC-SAAU\\vendor\\laravel\\framework\\src\\Illuminate\\Pipeline\\Pipeline.php(183): Illuminate\\Foundation\\Http\\Middleware\\ValidatePostSize->handle(Object(Illuminate\\Http\\Request), Object(Closure))
#57 C:\\Users\\eutei\\OneDrive\\Área de Trabalho\\TCC-SAAU\\vendor\\laravel\\framework\\src\\Illuminate\\Foundation\\Http\\Middleware\\PreventRequestsDuringMaintenance.php(99): Illuminate\\Pipeline\\Pipeline->Illuminate\\Pipeline\\{closure}(Object(Illuminate\\Http\\Request))
#58 C:\\Users\\eutei\\OneDrive\\Área de Trabalho\\TCC-SAAU\\vendor\\laravel\\framework\\src\\Illuminate\\Pipeline\\Pipeline.php(183): Illuminate\\Foundation\\Http\\Middleware\\PreventRequestsDuringMaintenance->handle(Object(Illuminate\\Http\\Request), Object(Closure))
#59 C:\\Users\\eutei\\OneDrive\\Área de Trabalho\\TCC-SAAU\\vendor\\laravel\\framework\\src\\Illuminate\\Http\\Middleware\\HandleCors.php(49): Illuminate\\Pipeline\\Pipeline->Illuminate\\Pipeline\\{closure}(Object(Illuminate\\Http\\Request))
#60 C:\\Users\\eutei\\OneDrive\\Área de Trabalho\\TCC-SAAU\\vendor\\laravel\\framework\\src\\Illuminate\\Pipeline\\Pipeline.php(183): Illuminate\\Http\\Middleware\\HandleCors->handle(Object(Illuminate\\Http\\Request), Object(Closure))
#61 C:\\Users\\eutei\\OneDrive\\Área de Trabalho\\TCC-SAAU\\vendor\\laravel\\framework\\src\\Illuminate\\Http\\Middleware\\TrustProxies.php(39): Illuminate\\Pipeline\\Pipeline->Illuminate\\Pipeline\\{closure}(Object(Illuminate\\Http\\Request))
#62 C:\\Users\\eutei\\OneDrive\\Área de Trabalho\\TCC-SAAU\\vendor\\laravel\\framework\\src\\Illuminate\\Pipeline\\Pipeline.php(183): Illuminate\\Http\\Middleware\\TrustProxies->handle(Object(Illuminate\\Http\\Request), Object(Closure))
#63 C:\\Users\\eutei\\OneDrive\\Área de Trabalho\\TCC-SAAU\\vendor\\laravel\\framework\\src\\Illuminate\\Pipeline\\Pipeline.php(119): Illuminate\\Pipeline\\Pipeline->Illuminate\\Pipeline\\{closure}(Object(Illuminate\\Http\\Request))
#64 C:\\Users\\eutei\\OneDrive\\Área de Trabalho\\TCC-SAAU\\vendor\\laravel\\framework\\src\\Illuminate\\Foundation\\Http\\Kernel.php(175): Illuminate\\Pipeline\\Pipeline->then(Object(Closure))
#65 C:\\Users\\eutei\\OneDrive\\Área de Trabalho\\TCC-SAAU\\vendor\\laravel\\framework\\src\\Illuminate\\Foundation\\Http\\Kernel.php(144): Illuminate\\Foundation\\Http\\Kernel->sendRequestThroughRouter(Object(Illuminate\\Http\\Request))
#66 C:\\Users\\eutei\\OneDrive\\Área de Trabalho\\TCC-SAAU\\public\\index.php(51): Illuminate\\Foundation\\Http\\Kernel->handle(Object(Illuminate\\Http\\Request))
#67 C:\\Users\\eutei\\OneDrive\\Área de Trabalho\\TCC-SAAU\\vendor\\laravel\\framework\\src\\Illuminate\\Foundation\\resources\\server.php(16): require_once('C:\\\\Users\\\\eutei\\\\...')
#68 {main}
"} 
[2025-11-22 21:30:18] local.ERROR: filemtime(): stat failed for C:\Users\eutei\OneDrive\Área de Trabalho\TCC-SAAU\.env {"exception":"[object] (ErrorException(code: 0): filemtime(): stat failed for C:\\Users\\eutei\\OneDrive\\Área de Trabalho\\TCC-SAAU\\.env at C:\\Users\\eutei\\OneDrive\\Área de Trabalho\\TCC-SAAU\\vendor\\laravel\\framework\\src\\Illuminate\\Foundation\\Console\\ServeCommand.php:102)
[stacktrace]
#0 C:\\Users\\eutei\\OneDrive\\Área de Trabalho\\TCC-SAAU\\vendor\\laravel\\framework\\src\\Illuminate\\Foundation\\Bootstrap\\HandleExceptions.php(255): Illuminate\\Foundation\\Bootstrap\\HandleExceptions->handleError(2, 'filemtime(): st...', 'C:\\\\Users\\\\eutei\\\\...', 102)
#1 [internal function]: Illuminate\\Foundation\\Bootstrap\\HandleExceptions->Illuminate\\Foundation\\Bootstrap\\{closure}(2, 'filemtime(): st...', 'C:\\\\Users\\\\eutei\\\\...', 102)
#2 C:\\Users\\eutei\\OneDrive\\Área de Trabalho\\TCC-SAAU\\vendor\\laravel\\framework\\src\\Illuminate\\Foundation\\Console\\ServeCommand.php(102): filemtime('C:\\\\Users\\\\eutei\\\\...')
#3 C:\\Users\\eutei\\OneDrive\\Área de Trabalho\\TCC-SAAU\\vendor\\laravel\\framework\\src\\Illuminate\\Container\\BoundMethod.php(36): Illuminate\\Foundation\\Console\\ServeCommand->handle()
#4 C:\\Users\\eutei\\OneDrive\\Área de Trabalho\\TCC-SAAU\\vendor\\laravel\\framework\\src\\Illuminate\\Container\\Util.php(41): Illuminate\\Container\\BoundMethod::Illuminate\\Container\\{closure}()
#5 C:\\Users\\eutei\\OneDrive\\Área de Trabalho\\TCC-SAAU\\vendor\\laravel\\framework\\src\\Illuminate\\Container\\BoundMethod.php(93): Illuminate\\Container\\Util::unwrapIfClosure(Object(Closure))
#6 C:\\Users\\eutei\\OneDrive\\Área de Trabalho\\TCC-SAAU\\vendor\\laravel\\framework\\src\\Illuminate\\Container\\BoundMethod.php(35): Illuminate\\Container\\BoundMethod::callBoundMethod(Object(Illuminate\\Foundation\\Application), Array, Object(Closure))
#7 C:\\Users\\eutei\\OneDrive\\Área de Trabalho\\TCC-SAAU\\vendor\\laravel\\framework\\src\\Illuminate\\Container\\Container.php(662): Illuminate\\Container\\BoundMethod::call(Object(Illuminate\\Foundation\\Application), Array, Array, NULL)
#8 C:\\Users\\eutei\\OneDrive\\Área de Trabalho\\TCC-SAAU\\vendor\\laravel\\framework\\src\\Illuminate\\Console\\Command.php(211): Illuminate\\Container\\Container->call(Array)
#9 C:\\Users\\eutei\\OneDrive\\Área de Trabalho\\TCC-SAAU\\vendor\\symfony\\console\\Command\\Command.php(326): Illuminate\\Console\\Command->execute(Object(Symfony\\Component\\Console\\Input\\ArgvInput), Object(Illuminate\\Console\\OutputStyle))
#10 C:\\Users\\eutei\\OneDrive\\Área de Trabalho\\TCC-SAAU\\vendor\\laravel\\framework\\src\\Illuminate\\Console\\Command.php(180): Symfony\\Component\\Console\\Command\\Command->run(Object(Symfony\\Component\\Console\\Input\\ArgvInput), Object(Illuminate\\Console\\OutputStyle))
#11 C:\\Users\\eutei\\OneDrive\\Área de Trabalho\\TCC-SAAU\\vendor\\symfony\\console\\Application.php(1088): Illuminate\\Console\\Command->run(Object(Symfony\\Component\\Console\\Input\\ArgvInput), Object(Symfony\\Component\\Console\\Output\\ConsoleOutput))
#12 C:\\Users\\eutei\\OneDrive\\Área de Trabalho\\TCC-SAAU\\vendor\\symfony\\console\\Application.php(324): Symfony\\Component\\Console\\Application->doRunCommand(Object(Illuminate\\Foundation\\Console\\ServeCommand), Object(Symfony\\Component\\Console\\Input\\ArgvInput), Object(Symfony\\Component\\Console\\Output\\ConsoleOutput))
#13 C:\\Users\\eutei\\OneDrive\\Área de Trabalho\\TCC-SAAU\\vendor\\symfony\\console\\Application.php(175): Symfony\\Component\\Console\\Application->doRun(Object(Symfony\\Component\\Console\\Input\\ArgvInput), Object(Symfony\\Component\\Console\\Output\\ConsoleOutput))
#14 C:\\Users\\eutei\\OneDrive\\Área de Trabalho\\TCC-SAAU\\vendor\\laravel\\framework\\src\\Illuminate\\Foundation\\Console\\Kernel.php(201): Symfony\\Component\\Console\\Application->run(Object(Symfony\\Component\\Console\\Input\\ArgvInput), Object(Symfony\\Component\\Console\\Output\\ConsoleOutput))
#15 C:\\Users\\eutei\\OneDrive\\Área de Trabalho\\TCC-SAAU\\artisan(35): Illuminate\\Foundation\\Console\\Kernel->handle(Object(Symfony\\Component\\Console\\Input\\ArgvInput), Object(Symfony\\Component\\Console\\Output\\ConsoleOutput))
#16 {main}
"} 
